codigo_municipio,uf,nome_municipio,municipio_uf,,,,,,,,,,,,,,
1100015,Rondônia,Alta Floresta D'Oeste,Alta Floresta D'Oeste - Rondônia,,,,,,,,,,,,,,
1100379,Rondônia,Alto Alegre dos Parecis,Alto Alegre dos Parecis - Rondônia,,,,,,,,,,,,,,
1100403,Rondônia,Alto Paraíso,Alto Paraíso - Rondônia,,,,,,,,,,,,,,
1100346,Rondônia,Alvorada D'Oeste,Alvorada D'Oeste - Rondônia,,,,,,,,,,,,,,
1100023,Rondônia,Ariquemes,Ariquemes - Rondônia,,,,,,,,,,,,,,
1100452,Rondônia,Buritis,Buritis - Rondônia,,,,,,,,,,,,,,
1100031,Rondônia,Cabixi,Cabixi - Rondônia,,,,,,,,,,,,,,
1100601,Rondônia,Cacaulândia,Cacaulândia - Rondônia,,,,,,,,,,,,,,
1100049,Rondônia,Cacoal,Cacoal - Rondônia,,,,,,,,,,,,,,
1100700,Rondônia,Campo Novo de Rondônia,Campo Novo de Rondônia - Rondônia,,,,,,,,,,,,,,
1100809,Rondônia,Candeias do Jamari,Candeias do Jamari - Rondônia,,,,,,,,,,,,,,
1100908,Rondônia,Castanheiras,Castanheiras - Rondônia,,,,,,,,,,,,,,
1100056,Rondônia,Cerejeiras,Cerejeiras - Rondônia,,,,,,,,,,,,,,
1100924,Rondônia,Chupinguaia,Chupinguaia - Rondônia,,,,,,,,,,,,,,
1100064,Rondônia,Colorado do Oeste,Colorado do Oeste - Rondônia,,,,,,,,,,,,,,
1100072,Rondônia,Corumbiara,Corumbiara - Rondônia,,,,,,,,,,,,,,
1100080,Rondônia,Costa Marques,Costa Marques - Rondônia,,,,,,,,,,,,,,
1100940,Rondônia,Cujubim,Cujubim - Rondônia,,,,,,,,,,,,,,
1100098,Rondônia,Espigão D'Oeste,Espigão D'Oeste - Rondônia,,,,,,,,,,,,,,
1101005,Rondônia,Governador Jorge Teixeira,Governador Jorge Teixeira - Rondônia,,,,,,,,,,,,,,
1100106,Rondônia,Guajará-Mirim,Guajará-Mirim - Rondônia,,,,,,,,,,,,,,
1101104,Rondônia,Itapuã do Oeste,Itapuã do Oeste - Rondônia,,,,,,,,,,,,,,
1100114,Rondônia,Jaru,Jaru - Rondônia,,,,,,,,,,,,,,
1100122,Rondônia,Ji-Paraná,Ji-Paraná - Rondônia,,,,,,,,,,,,,,
1100130,Rondônia,Machadinho D'Oeste,Machadinho D'Oeste - Rondônia,,,,,,,,,,,,,,
1101203,Rondônia,Ministro Andreazza,Ministro Andreazza - Rondônia,,,,,,,,,,,,,,
1101302,Rondônia,Mirante da Serra,Mirante da Serra - Rondônia,,,,,,,,,,,,,,
1101401,Rondônia,Monte Negro,Monte Negro - Rondônia,,,,,,,,,,,,,,
1100148,Rondônia,Nova Brasilândia D'Oeste,Nova Brasilândia D'Oeste - Rondônia,,,,,,,,,,,,,,
1100338,Rondônia,Nova Mamoré,Nova Mamoré - Rondônia,,,,,,,,,,,,,,
1101435,Rondônia,Nova União,Nova União - Rondônia,,,,,,,,,,,,,,
1100502,Rondônia,Novo Horizonte do Oeste,Novo Horizonte do Oeste - Rondônia,,,,,,,,,,,,,,
1100155,Rondônia,Ouro Preto do Oeste,Ouro Preto do Oeste - Rondônia,,,,,,,,,,,,,,
1101450,Rondônia,Parecis,Parecis - Rondônia,,,,,,,,,,,,,,
1100189,Rondônia,Pimenta Bueno,Pimenta Bueno - Rondônia,,,,,,,,,,,,,,
1101468,Rondônia,Pimenteiras do Oeste,Pimenteiras do Oeste - Rondônia,,,,,,,,,,,,,,
1100205,Rondônia,Porto Velho,Porto Velho - Rondônia,,,,,,,,,,,,,,
1100254,Rondônia,Presidente Médici,Presidente Médici - Rondônia,,,,,,,,,,,,,,
1101476,Rondônia,Primavera de Rondônia,Primavera de Rondônia - Rondônia,,,,,,,,,,,,,,
1100262,Rondônia,Rio Crespo,Rio Crespo - Rondônia,,,,,,,,,,,,,,
1100288,Rondônia,Rolim de Moura,Rolim de Moura - Rondônia,,,,,,,,,,,,,,
1100296,Rondônia,Santa Luzia D'Oeste,Santa Luzia D'Oeste - Rondônia,,,,,,,,,,,,,,
1101484,Rondônia,São Felipe D'Oeste,São Felipe D'Oeste - Rondônia,,,,,,,,,,,,,,
1101492,Rondônia,São Francisco do Guaporé,São Francisco do Guaporé - Rondônia,,,,,,,,,,,,,,
1100320,Rondônia,São Miguel do Guaporé,São Miguel do Guaporé - Rondônia,,,,,,,,,,,,,,
1101500,Rondônia,Seringueiras,Seringueiras - Rondônia,,,,,,,,,,,,,,
1101559,Rondônia,Teixeirópolis,Teixeirópolis - Rondônia,,,,,,,,,,,,,,
1101609,Rondônia,Theobroma,Theobroma - Rondônia,,,,,,,,,,,,,,
1101708,Rondônia,Urupá,Urupá - Rondônia,,,,,,,,,,,,,,
1101757,Rondônia,Vale do Anari,Vale do Anari - Rondônia,,,,,,,,,,,,,,
1101807,Rondônia,Vale do Paraíso,Vale do Paraíso - Rondônia,,,,,,,,,,,,,,
1100304,Rondônia,Vilhena,Vilhena - Rondônia,,,,,,,,,,,,,,
1200013,Acre,Acrelândia,Acrelândia - Acre,,,,,,,,,,,,,,
1200054,Acre,Assis Brasil,Assis Brasil - Acre,,,,,,,,,,,,,,
1200104,Acre,Brasiléia,Brasiléia - Acre,,,,,,,,,,,,,,
1200138,Acre,Bujari,Bujari - Acre,,,,,,,,,,,,,,
1200179,Acre,Capixaba,Capixaba - Acre,,,,,,,,,,,,,,
1200203,Acre,Cruzeiro do Sul,Cruzeiro do Sul - Acre,,,,,,,,,,,,,,
1200252,Acre,Epitaciolândia,Epitaciolândia - Acre,,,,,,,,,,,,,,
1200302,Acre,Feijó,Feijó - Acre,,,,,,,,,,,,,,
1200328,Acre,Jordão,Jordão - Acre,,,,,,,,,,,,,,
1200336,Acre,Mâncio Lima,Mâncio Lima - Acre,,,,,,,,,,,,,,
1200344,Acre,Manoel Urbano,Manoel Urbano - Acre,,,,,,,,,,,,,,
1200351,Acre,Marechal Thaumaturgo,Marechal Thaumaturgo - Acre,,,,,,,,,,,,,,
1200385,Acre,Plácido de Castro,Plácido de Castro - Acre,,,,,,,,,,,,,,
1200807,Acre,Porto Acre,Porto Acre - Acre,,,,,,,,,,,,,,
1200393,Acre,Porto Walter,Porto Walter - Acre,,,,,,,,,,,,,,
1200401,Acre,Rio Branco,Rio Branco - Acre,,,,,,,,,,,,,,
1200427,Acre,Rodrigues Alves,Rodrigues Alves - Acre,,,,,,,,,,,,,,
1200435,Acre,Santa Rosa do Purus,Santa Rosa do Purus - Acre,,,,,,,,,,,,,,
1200500,Acre,Sena Madureira,Sena Madureira - Acre,,,,,,,,,,,,,,
1200450,Acre,Senador Guiomard,Senador Guiomard - Acre,,,,,,,,,,,,,,
1200609,Acre,Tarauacá,Tarauacá - Acre,,,,,,,,,,,,,,
1200708,Acre,Xapuri,Xapuri - Acre,,,,,,,,,,,,,,
1300029,Amazonas,Alvarães,Alvarães - Amazonas,,,,,,,,,,,,,,
1300060,Amazonas,Amaturá,Amaturá - Amazonas,,,,,,,,,,,,,,
1300086,Amazonas,Anamã,Anamã - Amazonas,,,,,,,,,,,,,,
1300102,Amazonas,Anori,Anori - Amazonas,,,,,,,,,,,,,,
1300144,Amazonas,Apuí,Apuí - Amazonas,,,,,,,,,,,,,,
1300201,Amazonas,Atalaia do Norte,Atalaia do Norte - Amazonas,,,,,,,,,,,,,,
1300300,Amazonas,Autazes,Autazes - Amazonas,,,,,,,,,,,,,,
1300409,Amazonas,Barcelos,Barcelos - Amazonas,,,,,,,,,,,,,,
1300508,Amazonas,Barreirinha,Barreirinha - Amazonas,,,,,,,,,,,,,,
1300607,Amazonas,Benjamin Constant,Benjamin Constant - Amazonas,,,,,,,,,,,,,,
1300631,Amazonas,Beruri,Beruri - Amazonas,,,,,,,,,,,,,,
1300680,Amazonas,Boa Vista do Ramos,Boa Vista do Ramos - Amazonas,,,,,,,,,,,,,,
1300706,Amazonas,Boca do Acre,Boca do Acre - Amazonas,,,,,,,,,,,,,,
1300805,Amazonas,Borba,Borba - Amazonas,,,,,,,,,,,,,,
1300839,Amazonas,Caapiranga,Caapiranga - Amazonas,,,,,,,,,,,,,,
1300904,Amazonas,Canutama,Canutama - Amazonas,,,,,,,,,,,,,,
1301001,Amazonas,Carauari,Carauari - Amazonas,,,,,,,,,,,,,,
1301100,Amazonas,Careiro,Careiro - Amazonas,,,,,,,,,,,,,,
1301159,Amazonas,Careiro da Várzea,Careiro da Várzea - Amazonas,,,,,,,,,,,,,,
1301209,Amazonas,Coari,Coari - Amazonas,,,,,,,,,,,,,,
1301308,Amazonas,Codajás,Codajás - Amazonas,,,,,,,,,,,,,,
1301407,Amazonas,Eirunepé,Eirunepé - Amazonas,,,,,,,,,,,,,,
1301506,Amazonas,Envira,Envira - Amazonas,,,,,,,,,,,,,,
1301605,Amazonas,Fonte Boa,Fonte Boa - Amazonas,,,,,,,,,,,,,,
1301654,Amazonas,Guajará,Guajará - Amazonas,,,,,,,,,,,,,,
1301704,Amazonas,Humaitá,Humaitá - Amazonas,,,,,,,,,,,,,,
1301803,Amazonas,Ipixuna,Ipixuna - Amazonas,,,,,,,,,,,,,,
1301852,Amazonas,Iranduba,Iranduba - Amazonas,,,,,,,,,,,,,,
1301902,Amazonas,Itacoatiara,Itacoatiara - Amazonas,,,,,,,,,,,,,,
1301951,Amazonas,Itamarati,Itamarati - Amazonas,,,,,,,,,,,,,,
1302009,Amazonas,Itapiranga,Itapiranga - Amazonas,,,,,,,,,,,,,,
1302108,Amazonas,Japurá,Japurá - Amazonas,,,,,,,,,,,,,,
1302207,Amazonas,Juruá,Juruá - Amazonas,,,,,,,,,,,,,,
1302306,Amazonas,Jutaí,Jutaí - Amazonas,,,,,,,,,,,,,,
1302405,Amazonas,Lábrea,Lábrea - Amazonas,,,,,,,,,,,,,,
1302504,Amazonas,Manacapuru,Manacapuru - Amazonas,,,,,,,,,,,,,,
1302553,Amazonas,Manaquiri,Manaquiri - Amazonas,,,,,,,,,,,,,,
1302603,Amazonas,Manaus,Manaus - Amazonas,,,,,,,,,,,,,,
1302702,Amazonas,Manicoré,Manicoré - Amazonas,,,,,,,,,,,,,,
1302801,Amazonas,Maraã,Maraã - Amazonas,,,,,,,,,,,,,,
1302900,Amazonas,Maués,Maués - Amazonas,,,,,,,,,,,,,,
1303007,Amazonas,Nhamundá,Nhamundá - Amazonas,,,,,,,,,,,,,,
1303106,Amazonas,Nova Olinda do Norte,Nova Olinda do Norte - Amazonas,,,,,,,,,,,,,,
1303205,Amazonas,Novo Airão,Novo Airão - Amazonas,,,,,,,,,,,,,,
1303304,Amazonas,Novo Aripuanã,Novo Aripuanã - Amazonas,,,,,,,,,,,,,,
1303403,Amazonas,Parintins,Parintins - Amazonas,,,,,,,,,,,,,,
1303502,Amazonas,Pauini,Pauini - Amazonas,,,,,,,,,,,,,,
1303536,Amazonas,Presidente Figueiredo,Presidente Figueiredo - Amazonas,,,,,,,,,,,,,,
1303569,Amazonas,Rio Preto da Eva,Rio Preto da Eva - Amazonas,,,,,,,,,,,,,,
1303601,Amazonas,Santa Isabel do Rio Negro,Santa Isabel do Rio Negro - Amazonas,,,,,,,,,,,,,,
1303700,Amazonas,Santo Antônio do Içá,Santo Antônio do Içá - Amazonas,,,,,,,,,,,,,,
1303809,Amazonas,São Gabriel da Cachoeira,São Gabriel da Cachoeira - Amazonas,,,,,,,,,,,,,,
1303908,Amazonas,São Paulo de Olivença,São Paulo de Olivença - Amazonas,,,,,,,,,,,,,,
1303957,Amazonas,São Sebastião do Uatumã,São Sebastião do Uatumã - Amazonas,,,,,,,,,,,,,,
1304005,Amazonas,Silves,Silves - Amazonas,,,,,,,,,,,,,,
1304062,Amazonas,Tabatinga,Tabatinga - Amazonas,,,,,,,,,,,,,,
1304104,Amazonas,Tapauá,Tapauá - Amazonas,,,,,,,,,,,,,,
1304203,Amazonas,Tefé,Tefé - Amazonas,,,,,,,,,,,,,,
1304237,Amazonas,Tonantins,Tonantins - Amazonas,,,,,,,,,,,,,,
1304260,Amazonas,Uarini,Uarini - Amazonas,,,,,,,,,,,,,,
1304302,Amazonas,Urucará,Urucará - Amazonas,,,,,,,,,,,,,,
1304401,Amazonas,Urucurituba,Urucurituba - Amazonas,,,,,,,,,,,,,,
1400050,Roraima,Alto Alegre,Alto Alegre - Roraima,,,,,,,,,,,,,,
1400027,Roraima,Amajari,Amajari - Roraima,,,,,,,,,,,,,,
1400100,Roraima,Boa Vista,Boa Vista - Roraima,,,,,,,,,,,,,,
1400159,Roraima,Bonfim,Bonfim - Roraima,,,,,,,,,,,,,,
1400175,Roraima,Cantá,Cantá - Roraima,,,,,,,,,,,,,,
1400209,Roraima,Caracaraí,Caracaraí - Roraima,,,,,,,,,,,,,,
1400233,Roraima,Caroebe,Caroebe - Roraima,,,,,,,,,,,,,,
1400282,Roraima,Iracema,Iracema - Roraima,,,,,,,,,,,,,,
1400308,Roraima,Mucajaí,Mucajaí - Roraima,,,,,,,,,,,,,,
1400407,Roraima,Normandia,Normandia - Roraima,,,,,,,,,,,,,,
1400456,Roraima,Pacaraima,Pacaraima - Roraima,,,,,,,,,,,,,,
1400472,Roraima,Rorainópolis,Rorainópolis - Roraima,,,,,,,,,,,,,,
1400506,Roraima,São João da Baliza,São João da Baliza - Roraima,,,,,,,,,,,,,,
1400605,Roraima,São Luiz,São Luiz - Roraima,,,,,,,,,,,,,,
1400704,Roraima,Uiramutã,Uiramutã - Roraima,,,,,,,,,,,,,,
1500107,Pará,Abaetetuba,Abaetetuba - Pará,,,,,,,,,,,,,,
1500131,Pará,Abel Figueiredo,Abel Figueiredo - Pará,,,,,,,,,,,,,,
1500206,Pará,Acará,Acará - Pará,,,,,,,,,,,,,,
1500305,Pará,Afuá,Afuá - Pará,,,,,,,,,,,,,,
1500347,Pará,Água Azul do Norte,Água Azul do Norte - Pará,,,,,,,,,,,,,,
1500404,Pará,Alenquer,Alenquer - Pará,,,,,,,,,,,,,,
1500503,Pará,Almeirim,Almeirim - Pará,,,,,,,,,,,,,,
1500602,Pará,Altamira,Altamira - Pará,,,,,,,,,,,,,,
1500701,Pará,Anajás,Anajás - Pará,,,,,,,,,,,,,,
1500800,Pará,Ananindeua,Ananindeua - Pará,,,,,,,,,,,,,,
1500859,Pará,Anapu,Anapu - Pará,,,,,,,,,,,,,,
1500909,Pará,Augusto Corrêa,Augusto Corrêa - Pará,,,,,,,,,,,,,,
1500958,Pará,Aurora do Pará,Aurora do Pará - Pará,,,,,,,,,,,,,,
1501006,Pará,Aveiro,Aveiro - Pará,,,,,,,,,,,,,,
1501105,Pará,Bagre,Bagre - Pará,,,,,,,,,,,,,,
1501204,Pará,Baião,Baião - Pará,,,,,,,,,,,,,,
1501253,Pará,Bannach,Bannach - Pará,,,,,,,,,,,,,,
1501303,Pará,Barcarena,Barcarena - Pará,,,,,,,,,,,,,,
1501402,Pará,Belém,Belém - Pará,,,,,,,,,,,,,,
1501451,Pará,Belterra,Belterra - Pará,,,,,,,,,,,,,,
1501501,Pará,Benevides,Benevides - Pará,,,,,,,,,,,,,,
1501576,Pará,Bom Jesus do Tocantins,Bom Jesus do Tocantins - Pará,,,,,,,,,,,,,,
1501600,Pará,Bonito,Bonito - Pará,,,,,,,,,,,,,,
1501709,Pará,Bragança,Bragança - Pará,,,,,,,,,,,,,,
1501725,Pará,Brasil Novo,Brasil Novo - Pará,,,,,,,,,,,,,,
1501758,Pará,Brejo Grande do Araguaia,Brejo Grande do Araguaia - Pará,,,,,,,,,,,,,,
1501782,Pará,Breu Branco,Breu Branco - Pará,,,,,,,,,,,,,,
1501808,Pará,Breves,Breves - Pará,,,,,,,,,,,,,,
1501907,Pará,Bujaru,Bujaru - Pará,,,,,,,,,,,,,,
1502004,Pará,Cachoeira do Arari,Cachoeira do Arari - Pará,,,,,,,,,,,,,,
1501956,Pará,Cachoeira do Piriá,Cachoeira do Piriá - Pará,,,,,,,,,,,,,,
1502103,Pará,Cametá,Cametá - Pará,,,,,,,,,,,,,,
1502152,Pará,Canaã dos Carajás,Canaã dos Carajás - Pará,,,,,,,,,,,,,,
1502202,Pará,Capanema,Capanema - Pará,,,,,,,,,,,,,,
1502301,Pará,Capitão Poço,Capitão Poço - Pará,,,,,,,,,,,,,,
1502400,Pará,Castanhal,Castanhal - Pará,,,,,,,,,,,,,,
1502509,Pará,Chaves,Chaves - Pará,,,,,,,,,,,,,,
1502608,Pará,Colares,Colares - Pará,,,,,,,,,,,,,,
1502707,Pará,Conceição do Araguaia,Conceição do Araguaia - Pará,,,,,,,,,,,,,,
1502756,Pará,Concórdia do Pará,Concórdia do Pará - Pará,,,,,,,,,,,,,,
1502764,Pará,Cumaru do Norte,Cumaru do Norte - Pará,,,,,,,,,,,,,,
1502772,Pará,Curionópolis,Curionópolis - Pará,,,,,,,,,,,,,,
1502806,Pará,Curralinho,Curralinho - Pará,,,,,,,,,,,,,,
1502855,Pará,Curuá,Curuá - Pará,,,,,,,,,,,,,,
1502905,Pará,Curuçá,Curuçá - Pará,,,,,,,,,,,,,,
1502939,Pará,Dom Eliseu,Dom Eliseu - Pará,,,,,,,,,,,,,,
1502954,Pará,Eldorado do Carajás,Eldorado do Carajás - Pará,,,,,,,,,,,,,,
1503002,Pará,Faro,Faro - Pará,,,,,,,,,,,,,,
1503044,Pará,Floresta do Araguaia,Floresta do Araguaia - Pará,,,,,,,,,,,,,,
1503077,Pará,Garrafão do Norte,Garrafão do Norte - Pará,,,,,,,,,,,,,,
1503093,Pará,Goianésia do Pará,Goianésia do Pará - Pará,,,,,,,,,,,,,,
1503101,Pará,Gurupá,Gurupá - Pará,,,,,,,,,,,,,,
1503200,Pará,Igarapé-Açu,Igarapé-Açu - Pará,,,,,,,,,,,,,,
1503309,Pará,Igarapé-Miri,Igarapé-Miri - Pará,,,,,,,,,,,,,,
1503408,Pará,Inhangapi,Inhangapi - Pará,,,,,,,,,,,,,,
1503457,Pará,Ipixuna do Pará,Ipixuna do Pará - Pará,,,,,,,,,,,,,,
1503507,Pará,Irituia,Irituia - Pará,,,,,,,,,,,,,,
1503606,Pará,Itaituba,Itaituba - Pará,,,,,,,,,,,,,,
1503705,Pará,Itupiranga,Itupiranga - Pará,,,,,,,,,,,,,,
1503754,Pará,Jacareacanga,Jacareacanga - Pará,,,,,,,,,,,,,,
1503804,Pará,Jacundá,Jacundá - Pará,,,,,,,,,,,,,,
1503903,Pará,Juruti,Juruti - Pará,,,,,,,,,,,,,,
1504000,Pará,Limoeiro do Ajuru,Limoeiro do Ajuru - Pará,,,,,,,,,,,,,,
1504059,Pará,Mãe do Rio,Mãe do Rio - Pará,,,,,,,,,,,,,,
1504109,Pará,Magalhães Barata,Magalhães Barata - Pará,,,,,,,,,,,,,,
1504208,Pará,Marabá,Marabá - Pará,,,,,,,,,,,,,,
1504307,Pará,Maracanã,Maracanã - Pará,,,,,,,,,,,,,,
1504406,Pará,Marapanim,Marapanim - Pará,,,,,,,,,,,,,,
1504422,Pará,Marituba,Marituba - Pará,,,,,,,,,,,,,,
1504455,Pará,Medicilândia,Medicilândia - Pará,,,,,,,,,,,,,,
1504505,Pará,Melgaço,Melgaço - Pará,,,,,,,,,,,,,,
1504604,Pará,Mocajuba,Mocajuba - Pará,,,,,,,,,,,,,,
1504703,Pará,Moju,Moju - Pará,,,,,,,,,,,,,,
1504752,Pará,Mojuí dos Campos,Mojuí dos Campos - Pará,,,,,,,,,,,,,,
1504802,Pará,Monte Alegre,Monte Alegre - Pará,,,,,,,,,,,,,,
1504901,Pará,Muaná,Muaná - Pará,,,,,,,,,,,,,,
1504950,Pará,Nova Esperança do Piriá,Nova Esperança do Piriá - Pará,,,,,,,,,,,,,,
1504976,Pará,Nova Ipixuna,Nova Ipixuna - Pará,,,,,,,,,,,,,,
1505007,Pará,Nova Timboteua,Nova Timboteua - Pará,,,,,,,,,,,,,,
1505031,Pará,Novo Progresso,Novo Progresso - Pará,,,,,,,,,,,,,,
1505064,Pará,Novo Repartimento,Novo Repartimento - Pará,,,,,,,,,,,,,,
1505106,Pará,Óbidos,Óbidos - Pará,,,,,,,,,,,,,,
1505205,Pará,Oeiras do Pará,Oeiras do Pará - Pará,,,,,,,,,,,,,,
1505304,Pará,Oriximiná,Oriximiná - Pará,,,,,,,,,,,,,,
1505403,Pará,Ourém,Ourém - Pará,,,,,,,,,,,,,,
1505437,Pará,Ourilândia do Norte,Ourilândia do Norte - Pará,,,,,,,,,,,,,,
1505486,Pará,Pacajá,Pacajá - Pará,,,,,,,,,,,,,,
1505494,Pará,Palestina do Pará,Palestina do Pará - Pará,,,,,,,,,,,,,,
1505502,Pará,Paragominas,Paragominas - Pará,,,,,,,,,,,,,,
1505536,Pará,Parauapebas,Parauapebas - Pará,,,,,,,,,,,,,,
1505551,Pará,Pau D'Arco,Pau D'Arco - Pará,,,,,,,,,,,,,,
1505601,Pará,Peixe-Boi,Peixe-Boi - Pará,,,,,,,,,,,,,,
1505635,Pará,Piçarra,Piçarra - Pará,,,,,,,,,,,,,,
1505650,Pará,Placas,Placas - Pará,,,,,,,,,,,,,,
1505700,Pará,Ponta de Pedras,Ponta de Pedras - Pará,,,,,,,,,,,,,,
1505809,Pará,Portel,Portel - Pará,,,,,,,,,,,,,,
1505908,Pará,Porto de Moz,Porto de Moz - Pará,,,,,,,,,,,,,,
1506005,Pará,Prainha,Prainha - Pará,,,,,,,,,,,,,,
1506104,Pará,Primavera,Primavera - Pará,,,,,,,,,,,,,,
1506112,Pará,Quatipuru,Quatipuru - Pará,,,,,,,,,,,,,,
1506138,Pará,Redenção,Redenção - Pará,,,,,,,,,,,,,,
1506161,Pará,Rio Maria,Rio Maria - Pará,,,,,,,,,,,,,,
1506187,Pará,Rondon do Pará,Rondon do Pará - Pará,,,,,,,,,,,,,,
1506195,Pará,Rurópolis,Rurópolis - Pará,,,,,,,,,,,,,,
1506203,Pará,Salinópolis,Salinópolis - Pará,,,,,,,,,,,,,,
1506302,Pará,Salvaterra,Salvaterra - Pará,,,,,,,,,,,,,,
1506351,Pará,Santa Bárbara do Pará,Santa Bárbara do Pará - Pará,,,,,,,,,,,,,,
1506401,Pará,Santa Cruz do Arari,Santa Cruz do Arari - Pará,,,,,,,,,,,,,,
1506500,Pará,Santa Izabel do Pará,Santa Izabel do Pará - Pará,,,,,,,,,,,,,,
1506559,Pará,Santa Luzia do Pará,Santa Luzia do Pará - Pará,,,,,,,,,,,,,,
1506583,Pará,Santa Maria das Barreiras,Santa Maria das Barreiras - Pará,,,,,,,,,,,,,,
1506609,Pará,Santa Maria do Pará,Santa Maria do Pará - Pará,,,,,,,,,,,,,,
1506708,Pará,Santana do Araguaia,Santana do Araguaia - Pará,,,,,,,,,,,,,,
1506807,Pará,Santarém,Santarém - Pará,,,,,,,,,,,,,,
1506906,Pará,Santarém Novo,Santarém Novo - Pará,,,,,,,,,,,,,,
1507003,Pará,Santo Antônio do Tauá,Santo Antônio do Tauá - Pará,,,,,,,,,,,,,,
1507102,Pará,São Caetano de Odivelas,São Caetano de Odivelas - Pará,,,,,,,,,,,,,,
1507151,Pará,São Domingos do Araguaia,São Domingos do Araguaia - Pará,,,,,,,,,,,,,,
1507201,Pará,São Domingos do Capim,São Domingos do Capim - Pará,,,,,,,,,,,,,,
1507300,Pará,São Félix do Xingu,São Félix do Xingu - Pará,,,,,,,,,,,,,,
1507409,Pará,São Francisco do Pará,São Francisco do Pará - Pará,,,,,,,,,,,,,,
1507458,Pará,São Geraldo do Araguaia,São Geraldo do Araguaia - Pará,,,,,,,,,,,,,,
1507466,Pará,São João da Ponta,São João da Ponta - Pará,,,,,,,,,,,,,,
1507474,Pará,São João de Pirabas,São João de Pirabas - Pará,,,,,,,,,,,,,,
1507508,Pará,São João do Araguaia,São João do Araguaia - Pará,,,,,,,,,,,,,,
1507607,Pará,São Miguel do Guamá,São Miguel do Guamá - Pará,,,,,,,,,,,,,,
1507706,Pará,São Sebastião da Boa Vista,São Sebastião da Boa Vista - Pará,,,,,,,,,,,,,,
1507755,Pará,Sapucaia,Sapucaia - Pará,,,,,,,,,,,,,,
1507805,Pará,Senador José Porfírio,Senador José Porfírio - Pará,,,,,,,,,,,,,,
1507904,Pará,Soure,Soure - Pará,,,,,,,,,,,,,,
1507953,Pará,Tailândia,Tailândia - Pará,,,,,,,,,,,,,,
1507961,Pará,Terra Alta,Terra Alta - Pará,,,,,,,,,,,,,,
1507979,Pará,Terra Santa,Terra Santa - Pará,,,,,,,,,,,,,,
1508001,Pará,Tomé-Açu,Tomé-Açu - Pará,,,,,,,,,,,,,,
1508035,Pará,Tracuateua,Tracuateua - Pará,,,,,,,,,,,,,,
1508050,Pará,Trairão,Trairão - Pará,,,,,,,,,,,,,,
1508084,Pará,Tucumã,Tucumã - Pará,,,,,,,,,,,,,,
1508100,Pará,Tucuruí,Tucuruí - Pará,,,,,,,,,,,,,,
1508126,Pará,Ulianópolis,Ulianópolis - Pará,,,,,,,,,,,,,,
1508159,Pará,Uruará,Uruará - Pará,,,,,,,,,,,,,,
1508209,Pará,Vigia,Vigia - Pará,,,,,,,,,,,,,,
1508308,Pará,Viseu,Viseu - Pará,,,,,,,,,,,,,,
1508357,Pará,Vitória do Xingu,Vitória do Xingu - Pará,,,,,,,,,,,,,,
1508407,Pará,Xinguara,Xinguara - Pará,,,,,,,,,,,,,,
1600105,Amapá,Amapá,Amapá - Amapá,,,,,,,,,,,,,,
1600204,Amapá,Calçoene,Calçoene - Amapá,,,,,,,,,,,,,,
1600212,Amapá,Cutias,Cutias - Amapá,,,,,,,,,,,,,,
1600238,Amapá,Ferreira Gomes,Ferreira Gomes - Amapá,,,,,,,,,,,,,,
1600253,Amapá,Itaubal,Itaubal - Amapá,,,,,,,,,,,,,,
1600279,Amapá,Laranjal do Jari,Laranjal do Jari - Amapá,,,,,,,,,,,,,,
1600303,Amapá,Macapá,Macapá - Amapá,,,,,,,,,,,,,,
1600402,Amapá,Mazagão,Mazagão - Amapá,,,,,,,,,,,,,,
1600501,Amapá,Oiapoque,Oiapoque - Amapá,,,,,,,,,,,,,,
1600154,Amapá,Pedra Branca do Amapari,Pedra Branca do Amapari - Amapá,,,,,,,,,,,,,,
1600535,Amapá,Porto Grande,Porto Grande - Amapá,,,,,,,,,,,,,,
1600550,Amapá,Pracuúba,Pracuúba - Amapá,,,,,,,,,,,,,,
1600600,Amapá,Santana,Santana - Amapá,,,,,,,,,,,,,,
1600055,Amapá,Serra do Navio,Serra do Navio - Amapá,,,,,,,,,,,,,,
1600709,Amapá,Tartarugalzinho,Tartarugalzinho - Amapá,,,,,,,,,,,,,,
1600808,Amapá,Vitória do Jari,Vitória do Jari - Amapá,,,,,,,,,,,,,,
1700251,Tocantins,Abreulândia,Abreulândia - Tocantins,,,,,,,,,,,,,,
1700301,Tocantins,Aguiarnópolis,Aguiarnópolis - Tocantins,,,,,,,,,,,,,,
1700350,Tocantins,Aliança do Tocantins,Aliança do Tocantins - Tocantins,,,,,,,,,,,,,,
1700400,Tocantins,Almas,Almas - Tocantins,,,,,,,,,,,,,,
1700707,Tocantins,Alvorada,Alvorada - Tocantins,,,,,,,,,,,,,,
1701002,Tocantins,Ananás,Ananás - Tocantins,,,,,,,,,,,,,,
1701051,Tocantins,Angico,Angico - Tocantins,,,,,,,,,,,,,,
1701101,Tocantins,Aparecida do Rio Negro,Aparecida do Rio Negro - Tocantins,,,,,,,,,,,,,,
1701309,Tocantins,Aragominas,Aragominas - Tocantins,,,,,,,,,,,,,,
1701903,Tocantins,Araguacema,Araguacema - Tocantins,,,,,,,,,,,,,,
1702000,Tocantins,Araguaçu,Araguaçu - Tocantins,,,,,,,,,,,,,,
1702109,Tocantins,Araguaína,Araguaína - Tocantins,,,,,,,,,,,,,,
1702158,Tocantins,Araguanã,Araguanã - Tocantins,,,,,,,,,,,,,,
1702208,Tocantins,Araguatins,Araguatins - Tocantins,,,,,,,,,,,,,,
1702307,Tocantins,Arapoema,Arapoema - Tocantins,,,,,,,,,,,,,,
1702406,Tocantins,Arraias,Arraias - Tocantins,,,,,,,,,,,,,,
1702554,Tocantins,Augustinópolis,Augustinópolis - Tocantins,,,,,,,,,,,,,,
1702703,Tocantins,Aurora do Tocantins,Aurora do Tocantins - Tocantins,,,,,,,,,,,,,,
1702901,Tocantins,Axixá do Tocantins,Axixá do Tocantins - Tocantins,,,,,,,,,,,,,,
1703008,Tocantins,Babaçulândia,Babaçulândia - Tocantins,,,,,,,,,,,,,,
1703057,Tocantins,Bandeirantes do Tocantins,Bandeirantes do Tocantins - Tocantins,,,,,,,,,,,,,,
1703073,Tocantins,Barra do Ouro,Barra do Ouro - Tocantins,,,,,,,,,,,,,,
1703107,Tocantins,Barrolândia,Barrolândia - Tocantins,,,,,,,,,,,,,,
1703206,Tocantins,Bernardo Sayão,Bernardo Sayão - Tocantins,,,,,,,,,,,,,,
1703305,Tocantins,Bom Jesus do Tocantins,Bom Jesus do Tocantins - Tocantins,,,,,,,,,,,,,,
1703602,Tocantins,Brasilândia do Tocantins,Brasilândia do Tocantins - Tocantins,,,,,,,,,,,,,,
1703701,Tocantins,Brejinho de Nazaré,Brejinho de Nazaré - Tocantins,,,,,,,,,,,,,,
1703800,Tocantins,Buriti do Tocantins,Buriti do Tocantins - Tocantins,,,,,,,,,,,,,,
1703826,Tocantins,Cachoeirinha,Cachoeirinha - Tocantins,,,,,,,,,,,,,,
1703842,Tocantins,Campos Lindos,Campos Lindos - Tocantins,,,,,,,,,,,,,,
1703867,Tocantins,Cariri do Tocantins,Cariri do Tocantins - Tocantins,,,,,,,,,,,,,,
1703883,Tocantins,Carmolândia,Carmolândia - Tocantins,,,,,,,,,,,,,,
1703891,Tocantins,Carrasco Bonito,Carrasco Bonito - Tocantins,,,,,,,,,,,,,,
1703909,Tocantins,Caseara,Caseara - Tocantins,,,,,,,,,,,,,,
1704105,Tocantins,Centenário,Centenário - Tocantins,,,,,,,,,,,,,,
1705102,Tocantins,Chapada da Natividade,Chapada da Natividade - Tocantins,,,,,,,,,,,,,,
1704600,Tocantins,Chapada de Areia,Chapada de Areia - Tocantins,,,,,,,,,,,,,,
1705508,Tocantins,Colinas do Tocantins,Colinas do Tocantins - Tocantins,,,,,,,,,,,,,,
1716703,Tocantins,Colméia,Colméia - Tocantins,,,,,,,,,,,,,,
1705557,Tocantins,Combinado,Combinado - Tocantins,,,,,,,,,,,,,,
1705607,Tocantins,Conceição do Tocantins,Conceição do Tocantins - Tocantins,,,,,,,,,,,,,,
1706001,Tocantins,Couto Magalhães,Couto Magalhães - Tocantins,,,,,,,,,,,,,,
1706100,Tocantins,Cristalândia,Cristalândia - Tocantins,,,,,,,,,,,,,,
1706258,Tocantins,Crixás do Tocantins,Crixás do Tocantins - Tocantins,,,,,,,,,,,,,,
1706506,Tocantins,Darcinópolis,Darcinópolis - Tocantins,,,,,,,,,,,,,,
1707009,Tocantins,Dianópolis,Dianópolis - Tocantins,,,,,,,,,,,,,,
1707108,Tocantins,Divinópolis do Tocantins,Divinópolis do Tocantins - Tocantins,,,,,,,,,,,,,,
1707207,Tocantins,Dois Irmãos do Tocantins,Dois Irmãos do Tocantins - Tocantins,,,,,,,,,,,,,,
1707306,Tocantins,Dueré,Dueré - Tocantins,,,,,,,,,,,,,,
1707405,Tocantins,Esperantina,Esperantina - Tocantins,,,,,,,,,,,,,,
1707553,Tocantins,Fátima,Fátima - Tocantins,,,,,,,,,,,,,,
1707652,Tocantins,Figueirópolis,Figueirópolis - Tocantins,,,,,,,,,,,,,,
1707702,Tocantins,Filadélfia,Filadélfia - Tocantins,,,,,,,,,,,,,,
1708205,Tocantins,Formoso do Araguaia,Formoso do Araguaia - Tocantins,,,,,,,,,,,,,,
1708304,Tocantins,Goianorte,Goianorte - Tocantins,,,,,,,,,,,,,,
1709005,Tocantins,Goiatins,Goiatins - Tocantins,,,,,,,,,,,,,,
1709302,Tocantins,Guaraí,Guaraí - Tocantins,,,,,,,,,,,,,,
1709500,Tocantins,Gurupi,Gurupi - Tocantins,,,,,,,,,,,,,,
1709807,Tocantins,Ipueiras,Ipueiras - Tocantins,,,,,,,,,,,,,,
1710508,Tocantins,Itacajá,Itacajá - Tocantins,,,,,,,,,,,,,,
1710706,Tocantins,Itaguatins,Itaguatins - Tocantins,,,,,,,,,,,,,,
1710904,Tocantins,Itapiratins,Itapiratins - Tocantins,,,,,,,,,,,,,,
1711100,Tocantins,Itaporã do Tocantins,Itaporã do Tocantins - Tocantins,,,,,,,,,,,,,,
1711506,Tocantins,Jaú do Tocantins,Jaú do Tocantins - Tocantins,,,,,,,,,,,,,,
1711803,Tocantins,Juarina,Juarina - Tocantins,,,,,,,,,,,,,,
1711902,Tocantins,Lagoa da Confusão,Lagoa da Confusão - Tocantins,,,,,,,,,,,,,,
1711951,Tocantins,Lagoa do Tocantins,Lagoa do Tocantins - Tocantins,,,,,,,,,,,,,,
1712009,Tocantins,Lajeado,Lajeado - Tocantins,,,,,,,,,,,,,,
1712157,Tocantins,Lavandeira,Lavandeira - Tocantins,,,,,,,,,,,,,,
1712405,Tocantins,Lizarda,Lizarda - Tocantins,,,,,,,,,,,,,,
1712454,Tocantins,Luzinópolis,Luzinópolis - Tocantins,,,,,,,,,,,,,,
1712504,Tocantins,Marianópolis do Tocantins,Marianópolis do Tocantins - Tocantins,,,,,,,,,,,,,,
1712702,Tocantins,Mateiros,Mateiros - Tocantins,,,,,,,,,,,,,,
1712801,Tocantins,Maurilândia do Tocantins,Maurilândia do Tocantins - Tocantins,,,,,,,,,,,,,,
1713205,Tocantins,Miracema do Tocantins,Miracema do Tocantins - Tocantins,,,,,,,,,,,,,,
1713304,Tocantins,Miranorte,Miranorte - Tocantins,,,,,,,,,,,,,,
1713601,Tocantins,Monte do Carmo,Monte do Carmo - Tocantins,,,,,,,,,,,,,,
1713700,Tocantins,Monte Santo do Tocantins,Monte Santo do Tocantins - Tocantins,,,,,,,,,,,,,,
1713957,Tocantins,Muricilândia,Muricilândia - Tocantins,,,,,,,,,,,,,,
1714203,Tocantins,Natividade,Natividade - Tocantins,,,,,,,,,,,,,,
1714302,Tocantins,Nazaré,Nazaré - Tocantins,,,,,,,,,,,,,,
1714880,Tocantins,Nova Olinda,Nova Olinda - Tocantins,,,,,,,,,,,,,,
1715002,Tocantins,Nova Rosalândia,Nova Rosalândia - Tocantins,,,,,,,,,,,,,,
1715101,Tocantins,Novo Acordo,Novo Acordo - Tocantins,,,,,,,,,,,,,,
1715150,Tocantins,Novo Alegre,Novo Alegre - Tocantins,,,,,,,,,,,,,,
1715259,Tocantins,Novo Jardim,Novo Jardim - Tocantins,,,,,,,,,,,,,,
1715507,Tocantins,Oliveira de Fátima,Oliveira de Fátima - Tocantins,,,,,,,,,,,,,,
1721000,Tocantins,Palmas,Palmas - Tocantins,,,,,,,,,,,,,,
1715705,Tocantins,Palmeirante,Palmeirante - Tocantins,,,,,,,,,,,,,,
1713809,Tocantins,Palmeiras do Tocantins,Palmeiras do Tocantins - Tocantins,,,,,,,,,,,,,,
1715754,Tocantins,Palmeirópolis,Palmeirópolis - Tocantins,,,,,,,,,,,,,,
1716109,Tocantins,Paraíso do Tocantins,Paraíso do Tocantins - Tocantins,,,,,,,,,,,,,,
1716208,Tocantins,Paranã,Paranã - Tocantins,,,,,,,,,,,,,,
1716307,Tocantins,Pau D'Arco,Pau D'Arco - Tocantins,,,,,,,,,,,,,,
1716505,Tocantins,Pedro Afonso,Pedro Afonso - Tocantins,,,,,,,,,,,,,,
1716604,Tocantins,Peixe,Peixe - Tocantins,,,,,,,,,,,,,,
1716653,Tocantins,Pequizeiro,Pequizeiro - Tocantins,,,,,,,,,,,,,,
1717008,Tocantins,Pindorama do Tocantins,Pindorama do Tocantins - Tocantins,,,,,,,,,,,,,,
1717206,Tocantins,Piraquê,Piraquê - Tocantins,,,,,,,,,,,,,,
1717503,Tocantins,Pium,Pium - Tocantins,,,,,,,,,,,,,,
1717800,Tocantins,Ponte Alta do Bom Jesus,Ponte Alta do Bom Jesus - Tocantins,,,,,,,,,,,,,,
1717909,Tocantins,Ponte Alta do Tocantins,Ponte Alta do Tocantins - Tocantins,,,,,,,,,,,,,,
1718006,Tocantins,Porto Alegre do Tocantins,Porto Alegre do Tocantins - Tocantins,,,,,,,,,,,,,,
1718204,Tocantins,Porto Nacional,Porto Nacional - Tocantins,,,,,,,,,,,,,,
1718303,Tocantins,Praia Norte,Praia Norte - Tocantins,,,,,,,,,,,,,,
1718402,Tocantins,Presidente Kennedy,Presidente Kennedy - Tocantins,,,,,,,,,,,,,,
1718451,Tocantins,Pugmil,Pugmil - Tocantins,,,,,,,,,,,,,,
1718501,Tocantins,Recursolândia,Recursolândia - Tocantins,,,,,,,,,,,,,,
1718550,Tocantins,Riachinho,Riachinho - Tocantins,,,,,,,,,,,,,,
1718659,Tocantins,Rio da Conceição,Rio da Conceição - Tocantins,,,,,,,,,,,,,,
1718709,Tocantins,Rio dos Bois,Rio dos Bois - Tocantins,,,,,,,,,,,,,,
1718758,Tocantins,Rio Sono,Rio Sono - Tocantins,,,,,,,,,,,,,,
1718808,Tocantins,Sampaio,Sampaio - Tocantins,,,,,,,,,,,,,,
1718840,Tocantins,Sandolândia,Sandolândia - Tocantins,,,,,,,,,,,,,,
1718865,Tocantins,Santa Fé do Araguaia,Santa Fé do Araguaia - Tocantins,,,,,,,,,,,,,,
1718881,Tocantins,Santa Maria do Tocantins,Santa Maria do Tocantins - Tocantins,,,,,,,,,,,,,,
1718899,Tocantins,Santa Rita do Tocantins,Santa Rita do Tocantins - Tocantins,,,,,,,,,,,,,,
1718907,Tocantins,Santa Rosa do Tocantins,Santa Rosa do Tocantins - Tocantins,,,,,,,,,,,,,,
1719004,Tocantins,Santa Tereza do Tocantins,Santa Tereza do Tocantins - Tocantins,,,,,,,,,,,,,,
1720002,Tocantins,Santa Terezinha do Tocantins,Santa Terezinha do Tocantins - Tocantins,,,,,,,,,,,,,,
1720101,Tocantins,São Bento do Tocantins,São Bento do Tocantins - Tocantins,,,,,,,,,,,,,,
1720150,Tocantins,São Félix do Tocantins,São Félix do Tocantins - Tocantins,,,,,,,,,,,,,,
1720200,Tocantins,São Miguel do Tocantins,São Miguel do Tocantins - Tocantins,,,,,,,,,,,,,,
1720259,Tocantins,São Salvador do Tocantins,São Salvador do Tocantins - Tocantins,,,,,,,,,,,,,,
1720309,Tocantins,São Sebastião do Tocantins,São Sebastião do Tocantins - Tocantins,,,,,,,,,,,,,,
1720499,Tocantins,São Valério,São Valério - Tocantins,,,,,,,,,,,,,,
1720655,Tocantins,Silvanópolis,Silvanópolis - Tocantins,,,,,,,,,,,,,,
1720804,Tocantins,Sítio Novo do Tocantins,Sítio Novo do Tocantins - Tocantins,,,,,,,,,,,,,,
1720853,Tocantins,Sucupira,Sucupira - Tocantins,,,,,,,,,,,,,,
1708254,Tocantins,Tabocão,Tabocão - Tocantins,,,,,,,,,,,,,,
1720903,Tocantins,Taguatinga,Taguatinga - Tocantins,,,,,,,,,,,,,,
1720937,Tocantins,Taipas do Tocantins,Taipas do Tocantins - Tocantins,,,,,,,,,,,,,,
1720978,Tocantins,Talismã,Talismã - Tocantins,,,,,,,,,,,,,,
1721109,Tocantins,Tocantínia,Tocantínia - Tocantins,,,,,,,,,,,,,,
1721208,Tocantins,Tocantinópolis,Tocantinópolis - Tocantins,,,,,,,,,,,,,,
1721257,Tocantins,Tupirama,Tupirama - Tocantins,,,,,,,,,,,,,,
1721307,Tocantins,Tupiratins,Tupiratins - Tocantins,,,,,,,,,,,,,,
1722081,Tocantins,Wanderlândia,Wanderlândia - Tocantins,,,,,,,,,,,,,,
1722107,Tocantins,Xambioá,Xambioá - Tocantins,,,,,,,,,,,,,,
2100055,Maranhão,Açailândia,Açailândia - Maranhão,,,,,,,,,,,,,,
2100105,Maranhão,Afonso Cunha,Afonso Cunha - Maranhão,,,,,,,,,,,,,,
2100154,Maranhão,Água Doce do Maranhão,Água Doce do Maranhão - Maranhão,,,,,,,,,,,,,,
2100204,Maranhão,Alcântara,Alcântara - Maranhão,,,,,,,,,,,,,,
2100303,Maranhão,Aldeias Altas,Aldeias Altas - Maranhão,,,,,,,,,,,,,,
2100402,Maranhão,Altamira do Maranhão,Altamira do Maranhão - Maranhão,,,,,,,,,,,,,,
2100436,Maranhão,Alto Alegre do Maranhão,Alto Alegre do Maranhão - Maranhão,,,,,,,,,,,,,,
2100477,Maranhão,Alto Alegre do Pindaré,Alto Alegre do Pindaré - Maranhão,,,,,,,,,,,,,,
2100501,Maranhão,Alto Parnaíba,Alto Parnaíba - Maranhão,,,,,,,,,,,,,,
2100550,Maranhão,Amapá do Maranhão,Amapá do Maranhão - Maranhão,,,,,,,,,,,,,,
2100600,Maranhão,Amarante do Maranhão,Amarante do Maranhão - Maranhão,,,,,,,,,,,,,,
2100709,Maranhão,Anajatuba,Anajatuba - Maranhão,,,,,,,,,,,,,,
2100808,Maranhão,Anapurus,Anapurus - Maranhão,,,,,,,,,,,,,,
2100832,Maranhão,Apicum-Açu,Apicum-Açu - Maranhão,,,,,,,,,,,,,,
2100873,Maranhão,Araguanã,Araguanã - Maranhão,,,,,,,,,,,,,,
2100907,Maranhão,Araioses,Araioses - Maranhão,,,,,,,,,,,,,,
2100956,Maranhão,Arame,Arame - Maranhão,,,,,,,,,,,,,,
2101004,Maranhão,Arari,Arari - Maranhão,,,,,,,,,,,,,,
2101103,Maranhão,Axixá,Axixá - Maranhão,,,,,,,,,,,,,,
2101202,Maranhão,Bacabal,Bacabal - Maranhão,,,,,,,,,,,,,,
2101251,Maranhão,Bacabeira,Bacabeira - Maranhão,,,,,,,,,,,,,,
2101301,Maranhão,Bacuri,Bacuri - Maranhão,,,,,,,,,,,,,,
2101350,Maranhão,Bacurituba,Bacurituba - Maranhão,,,,,,,,,,,,,,
2101400,Maranhão,Balsas,Balsas - Maranhão,,,,,,,,,,,,,,
2101509,Maranhão,Barão de Grajaú,Barão de Grajaú - Maranhão,,,,,,,,,,,,,,
2101608,Maranhão,Barra do Corda,Barra do Corda - Maranhão,,,,,,,,,,,,,,
2101707,Maranhão,Barreirinhas,Barreirinhas - Maranhão,,,,,,,,,,,,,,
2101772,Maranhão,Bela Vista do Maranhão,Bela Vista do Maranhão - Maranhão,,,,,,,,,,,,,,
2101731,Maranhão,Belágua,Belágua - Maranhão,,,,,,,,,,,,,,
2101806,Maranhão,Benedito Leite,Benedito Leite - Maranhão,,,,,,,,,,,,,,
2101905,Maranhão,Bequimão,Bequimão - Maranhão,,,,,,,,,,,,,,
2101939,Maranhão,Bernardo do Mearim,Bernardo do Mearim - Maranhão,,,,,,,,,,,,,,
2101970,Maranhão,Boa Vista do Gurupi,Boa Vista do Gurupi - Maranhão,,,,,,,,,,,,,,
2102002,Maranhão,Bom Jardim,Bom Jardim - Maranhão,,,,,,,,,,,,,,
2102036,Maranhão,Bom Jesus das Selvas,Bom Jesus das Selvas - Maranhão,,,,,,,,,,,,,,
2102077,Maranhão,Bom Lugar,Bom Lugar - Maranhão,,,,,,,,,,,,,,
2102101,Maranhão,Brejo,Brejo - Maranhão,,,,,,,,,,,,,,
2102150,Maranhão,Brejo de Areia,Brejo de Areia - Maranhão,,,,,,,,,,,,,,
2102200,Maranhão,Buriti,Buriti - Maranhão,,,,,,,,,,,,,,
2102309,Maranhão,Buriti Bravo,Buriti Bravo - Maranhão,,,,,,,,,,,,,,
2102325,Maranhão,Buriticupu,Buriticupu - Maranhão,,,,,,,,,,,,,,
2102358,Maranhão,Buritirana,Buritirana - Maranhão,,,,,,,,,,,,,,
2102374,Maranhão,Cachoeira Grande,Cachoeira Grande - Maranhão,,,,,,,,,,,,,,
2102408,Maranhão,Cajapió,Cajapió - Maranhão,,,,,,,,,,,,,,
2102507,Maranhão,Cajari,Cajari - Maranhão,,,,,,,,,,,,,,
2102556,Maranhão,Campestre do Maranhão,Campestre do Maranhão - Maranhão,,,,,,,,,,,,,,
2102606,Maranhão,Cândido Mendes,Cândido Mendes - Maranhão,,,,,,,,,,,,,,
2102705,Maranhão,Cantanhede,Cantanhede - Maranhão,,,,,,,,,,,,,,
2102754,Maranhão,Capinzal do Norte,Capinzal do Norte - Maranhão,,,,,,,,,,,,,,
2102804,Maranhão,Carolina,Carolina - Maranhão,,,,,,,,,,,,,,
2102903,Maranhão,Carutapera,Carutapera - Maranhão,,,,,,,,,,,,,,
2103000,Maranhão,Caxias,Caxias - Maranhão,,,,,,,,,,,,,,
2103109,Maranhão,Cedral,Cedral - Maranhão,,,,,,,,,,,,,,
2103125,Maranhão,Central do Maranhão,Central do Maranhão - Maranhão,,,,,,,,,,,,,,
2103158,Maranhão,Centro do Guilherme,Centro do Guilherme - Maranhão,,,,,,,,,,,,,,
2103174,Maranhão,Centro Novo do Maranhão,Centro Novo do Maranhão - Maranhão,,,,,,,,,,,,,,
2103208,Maranhão,Chapadinha,Chapadinha - Maranhão,,,,,,,,,,,,,,
2103257,Maranhão,Cidelândia,Cidelândia - Maranhão,,,,,,,,,,,,,,
2103307,Maranhão,Codó,Codó - Maranhão,,,,,,,,,,,,,,
2103406,Maranhão,Coelho Neto,Coelho Neto - Maranhão,,,,,,,,,,,,,,
2103505,Maranhão,Colinas,Colinas - Maranhão,,,,,,,,,,,,,,
2103554,Maranhão,Conceição do Lago-Açu,Conceição do Lago-Açu - Maranhão,,,,,,,,,,,,,,
2103604,Maranhão,Coroatá,Coroatá - Maranhão,,,,,,,,,,,,,,
2103703,Maranhão,Cururupu,Cururupu - Maranhão,,,,,,,,,,,,,,
2103752,Maranhão,Davinópolis,Davinópolis - Maranhão,,,,,,,,,,,,,,
2103802,Maranhão,Dom Pedro,Dom Pedro - Maranhão,,,,,,,,,,,,,,
2103901,Maranhão,Duque Bacelar,Duque Bacelar - Maranhão,,,,,,,,,,,,,,
2104008,Maranhão,Esperantinópolis,Esperantinópolis - Maranhão,,,,,,,,,,,,,,
2104057,Maranhão,Estreito,Estreito - Maranhão,,,,,,,,,,,,,,
2104073,Maranhão,Feira Nova do Maranhão,Feira Nova do Maranhão - Maranhão,,,,,,,,,,,,,,
2104081,Maranhão,Fernando Falcão,Fernando Falcão - Maranhão,,,,,,,,,,,,,,
2104099,Maranhão,Formosa da Serra Negra,Formosa da Serra Negra - Maranhão,,,,,,,,,,,,,,
2104107,Maranhão,Fortaleza dos Nogueiras,Fortaleza dos Nogueiras - Maranhão,,,,,,,,,,,,,,
2104206,Maranhão,Fortuna,Fortuna - Maranhão,,,,,,,,,,,,,,
2104305,Maranhão,Godofredo Viana,Godofredo Viana - Maranhão,,,,,,,,,,,,,,
2104404,Maranhão,Gonçalves Dias,Gonçalves Dias - Maranhão,,,,,,,,,,,,,,
2104503,Maranhão,Governador Archer,Governador Archer - Maranhão,,,,,,,,,,,,,,
2104552,Maranhão,Governador Edison Lobão,Governador Edison Lobão - Maranhão,,,,,,,,,,,,,,
2104602,Maranhão,Governador Eugênio Barros,Governador Eugênio Barros - Maranhão,,,,,,,,,,,,,,
2104628,Maranhão,Governador Luiz Rocha,Governador Luiz Rocha - Maranhão,,,,,,,,,,,,,,
2104651,Maranhão,Governador Newton Bello,Governador Newton Bello - Maranhão,,,,,,,,,,,,,,
2104677,Maranhão,Governador Nunes Freire,Governador Nunes Freire - Maranhão,,,,,,,,,,,,,,
2104701,Maranhão,Graça Aranha,Graça Aranha - Maranhão,,,,,,,,,,,,,,
2104800,Maranhão,Grajaú,Grajaú - Maranhão,,,,,,,,,,,,,,
2104909,Maranhão,Guimarães,Guimarães - Maranhão,,,,,,,,,,,,,,
2105005,Maranhão,Humberto de Campos,Humberto de Campos - Maranhão,,,,,,,,,,,,,,
2105104,Maranhão,Icatu,Icatu - Maranhão,,,,,,,,,,,,,,
2105153,Maranhão,Igarapé do Meio,Igarapé do Meio - Maranhão,,,,,,,,,,,,,,
2105203,Maranhão,Igarapé Grande,Igarapé Grande - Maranhão,,,,,,,,,,,,,,
2105302,Maranhão,Imperatriz,Imperatriz - Maranhão,,,,,,,,,,,,,,
2105351,Maranhão,Itaipava do Grajaú,Itaipava do Grajaú - Maranhão,,,,,,,,,,,,,,
2105401,Maranhão,Itapecuru Mirim,Itapecuru Mirim - Maranhão,,,,,,,,,,,,,,
2105427,Maranhão,Itinga do Maranhão,Itinga do Maranhão - Maranhão,,,,,,,,,,,,,,
2105450,Maranhão,Jatobá,Jatobá - Maranhão,,,,,,,,,,,,,,
2105476,Maranhão,Jenipapo dos Vieiras,Jenipapo dos Vieiras - Maranhão,,,,,,,,,,,,,,
2105500,Maranhão,João Lisboa,João Lisboa - Maranhão,,,,,,,,,,,,,,
2105609,Maranhão,Joselândia,Joselândia - Maranhão,,,,,,,,,,,,,,
2105658,Maranhão,Junco do Maranhão,Junco do Maranhão - Maranhão,,,,,,,,,,,,,,
2105708,Maranhão,Lago da Pedra,Lago da Pedra - Maranhão,,,,,,,,,,,,,,
2105807,Maranhão,Lago do Junco,Lago do Junco - Maranhão,,,,,,,,,,,,,,
2105948,Maranhão,Lago dos Rodrigues,Lago dos Rodrigues - Maranhão,,,,,,,,,,,,,,
2105906,Maranhão,Lago Verde,Lago Verde - Maranhão,,,,,,,,,,,,,,
2105922,Maranhão,Lagoa do Mato,Lagoa do Mato - Maranhão,,,,,,,,,,,,,,
2105963,Maranhão,Lagoa Grande do Maranhão,Lagoa Grande do Maranhão - Maranhão,,,,,,,,,,,,,,
2105989,Maranhão,Lajeado Novo,Lajeado Novo - Maranhão,,,,,,,,,,,,,,
2106003,Maranhão,Lima Campos,Lima Campos - Maranhão,,,,,,,,,,,,,,
2106102,Maranhão,Loreto,Loreto - Maranhão,,,,,,,,,,,,,,
2106201,Maranhão,Luís Domingues,Luís Domingues - Maranhão,,,,,,,,,,,,,,
2106300,Maranhão,Magalhães de Almeida,Magalhães de Almeida - Maranhão,,,,,,,,,,,,,,
2106326,Maranhão,Maracaçumé,Maracaçumé - Maranhão,,,,,,,,,,,,,,
2106359,Maranhão,Marajá do Sena,Marajá do Sena - Maranhão,,,,,,,,,,,,,,
2106375,Maranhão,Maranhãozinho,Maranhãozinho - Maranhão,,,,,,,,,,,,,,
2106409,Maranhão,Mata Roma,Mata Roma - Maranhão,,,,,,,,,,,,,,
2106508,Maranhão,Matinha,Matinha - Maranhão,,,,,,,,,,,,,,
2106607,Maranhão,Matões,Matões - Maranhão,,,,,,,,,,,,,,
2106631,Maranhão,Matões do Norte,Matões do Norte - Maranhão,,,,,,,,,,,,,,
2106672,Maranhão,Milagres do Maranhão,Milagres do Maranhão - Maranhão,,,,,,,,,,,,,,
2106706,Maranhão,Mirador,Mirador - Maranhão,,,,,,,,,,,,,,
2106755,Maranhão,Miranda do Norte,Miranda do Norte - Maranhão,,,,,,,,,,,,,,
2106805,Maranhão,Mirinzal,Mirinzal - Maranhão,,,,,,,,,,,,,,
2106904,Maranhão,Monção,Monção - Maranhão,,,,,,,,,,,,,,
2107001,Maranhão,Montes Altos,Montes Altos - Maranhão,,,,,,,,,,,,,,
2107100,Maranhão,Morros,Morros - Maranhão,,,,,,,,,,,,,,
2107209,Maranhão,Nina Rodrigues,Nina Rodrigues - Maranhão,,,,,,,,,,,,,,
2107258,Maranhão,Nova Colinas,Nova Colinas - Maranhão,,,,,,,,,,,,,,
2107308,Maranhão,Nova Iorque,Nova Iorque - Maranhão,,,,,,,,,,,,,,
2107357,Maranhão,Nova Olinda do Maranhão,Nova Olinda do Maranhão - Maranhão,,,,,,,,,,,,,,
2107407,Maranhão,Olho d'Água das Cunhãs,Olho d'Água das Cunhãs - Maranhão,,,,,,,,,,,,,,
2107456,Maranhão,Olinda Nova do Maranhão,Olinda Nova do Maranhão - Maranhão,,,,,,,,,,,,,,
2107506,Maranhão,Paço do Lumiar,Paço do Lumiar - Maranhão,,,,,,,,,,,,,,
2107605,Maranhão,Palmeirândia,Palmeirândia - Maranhão,,,,,,,,,,,,,,
2107704,Maranhão,Paraibano,Paraibano - Maranhão,,,,,,,,,,,,,,
2107803,Maranhão,Parnarama,Parnarama - Maranhão,,,,,,,,,,,,,,
2107902,Maranhão,Passagem Franca,Passagem Franca - Maranhão,,,,,,,,,,,,,,
2108009,Maranhão,Pastos Bons,Pastos Bons - Maranhão,,,,,,,,,,,,,,
2108058,Maranhão,Paulino Neves,Paulino Neves - Maranhão,,,,,,,,,,,,,,
2108108,Maranhão,Paulo Ramos,Paulo Ramos - Maranhão,,,,,,,,,,,,,,
2108207,Maranhão,Pedreiras,Pedreiras - Maranhão,,,,,,,,,,,,,,
2108256,Maranhão,Pedro do Rosário,Pedro do Rosário - Maranhão,,,,,,,,,,,,,,
2108306,Maranhão,Penalva,Penalva - Maranhão,,,,,,,,,,,,,,
2108405,Maranhão,Peri Mirim,Peri Mirim - Maranhão,,,,,,,,,,,,,,
2108454,Maranhão,Peritoró,Peritoró - Maranhão,,,,,,,,,,,,,,
2108504,Maranhão,Pindaré-Mirim,Pindaré-Mirim - Maranhão,,,,,,,,,,,,,,
2108603,Maranhão,Pinheiro,Pinheiro - Maranhão,,,,,,,,,,,,,,
2108702,Maranhão,Pio XII,Pio XII - Maranhão,,,,,,,,,,,,,,
2108801,Maranhão,Pirapemas,Pirapemas - Maranhão,,,,,,,,,,,,,,
2108900,Maranhão,Poção de Pedras,Poção de Pedras - Maranhão,,,,,,,,,,,,,,
2109007,Maranhão,Porto Franco,Porto Franco - Maranhão,,,,,,,,,,,,,,
2109056,Maranhão,Porto Rico do Maranhão,Porto Rico do Maranhão - Maranhão,,,,,,,,,,,,,,
2109106,Maranhão,Presidente Dutra,Presidente Dutra - Maranhão,,,,,,,,,,,,,,
2109205,Maranhão,Presidente Juscelino,Presidente Juscelino - Maranhão,,,,,,,,,,,,,,
2109239,Maranhão,Presidente Médici,Presidente Médici - Maranhão,,,,,,,,,,,,,,
2109270,Maranhão,Presidente Sarney,Presidente Sarney - Maranhão,,,,,,,,,,,,,,
2109304,Maranhão,Presidente Vargas,Presidente Vargas - Maranhão,,,,,,,,,,,,,,
2109403,Maranhão,Primeira Cruz,Primeira Cruz - Maranhão,,,,,,,,,,,,,,
2109452,Maranhão,Raposa,Raposa - Maranhão,,,,,,,,,,,,,,
2109502,Maranhão,Riachão,Riachão - Maranhão,,,,,,,,,,,,,,
2109551,Maranhão,Ribamar Fiquene,Ribamar Fiquene - Maranhão,,,,,,,,,,,,,,
2109601,Maranhão,Rosário,Rosário - Maranhão,,,,,,,,,,,,,,
2109700,Maranhão,Sambaíba,Sambaíba - Maranhão,,,,,,,,,,,,,,
2109759,Maranhão,Santa Filomena do Maranhão,Santa Filomena do Maranhão - Maranhão,,,,,,,,,,,,,,
2109809,Maranhão,Santa Helena,Santa Helena - Maranhão,,,,,,,,,,,,,,
2109908,Maranhão,Santa Inês,Santa Inês - Maranhão,,,,,,,,,,,,,,
2110005,Maranhão,Santa Luzia,Santa Luzia - Maranhão,,,,,,,,,,,,,,
2110039,Maranhão,Santa Luzia do Paruá,Santa Luzia do Paruá - Maranhão,,,,,,,,,,,,,,
2110104,Maranhão,Santa Quitéria do Maranhão,Santa Quitéria do Maranhão - Maranhão,,,,,,,,,,,,,,
2110203,Maranhão,Santa Rita,Santa Rita - Maranhão,,,,,,,,,,,,,,
2110237,Maranhão,Santana do Maranhão,Santana do Maranhão - Maranhão,,,,,,,,,,,,,,
2110278,Maranhão,Santo Amaro do Maranhão,Santo Amaro do Maranhão - Maranhão,,,,,,,,,,,,,,
2110302,Maranhão,Santo Antônio dos Lopes,Santo Antônio dos Lopes - Maranhão,,,,,,,,,,,,,,
2110401,Maranhão,São Benedito do Rio Preto,São Benedito do Rio Preto - Maranhão,,,,,,,,,,,,,,
2110500,Maranhão,São Bento,São Bento - Maranhão,,,,,,,,,,,,,,
2110609,Maranhão,São Bernardo,São Bernardo - Maranhão,,,,,,,,,,,,,,
2110658,Maranhão,São Domingos do Azeitão,São Domingos do Azeitão - Maranhão,,,,,,,,,,,,,,
2110708,Maranhão,São Domingos do Maranhão,São Domingos do Maranhão - Maranhão,,,,,,,,,,,,,,
2110807,Maranhão,São Félix de Balsas,São Félix de Balsas - Maranhão,,,,,,,,,,,,,,
2110856,Maranhão,São Francisco do Brejão,São Francisco do Brejão - Maranhão,,,,,,,,,,,,,,
2110906,Maranhão,São Francisco do Maranhão,São Francisco do Maranhão - Maranhão,,,,,,,,,,,,,,
2111003,Maranhão,São João Batista,São João Batista - Maranhão,,,,,,,,,,,,,,
2111029,Maranhão,São João do Carú,São João do Carú - Maranhão,,,,,,,,,,,,,,
2111052,Maranhão,São João do Paraíso,São João do Paraíso - Maranhão,,,,,,,,,,,,,,
2111078,Maranhão,São João do Soter,São João do Soter - Maranhão,,,,,,,,,,,,,,
2111102,Maranhão,São João dos Patos,São João dos Patos - Maranhão,,,,,,,,,,,,,,
2111201,Maranhão,São José de Ribamar,São José de Ribamar - Maranhão,,,,,,,,,,,,,,
2111250,Maranhão,São José dos Basílios,São José dos Basílios - Maranhão,,,,,,,,,,,,,,
2111300,Maranhão,São Luís,São Luís - Maranhão,,,,,,,,,,,,,,
2111409,Maranhão,São Luís Gonzaga do Maranhão,São Luís Gonzaga do Maranhão - Maranhão,,,,,,,,,,,,,,
2111508,Maranhão,São Mateus do Maranhão,São Mateus do Maranhão - Maranhão,,,,,,,,,,,,,,
2111532,Maranhão,São Pedro da Água Branca,São Pedro da Água Branca - Maranhão,,,,,,,,,,,,,,
2111573,Maranhão,São Pedro dos Crentes,São Pedro dos Crentes - Maranhão,,,,,,,,,,,,,,
2111607,Maranhão,São Raimundo das Mangabeiras,São Raimundo das Mangabeiras - Maranhão,,,,,,,,,,,,,,
2111631,Maranhão,São Raimundo do Doca Bezerra,São Raimundo do Doca Bezerra - Maranhão,,,,,,,,,,,,,,
2111672,Maranhão,São Roberto,São Roberto - Maranhão,,,,,,,,,,,,,,
2111706,Maranhão,São Vicente Ferrer,São Vicente Ferrer - Maranhão,,,,,,,,,,,,,,
2111722,Maranhão,Satubinha,Satubinha - Maranhão,,,,,,,,,,,,,,
2111748,Maranhão,Senador Alexandre Costa,Senador Alexandre Costa - Maranhão,,,,,,,,,,,,,,
2111763,Maranhão,Senador La Rocque,Senador La Rocque - Maranhão,,,,,,,,,,,,,,
2111789,Maranhão,Serrano do Maranhão,Serrano do Maranhão - Maranhão,,,,,,,,,,,,,,
2111805,Maranhão,Sítio Novo,Sítio Novo - Maranhão,,,,,,,,,,,,,,
2111904,Maranhão,Sucupira do Norte,Sucupira do Norte - Maranhão,,,,,,,,,,,,,,
2111953,Maranhão,Sucupira do Riachão,Sucupira do Riachão - Maranhão,,,,,,,,,,,,,,
2112001,Maranhão,Tasso Fragoso,Tasso Fragoso - Maranhão,,,,,,,,,,,,,,
2112100,Maranhão,Timbiras,Timbiras - Maranhão,,,,,,,,,,,,,,
2112209,Maranhão,Timon,Timon - Maranhão,,,,,,,,,,,,,,
2112233,Maranhão,Trizidela do Vale,Trizidela do Vale - Maranhão,,,,,,,,,,,,,,
2112274,Maranhão,Tufilândia,Tufilândia - Maranhão,,,,,,,,,,,,,,
2112308,Maranhão,Tuntum,Tuntum - Maranhão,,,,,,,,,,,,,,
2112407,Maranhão,Turiaçu,Turiaçu - Maranhão,,,,,,,,,,,,,,
2112456,Maranhão,Turilândia,Turilândia - Maranhão,,,,,,,,,,,,,,
2112506,Maranhão,Tutóia,Tutóia - Maranhão,,,,,,,,,,,,,,
2112605,Maranhão,Urbano Santos,Urbano Santos - Maranhão,,,,,,,,,,,,,,
2112704,Maranhão,Vargem Grande,Vargem Grande - Maranhão,,,,,,,,,,,,,,
2112803,Maranhão,Viana,Viana - Maranhão,,,,,,,,,,,,,,
2112852,Maranhão,Vila Nova dos Martírios,Vila Nova dos Martírios - Maranhão,,,,,,,,,,,,,,
2112902,Maranhão,Vitória do Mearim,Vitória do Mearim - Maranhão,,,,,,,,,,,,,,
2113009,Maranhão,Vitorino Freire,Vitorino Freire - Maranhão,,,,,,,,,,,,,,
2114007,Maranhão,Zé Doca,Zé Doca - Maranhão,,,,,,,,,,,,,,
2200053,Piauí,Acauã,Acauã - Piauí,,,,,,,,,,,,,,
2200103,Piauí,Agricolândia,Agricolândia - Piauí,,,,,,,,,,,,,,
2200202,Piauí,Água Branca,Água Branca - Piauí,,,,,,,,,,,,,,
2200251,Piauí,Alagoinha do Piauí,Alagoinha do Piauí - Piauí,,,,,,,,,,,,,,
2200277,Piauí,Alegrete do Piauí,Alegrete do Piauí - Piauí,,,,,,,,,,,,,,
2200301,Piauí,Alto Longá,Alto Longá - Piauí,,,,,,,,,,,,,,
2200400,Piauí,Altos,Altos - Piauí,,,,,,,,,,,,,,
2200459,Piauí,Alvorada do Gurguéia,Alvorada do Gurguéia - Piauí,,,,,,,,,,,,,,
2200509,Piauí,Amarante,Amarante - Piauí,,,,,,,,,,,,,,
2200608,Piauí,Angical do Piauí,Angical do Piauí - Piauí,,,,,,,,,,,,,,
2200707,Piauí,Anísio de Abreu,Anísio de Abreu - Piauí,,,,,,,,,,,,,,
2200806,Piauí,Antônio Almeida,Antônio Almeida - Piauí,,,,,,,,,,,,,,
2200905,Piauí,Aroazes,Aroazes - Piauí,,,,,,,,,,,,,,
2200954,Piauí,Aroeiras do Itaim,Aroeiras do Itaim - Piauí,,,,,,,,,,,,,,
2201002,Piauí,Arraial,Arraial - Piauí,,,,,,,,,,,,,,
2201051,Piauí,Assunção do Piauí,Assunção do Piauí - Piauí,,,,,,,,,,,,,,
2201101,Piauí,Avelino Lopes,Avelino Lopes - Piauí,,,,,,,,,,,,,,
2201150,Piauí,Baixa Grande do Ribeiro,Baixa Grande do Ribeiro - Piauí,,,,,,,,,,,,,,
2201176,Piauí,Barra D'Alcântara,Barra D'Alcântara - Piauí,,,,,,,,,,,,,,
2201200,Piauí,Barras,Barras - Piauí,,,,,,,,,,,,,,
2201309,Piauí,Barreiras do Piauí,Barreiras do Piauí - Piauí,,,,,,,,,,,,,,
2201408,Piauí,Barro Duro,Barro Duro - Piauí,,,,,,,,,,,,,,
2201507,Piauí,Batalha,Batalha - Piauí,,,,,,,,,,,,,,
2201556,Piauí,Bela Vista do Piauí,Bela Vista do Piauí - Piauí,,,,,,,,,,,,,,
2201572,Piauí,Belém do Piauí,Belém do Piauí - Piauí,,,,,,,,,,,,,,
2201606,Piauí,Beneditinos,Beneditinos - Piauí,,,,,,,,,,,,,,
2201705,Piauí,Bertolínia,Bertolínia - Piauí,,,,,,,,,,,,,,
2201739,Piauí,Betânia do Piauí,Betânia do Piauí - Piauí,,,,,,,,,,,,,,
2201770,Piauí,Boa Hora,Boa Hora - Piauí,,,,,,,,,,,,,,
2201804,Piauí,Bocaina,Bocaina - Piauí,,,,,,,,,,,,,,
2201903,Piauí,Bom Jesus,Bom Jesus - Piauí,,,,,,,,,,,,,,
2201919,Piauí,Bom Princípio do Piauí,Bom Princípio do Piauí - Piauí,,,,,,,,,,,,,,
2201929,Piauí,Bonfim do Piauí,Bonfim do Piauí - Piauí,,,,,,,,,,,,,,
2201945,Piauí,Boqueirão do Piauí,Boqueirão do Piauí - Piauí,,,,,,,,,,,,,,
2201960,Piauí,Brasileira,Brasileira - Piauí,,,,,,,,,,,,,,
2201988,Piauí,Brejo do Piauí,Brejo do Piauí - Piauí,,,,,,,,,,,,,,
2202000,Piauí,Buriti dos Lopes,Buriti dos Lopes - Piauí,,,,,,,,,,,,,,
2202026,Piauí,Buriti dos Montes,Buriti dos Montes - Piauí,,,,,,,,,,,,,,
2202059,Piauí,Cabeceiras do Piauí,Cabeceiras do Piauí - Piauí,,,,,,,,,,,,,,
2202075,Piauí,Cajazeiras do Piauí,Cajazeiras do Piauí - Piauí,,,,,,,,,,,,,,
2202083,Piauí,Cajueiro da Praia,Cajueiro da Praia - Piauí,,,,,,,,,,,,,,
2202091,Piauí,Caldeirão Grande do Piauí,Caldeirão Grande do Piauí - Piauí,,,,,,,,,,,,,,
2202109,Piauí,Campinas do Piauí,Campinas do Piauí - Piauí,,,,,,,,,,,,,,
2202117,Piauí,Campo Alegre do Fidalgo,Campo Alegre do Fidalgo - Piauí,,,,,,,,,,,,,,
2202133,Piauí,Campo Grande do Piauí,Campo Grande do Piauí - Piauí,,,,,,,,,,,,,,
2202174,Piauí,Campo Largo do Piauí,Campo Largo do Piauí - Piauí,,,,,,,,,,,,,,
2202208,Piauí,Campo Maior,Campo Maior - Piauí,,,,,,,,,,,,,,
2202251,Piauí,Canavieira,Canavieira - Piauí,,,,,,,,,,,,,,
2202307,Piauí,Canto do Buriti,Canto do Buriti - Piauí,,,,,,,,,,,,,,
2202406,Piauí,Capitão de Campos,Capitão de Campos - Piauí,,,,,,,,,,,,,,
2202455,Piauí,Capitão Gervásio Oliveira,Capitão Gervásio Oliveira - Piauí,,,,,,,,,,,,,,
2202505,Piauí,Caracol,Caracol - Piauí,,,,,,,,,,,,,,
2202539,Piauí,Caraúbas do Piauí,Caraúbas do Piauí - Piauí,,,,,,,,,,,,,,
2202554,Piauí,Caridade do Piauí,Caridade do Piauí - Piauí,,,,,,,,,,,,,,
2202604,Piauí,Castelo do Piauí,Castelo do Piauí - Piauí,,,,,,,,,,,,,,
2202653,Piauí,Caxingó,Caxingó - Piauí,,,,,,,,,,,,,,
2202703,Piauí,Cocal,Cocal - Piauí,,,,,,,,,,,,,,
2202711,Piauí,Cocal de Telha,Cocal de Telha - Piauí,,,,,,,,,,,,,,
2202729,Piauí,Cocal dos Alves,Cocal dos Alves - Piauí,,,,,,,,,,,,,,
2202737,Piauí,Coivaras,Coivaras - Piauí,,,,,,,,,,,,,,
2202752,Piauí,Colônia do Gurguéia,Colônia do Gurguéia - Piauí,,,,,,,,,,,,,,
2202778,Piauí,Colônia do Piauí,Colônia do Piauí - Piauí,,,,,,,,,,,,,,
2202802,Piauí,Conceição do Canindé,Conceição do Canindé - Piauí,,,,,,,,,,,,,,
2202851,Piauí,Coronel José Dias,Coronel José Dias - Piauí,,,,,,,,,,,,,,
2202901,Piauí,Corrente,Corrente - Piauí,,,,,,,,,,,,,,
2203008,Piauí,Cristalândia do Piauí,Cristalândia do Piauí - Piauí,,,,,,,,,,,,,,
2203107,Piauí,Cristino Castro,Cristino Castro - Piauí,,,,,,,,,,,,,,
2203206,Piauí,Curimatá,Curimatá - Piauí,,,,,,,,,,,,,,
2203230,Piauí,Currais,Currais - Piauí,,,,,,,,,,,,,,
2203271,Piauí,Curral Novo do Piauí,Curral Novo do Piauí - Piauí,,,,,,,,,,,,,,
2203255,Piauí,Curralinhos,Curralinhos - Piauí,,,,,,,,,,,,,,
2203305,Piauí,Demerval Lobão,Demerval Lobão - Piauí,,,,,,,,,,,,,,
2203354,Piauí,Dirceu Arcoverde,Dirceu Arcoverde - Piauí,,,,,,,,,,,,,,
2203404,Piauí,Dom Expedito Lopes,Dom Expedito Lopes - Piauí,,,,,,,,,,,,,,
2203453,Piauí,Dom Inocêncio,Dom Inocêncio - Piauí,,,,,,,,,,,,,,
2203420,Piauí,Domingos Mourão,Domingos Mourão - Piauí,,,,,,,,,,,,,,
2203503,Piauí,Elesbão Veloso,Elesbão Veloso - Piauí,,,,,,,,,,,,,,
2203602,Piauí,Eliseu Martins,Eliseu Martins - Piauí,,,,,,,,,,,,,,
2203701,Piauí,Esperantina,Esperantina - Piauí,,,,,,,,,,,,,,
2203750,Piauí,Fartura do Piauí,Fartura do Piauí - Piauí,,,,,,,,,,,,,,
2203800,Piauí,Flores do Piauí,Flores do Piauí - Piauí,,,,,,,,,,,,,,
2203859,Piauí,Floresta do Piauí,Floresta do Piauí - Piauí,,,,,,,,,,,,,,
2203909,Piauí,Floriano,Floriano - Piauí,,,,,,,,,,,,,,
2204006,Piauí,Francinópolis,Francinópolis - Piauí,,,,,,,,,,,,,,
2204105,Piauí,Francisco Ayres,Francisco Ayres - Piauí,,,,,,,,,,,,,,
2204154,Piauí,Francisco Macedo,Francisco Macedo - Piauí,,,,,,,,,,,,,,
2204204,Piauí,Francisco Santos,Francisco Santos - Piauí,,,,,,,,,,,,,,
2204303,Piauí,Fronteiras,Fronteiras - Piauí,,,,,,,,,,,,,,
2204352,Piauí,Geminiano,Geminiano - Piauí,,,,,,,,,,,,,,
2204402,Piauí,Gilbués,Gilbués - Piauí,,,,,,,,,,,,,,
2204501,Piauí,Guadalupe,Guadalupe - Piauí,,,,,,,,,,,,,,
2204550,Piauí,Guaribas,Guaribas - Piauí,,,,,,,,,,,,,,
2204600,Piauí,Hugo Napoleão,Hugo Napoleão - Piauí,,,,,,,,,,,,,,
2204659,Piauí,Ilha Grande,Ilha Grande - Piauí,,,,,,,,,,,,,,
2204709,Piauí,Inhuma,Inhuma - Piauí,,,,,,,,,,,,,,
2204808,Piauí,Ipiranga do Piauí,Ipiranga do Piauí - Piauí,,,,,,,,,,,,,,
2204907,Piauí,Isaías Coelho,Isaías Coelho - Piauí,,,,,,,,,,,,,,
2205003,Piauí,Itainópolis,Itainópolis - Piauí,,,,,,,,,,,,,,
2205102,Piauí,Itaueira,Itaueira - Piauí,,,,,,,,,,,,,,
2205151,Piauí,Jacobina do Piauí,Jacobina do Piauí - Piauí,,,,,,,,,,,,,,
2205201,Piauí,Jaicós,Jaicós - Piauí,,,,,,,,,,,,,,
2205250,Piauí,Jardim do Mulato,Jardim do Mulato - Piauí,,,,,,,,,,,,,,
2205276,Piauí,Jatobá do Piauí,Jatobá do Piauí - Piauí,,,,,,,,,,,,,,
2205300,Piauí,Jerumenha,Jerumenha - Piauí,,,,,,,,,,,,,,
2205359,Piauí,João Costa,João Costa - Piauí,,,,,,,,,,,,,,
2205409,Piauí,Joaquim Pires,Joaquim Pires - Piauí,,,,,,,,,,,,,,
2205458,Piauí,Joca Marques,Joca Marques - Piauí,,,,,,,,,,,,,,
2205508,Piauí,José de Freitas,José de Freitas - Piauí,,,,,,,,,,,,,,
2205516,Piauí,Juazeiro do Piauí,Juazeiro do Piauí - Piauí,,,,,,,,,,,,,,
2205524,Piauí,Júlio Borges,Júlio Borges - Piauí,,,,,,,,,,,,,,
2205532,Piauí,Jurema,Jurema - Piauí,,,,,,,,,,,,,,
2205557,Piauí,Lagoa Alegre,Lagoa Alegre - Piauí,,,,,,,,,,,,,,
2205573,Piauí,Lagoa de São Francisco,Lagoa de São Francisco - Piauí,,,,,,,,,,,,,,
2205565,Piauí,Lagoa do Barro do Piauí,Lagoa do Barro do Piauí - Piauí,,,,,,,,,,,,,,
2205581,Piauí,Lagoa do Piauí,Lagoa do Piauí - Piauí,,,,,,,,,,,,,,
2205599,Piauí,Lagoa do Sítio,Lagoa do Sítio - Piauí,,,,,,,,,,,,,,
2205540,Piauí,Lagoinha do Piauí,Lagoinha do Piauí - Piauí,,,,,,,,,,,,,,
2205607,Piauí,Landri Sales,Landri Sales - Piauí,,,,,,,,,,,,,,
2205706,Piauí,Luís Correia,Luís Correia - Piauí,,,,,,,,,,,,,,
2205805,Piauí,Luzilândia,Luzilândia - Piauí,,,,,,,,,,,,,,
2205854,Piauí,Madeiro,Madeiro - Piauí,,,,,,,,,,,,,,
2205904,Piauí,Manoel Emídio,Manoel Emídio - Piauí,,,,,,,,,,,,,,
2205953,Piauí,Marcolândia,Marcolândia - Piauí,,,,,,,,,,,,,,
2206001,Piauí,Marcos Parente,Marcos Parente - Piauí,,,,,,,,,,,,,,
2206050,Piauí,Massapê do Piauí,Massapê do Piauí - Piauí,,,,,,,,,,,,,,
2206100,Piauí,Matias Olímpio,Matias Olímpio - Piauí,,,,,,,,,,,,,,
2206209,Piauí,Miguel Alves,Miguel Alves - Piauí,,,,,,,,,,,,,,
2206308,Piauí,Miguel Leão,Miguel Leão - Piauí,,,,,,,,,,,,,,
2206357,Piauí,Milton Brandão,Milton Brandão - Piauí,,,,,,,,,,,,,,
2206407,Piauí,Monsenhor Gil,Monsenhor Gil - Piauí,,,,,,,,,,,,,,
2206506,Piauí,Monsenhor Hipólito,Monsenhor Hipólito - Piauí,,,,,,,,,,,,,,
2206605,Piauí,Monte Alegre do Piauí,Monte Alegre do Piauí - Piauí,,,,,,,,,,,,,,
2206654,Piauí,Morro Cabeça no Tempo,Morro Cabeça no Tempo - Piauí,,,,,,,,,,,,,,
2206670,Piauí,Morro do Chapéu do Piauí,Morro do Chapéu do Piauí - Piauí,,,,,,,,,,,,,,
2206696,Piauí,Murici dos Portelas,Murici dos Portelas - Piauí,,,,,,,,,,,,,,
2206704,Piauí,Nazaré do Piauí,Nazaré do Piauí - Piauí,,,,,,,,,,,,,,
2206720,Piauí,Nazária,Nazária - Piauí,,,,,,,,,,,,,,
2206753,Piauí,Nossa Senhora de Nazaré,Nossa Senhora de Nazaré - Piauí,,,,,,,,,,,,,,
2206803,Piauí,Nossa Senhora dos Remédios,Nossa Senhora dos Remédios - Piauí,,,,,,,,,,,,,,
2207959,Piauí,Nova Santa Rita,Nova Santa Rita - Piauí,,,,,,,,,,,,,,
2206902,Piauí,Novo Oriente do Piauí,Novo Oriente do Piauí - Piauí,,,,,,,,,,,,,,
2206951,Piauí,Novo Santo Antônio,Novo Santo Antônio - Piauí,,,,,,,,,,,,,,
2207009,Piauí,Oeiras,Oeiras - Piauí,,,,,,,,,,,,,,
2207108,Piauí,Olho D'Água do Piauí,Olho D'Água do Piauí - Piauí,,,,,,,,,,,,,,
2207207,Piauí,Padre Marcos,Padre Marcos - Piauí,,,,,,,,,,,,,,
2207306,Piauí,Paes Landim,Paes Landim - Piauí,,,,,,,,,,,,,,
2207355,Piauí,Pajeú do Piauí,Pajeú do Piauí - Piauí,,,,,,,,,,,,,,
2207405,Piauí,Palmeira do Piauí,Palmeira do Piauí - Piauí,,,,,,,,,,,,,,
2207504,Piauí,Palmeirais,Palmeirais - Piauí,,,,,,,,,,,,,,
2207553,Piauí,Paquetá,Paquetá - Piauí,,,,,,,,,,,,,,
2207603,Piauí,Parnaguá,Parnaguá - Piauí,,,,,,,,,,,,,,
2207702,Piauí,Parnaíba,Parnaíba - Piauí,,,,,,,,,,,,,,
2207751,Piauí,Passagem Franca do Piauí,Passagem Franca do Piauí - Piauí,,,,,,,,,,,,,,
2207777,Piauí,Patos do Piauí,Patos do Piauí - Piauí,,,,,,,,,,,,,,
2207793,Piauí,Pau D'Arco do Piauí,Pau D'Arco do Piauí - Piauí,,,,,,,,,,,,,,
2207801,Piauí,Paulistana,Paulistana - Piauí,,,,,,,,,,,,,,
2207850,Piauí,Pavussu,Pavussu - Piauí,,,,,,,,,,,,,,
2207900,Piauí,Pedro II,Pedro II - Piauí,,,,,,,,,,,,,,
2207934,Piauí,Pedro Laurentino,Pedro Laurentino - Piauí,,,,,,,,,,,,,,
2208007,Piauí,Picos,Picos - Piauí,,,,,,,,,,,,,,
2208106,Piauí,Pimenteiras,Pimenteiras - Piauí,,,,,,,,,,,,,,
2208205,Piauí,Pio IX,Pio IX - Piauí,,,,,,,,,,,,,,
2208304,Piauí,Piracuruca,Piracuruca - Piauí,,,,,,,,,,,,,,
2208403,Piauí,Piripiri,Piripiri - Piauí,,,,,,,,,,,,,,
2208502,Piauí,Porto,Porto - Piauí,,,,,,,,,,,,,,
2208551,Piauí,Porto Alegre do Piauí,Porto Alegre do Piauí - Piauí,,,,,,,,,,,,,,
2208601,Piauí,Prata do Piauí,Prata do Piauí - Piauí,,,,,,,,,,,,,,
2208650,Piauí,Queimada Nova,Queimada Nova - Piauí,,,,,,,,,,,,,,
2208700,Piauí,Redenção do Gurguéia,Redenção do Gurguéia - Piauí,,,,,,,,,,,,,,
2208809,Piauí,Regeneração,Regeneração - Piauí,,,,,,,,,,,,,,
2208858,Piauí,Riacho Frio,Riacho Frio - Piauí,,,,,,,,,,,,,,
2208874,Piauí,Ribeira do Piauí,Ribeira do Piauí - Piauí,,,,,,,,,,,,,,
2208908,Piauí,Ribeiro Gonçalves,Ribeiro Gonçalves - Piauí,,,,,,,,,,,,,,
2209005,Piauí,Rio Grande do Piauí,Rio Grande do Piauí - Piauí,,,,,,,,,,,,,,
2209104,Piauí,Santa Cruz do Piauí,Santa Cruz do Piauí - Piauí,,,,,,,,,,,,,,
2209153,Piauí,Santa Cruz dos Milagres,Santa Cruz dos Milagres - Piauí,,,,,,,,,,,,,,
2209203,Piauí,Santa Filomena,Santa Filomena - Piauí,,,,,,,,,,,,,,
2209302,Piauí,Santa Luz,Santa Luz - Piauí,,,,,,,,,,,,,,
2209377,Piauí,Santa Rosa do Piauí,Santa Rosa do Piauí - Piauí,,,,,,,,,,,,,,
2209351,Piauí,Santana do Piauí,Santana do Piauí - Piauí,,,,,,,,,,,,,,
2209401,Piauí,Santo Antônio de Lisboa,Santo Antônio de Lisboa - Piauí,,,,,,,,,,,,,,
2209450,Piauí,Santo Antônio dos Milagres,Santo Antônio dos Milagres - Piauí,,,,,,,,,,,,,,
2209500,Piauí,Santo Inácio do Piauí,Santo Inácio do Piauí - Piauí,,,,,,,,,,,,,,
2209559,Piauí,São Braz do Piauí,São Braz do Piauí - Piauí,,,,,,,,,,,,,,
2209609,Piauí,São Félix do Piauí,São Félix do Piauí - Piauí,,,,,,,,,,,,,,
2209658,Piauí,São Francisco de Assis do Piauí,São Francisco de Assis do Piauí - Piauí,,,,,,,,,,,,,,
2209708,Piauí,São Francisco do Piauí,São Francisco do Piauí - Piauí,,,,,,,,,,,,,,
2209757,Piauí,São Gonçalo do Gurguéia,São Gonçalo do Gurguéia - Piauí,,,,,,,,,,,,,,
2209807,Piauí,São Gonçalo do Piauí,São Gonçalo do Piauí - Piauí,,,,,,,,,,,,,,
2209856,Piauí,São João da Canabrava,São João da Canabrava - Piauí,,,,,,,,,,,,,,
2209872,Piauí,São João da Fronteira,São João da Fronteira - Piauí,,,,,,,,,,,,,,
2209906,Piauí,São João da Serra,São João da Serra - Piauí,,,,,,,,,,,,,,
2209955,Piauí,São João da Varjota,São João da Varjota - Piauí,,,,,,,,,,,,,,
2209971,Piauí,São João do Arraial,São João do Arraial - Piauí,,,,,,,,,,,,,,
2210003,Piauí,São João do Piauí,São João do Piauí - Piauí,,,,,,,,,,,,,,
2210052,Piauí,São José do Divino,São José do Divino - Piauí,,,,,,,,,,,,,,
2210102,Piauí,São José do Peixe,São José do Peixe - Piauí,,,,,,,,,,,,,,
2210201,Piauí,São José do Piauí,São José do Piauí - Piauí,,,,,,,,,,,,,,
2210300,Piauí,São Julião,São Julião - Piauí,,,,,,,,,,,,,,
2210359,Piauí,São Lourenço do Piauí,São Lourenço do Piauí - Piauí,,,,,,,,,,,,,,
2210375,Piauí,São Luis do Piauí,São Luis do Piauí - Piauí,,,,,,,,,,,,,,
2210383,Piauí,São Miguel da Baixa Grande,São Miguel da Baixa Grande - Piauí,,,,,,,,,,,,,,
2210391,Piauí,São Miguel do Fidalgo,São Miguel do Fidalgo - Piauí,,,,,,,,,,,,,,
2210409,Piauí,São Miguel do Tapuio,São Miguel do Tapuio - Piauí,,,,,,,,,,,,,,
2210508,Piauí,São Pedro do Piauí,São Pedro do Piauí - Piauí,,,,,,,,,,,,,,
2210607,Piauí,São Raimundo Nonato,São Raimundo Nonato - Piauí,,,,,,,,,,,,,,
2210623,Piauí,Sebastião Barros,Sebastião Barros - Piauí,,,,,,,,,,,,,,
2210631,Piauí,Sebastião Leal,Sebastião Leal - Piauí,,,,,,,,,,,,,,
2210656,Piauí,Sigefredo Pacheco,Sigefredo Pacheco - Piauí,,,,,,,,,,,,,,
2210706,Piauí,Simões,Simões - Piauí,,,,,,,,,,,,,,
2210805,Piauí,Simplício Mendes,Simplício Mendes - Piauí,,,,,,,,,,,,,,
2210904,Piauí,Socorro do Piauí,Socorro do Piauí - Piauí,,,,,,,,,,,,,,
2210938,Piauí,Sussuapara,Sussuapara - Piauí,,,,,,,,,,,,,,
2210953,Piauí,Tamboril do Piauí,Tamboril do Piauí - Piauí,,,,,,,,,,,,,,
2210979,Piauí,Tanque do Piauí,Tanque do Piauí - Piauí,,,,,,,,,,,,,,
2211001,Piauí,Teresina,Teresina - Piauí,,,,,,,,,,,,,,
2211100,Piauí,União,União - Piauí,,,,,,,,,,,,,,
2211209,Piauí,Uruçuí,Uruçuí - Piauí,,,,,,,,,,,,,,
2211308,Piauí,Valença do Piauí,Valença do Piauí - Piauí,,,,,,,,,,,,,,
2211357,Piauí,Várzea Branca,Várzea Branca - Piauí,,,,,,,,,,,,,,
2211407,Piauí,Várzea Grande,Várzea Grande - Piauí,,,,,,,,,,,,,,
2211506,Piauí,Vera Mendes,Vera Mendes - Piauí,,,,,,,,,,,,,,
2211605,Piauí,Vila Nova do Piauí,Vila Nova do Piauí - Piauí,,,,,,,,,,,,,,
2211704,Piauí,Wall Ferraz,Wall Ferraz - Piauí,,,,,,,,,,,,,,
2300101,Ceará,Abaiara,Abaiara - Ceará,,,,,,,,,,,,,,
2300150,Ceará,Acarape,Acarape - Ceará,,,,,,,,,,,,,,
2300200,Ceará,Acaraú,Acaraú - Ceará,,,,,,,,,,,,,,
2300309,Ceará,Acopiara,Acopiara - Ceará,,,,,,,,,,,,,,
2300408,Ceará,Aiuaba,Aiuaba - Ceará,,,,,,,,,,,,,,
2300507,Ceará,Alcântaras,Alcântaras - Ceará,,,,,,,,,,,,,,
2300606,Ceará,Altaneira,Altaneira - Ceará,,,,,,,,,,,,,,
2300705,Ceará,Alto Santo,Alto Santo - Ceará,,,,,,,,,,,,,,
2300754,Ceará,Amontada,Amontada - Ceará,,,,,,,,,,,,,,
2300804,Ceará,Antonina do Norte,Antonina do Norte - Ceará,,,,,,,,,,,,,,
2300903,Ceará,Apuiarés,Apuiarés - Ceará,,,,,,,,,,,,,,
2301000,Ceará,Aquiraz,Aquiraz - Ceará,,,,,,,,,,,,,,
2301109,Ceará,Aracati,Aracati - Ceará,,,,,,,,,,,,,,
2301208,Ceará,Aracoiaba,Aracoiaba - Ceará,,,,,,,,,,,,,,
2301257,Ceará,Ararendá,Ararendá - Ceará,,,,,,,,,,,,,,
2301307,Ceará,Araripe,Araripe - Ceará,,,,,,,,,,,,,,
2301406,Ceará,Aratuba,Aratuba - Ceará,,,,,,,,,,,,,,
2301505,Ceará,Arneiroz,Arneiroz - Ceará,,,,,,,,,,,,,,
2301604,Ceará,Assaré,Assaré - Ceará,,,,,,,,,,,,,,
2301703,Ceará,Aurora,Aurora - Ceará,,,,,,,,,,,,,,
2301802,Ceará,Baixio,Baixio - Ceará,,,,,,,,,,,,,,
2301851,Ceará,Banabuiú,Banabuiú - Ceará,,,,,,,,,,,,,,
2301901,Ceará,Barbalha,Barbalha - Ceará,,,,,,,,,,,,,,
2301950,Ceará,Barreira,Barreira - Ceará,,,,,,,,,,,,,,
2302008,Ceará,Barro,Barro - Ceará,,,,,,,,,,,,,,
2302057,Ceará,Barroquinha,Barroquinha - Ceará,,,,,,,,,,,,,,
2302107,Ceará,Baturité,Baturité - Ceará,,,,,,,,,,,,,,
2302206,Ceará,Beberibe,Beberibe - Ceará,,,,,,,,,,,,,,
2302305,Ceará,Bela Cruz,Bela Cruz - Ceará,,,,,,,,,,,,,,
2302404,Ceará,Boa Viagem,Boa Viagem - Ceará,,,,,,,,,,,,,,
2302503,Ceará,Brejo Santo,Brejo Santo - Ceará,,,,,,,,,,,,,,
2302602,Ceará,Camocim,Camocim - Ceará,,,,,,,,,,,,,,
2302701,Ceará,Campos Sales,Campos Sales - Ceará,,,,,,,,,,,,,,
2302800,Ceará,Canindé,Canindé - Ceará,,,,,,,,,,,,,,
2302909,Ceará,Capistrano,Capistrano - Ceará,,,,,,,,,,,,,,
2303006,Ceará,Caridade,Caridade - Ceará,,,,,,,,,,,,,,
2303105,Ceará,Cariré,Cariré - Ceará,,,,,,,,,,,,,,
2303204,Ceará,Caririaçu,Caririaçu - Ceará,,,,,,,,,,,,,,
2303303,Ceará,Cariús,Cariús - Ceará,,,,,,,,,,,,,,
2303402,Ceará,Carnaubal,Carnaubal - Ceará,,,,,,,,,,,,,,
2303501,Ceará,Cascavel,Cascavel - Ceará,,,,,,,,,,,,,,
2303600,Ceará,Catarina,Catarina - Ceará,,,,,,,,,,,,,,
2303659,Ceará,Catunda,Catunda - Ceará,,,,,,,,,,,,,,
2303709,Ceará,Caucaia,Caucaia - Ceará,,,,,,,,,,,,,,
2303808,Ceará,Cedro,Cedro - Ceará,,,,,,,,,,,,,,
2303907,Ceará,Chaval,Chaval - Ceará,,,,,,,,,,,,,,
2303931,Ceará,Choró,Choró - Ceará,,,,,,,,,,,,,,
2303956,Ceará,Chorozinho,Chorozinho - Ceará,,,,,,,,,,,,,,
2304004,Ceará,Coreaú,Coreaú - Ceará,,,,,,,,,,,,,,
2304103,Ceará,Crateús,Crateús - Ceará,,,,,,,,,,,,,,
2304202,Ceará,Crato,Crato - Ceará,,,,,,,,,,,,,,
2304236,Ceará,Croatá,Croatá - Ceará,,,,,,,,,,,,,,
2304251,Ceará,Cruz,Cruz - Ceará,,,,,,,,,,,,,,
2304269,Ceará,Deputado Irapuan Pinheiro,Deputado Irapuan Pinheiro - Ceará,,,,,,,,,,,,,,
2304277,Ceará,Ereré,Ereré - Ceará,,,,,,,,,,,,,,
2304285,Ceará,Eusébio,Eusébio - Ceará,,,,,,,,,,,,,,
2304301,Ceará,Farias Brito,Farias Brito - Ceará,,,,,,,,,,,,,,
2304350,Ceará,Forquilha,Forquilha - Ceará,,,,,,,,,,,,,,
2304400,Ceará,Fortaleza,Fortaleza - Ceará,,,,,,,,,,,,,,
2304459,Ceará,Fortim,Fortim - Ceará,,,,,,,,,,,,,,
2304509,Ceará,Frecheirinha,Frecheirinha - Ceará,,,,,,,,,,,,,,
2304608,Ceará,General Sampaio,General Sampaio - Ceará,,,,,,,,,,,,,,
2304657,Ceará,Graça,Graça - Ceará,,,,,,,,,,,,,,
2304707,Ceará,Granja,Granja - Ceará,,,,,,,,,,,,,,
2304806,Ceará,Granjeiro,Granjeiro - Ceará,,,,,,,,,,,,,,
2304905,Ceará,Groaíras,Groaíras - Ceará,,,,,,,,,,,,,,
2304954,Ceará,Guaiúba,Guaiúba - Ceará,,,,,,,,,,,,,,
2305001,Ceará,Guaraciaba do Norte,Guaraciaba do Norte - Ceará,,,,,,,,,,,,,,
2305100,Ceará,Guaramiranga,Guaramiranga - Ceará,,,,,,,,,,,,,,
2305209,Ceará,Hidrolândia,Hidrolândia - Ceará,,,,,,,,,,,,,,
2305233,Ceará,Horizonte,Horizonte - Ceará,,,,,,,,,,,,,,
2305266,Ceará,Ibaretama,Ibaretama - Ceará,,,,,,,,,,,,,,
2305308,Ceará,Ibiapina,Ibiapina - Ceará,,,,,,,,,,,,,,
2305332,Ceará,Ibicuitinga,Ibicuitinga - Ceará,,,,,,,,,,,,,,
2305357,Ceará,Icapuí,Icapuí - Ceará,,,,,,,,,,,,,,
2305407,Ceará,Icó,Icó - Ceará,,,,,,,,,,,,,,
2305506,Ceará,Iguatu,Iguatu - Ceará,,,,,,,,,,,,,,
2305605,Ceará,Independência,Independência - Ceará,,,,,,,,,,,,,,
2305654,Ceará,Ipaporanga,Ipaporanga - Ceará,,,,,,,,,,,,,,
2305704,Ceará,Ipaumirim,Ipaumirim - Ceará,,,,,,,,,,,,,,
2305803,Ceará,Ipu,Ipu - Ceará,,,,,,,,,,,,,,
2305902,Ceará,Ipueiras,Ipueiras - Ceará,,,,,,,,,,,,,,
2306009,Ceará,Iracema,Iracema - Ceará,,,,,,,,,,,,,,
2306108,Ceará,Irauçuba,Irauçuba - Ceará,,,,,,,,,,,,,,
2306207,Ceará,Itaiçaba,Itaiçaba - Ceará,,,,,,,,,,,,,,
2306256,Ceará,Itaitinga,Itaitinga - Ceará,,,,,,,,,,,,,,
2306306,Ceará,Itapajé,Itapajé - Ceará,,,,,,,,,,,,,,
2306405,Ceará,Itapipoca,Itapipoca - Ceará,,,,,,,,,,,,,,
2306504,Ceará,Itapiúna,Itapiúna - Ceará,,,,,,,,,,,,,,
2306553,Ceará,Itarema,Itarema - Ceará,,,,,,,,,,,,,,
2306603,Ceará,Itatira,Itatira - Ceará,,,,,,,,,,,,,,
2306702,Ceará,Jaguaretama,Jaguaretama - Ceará,,,,,,,,,,,,,,
2306801,Ceará,Jaguaribara,Jaguaribara - Ceará,,,,,,,,,,,,,,
2306900,Ceará,Jaguaribe,Jaguaribe - Ceará,,,,,,,,,,,,,,
2307007,Ceará,Jaguaruana,Jaguaruana - Ceará,,,,,,,,,,,,,,
2307106,Ceará,Jardim,Jardim - Ceará,,,,,,,,,,,,,,
2307205,Ceará,Jati,Jati - Ceará,,,,,,,,,,,,,,
2307254,Ceará,Jijoca de Jericoacoara,Jijoca de Jericoacoara - Ceará,,,,,,,,,,,,,,
2307304,Ceará,Juazeiro do Norte,Juazeiro do Norte - Ceará,,,,,,,,,,,,,,
2307403,Ceará,Jucás,Jucás - Ceará,,,,,,,,,,,,,,
2307502,Ceará,Lavras da Mangabeira,Lavras da Mangabeira - Ceará,,,,,,,,,,,,,,
2307601,Ceará,Limoeiro do Norte,Limoeiro do Norte - Ceará,,,,,,,,,,,,,,
2307635,Ceará,Madalena,Madalena - Ceará,,,,,,,,,,,,,,
2307650,Ceará,Maracanaú,Maracanaú - Ceará,,,,,,,,,,,,,,
2307700,Ceará,Maranguape,Maranguape - Ceará,,,,,,,,,,,,,,
2307809,Ceará,Marco,Marco - Ceará,,,,,,,,,,,,,,
2307908,Ceará,Martinópole,Martinópole - Ceará,,,,,,,,,,,,,,
2308005,Ceará,Massapê,Massapê - Ceará,,,,,,,,,,,,,,
2308104,Ceará,Mauriti,Mauriti - Ceará,,,,,,,,,,,,,,
2308203,Ceará,Meruoca,Meruoca - Ceará,,,,,,,,,,,,,,
2308302,Ceará,Milagres,Milagres - Ceará,,,,,,,,,,,,,,
2308351,Ceará,Milhã,Milhã - Ceará,,,,,,,,,,,,,,
2308377,Ceará,Miraíma,Miraíma - Ceará,,,,,,,,,,,,,,
2308401,Ceará,Missão Velha,Missão Velha - Ceará,,,,,,,,,,,,,,
2308500,Ceará,Mombaça,Mombaça - Ceará,,,,,,,,,,,,,,
2308609,Ceará,Monsenhor Tabosa,Monsenhor Tabosa - Ceará,,,,,,,,,,,,,,
2308708,Ceará,Morada Nova,Morada Nova - Ceará,,,,,,,,,,,,,,
2308807,Ceará,Moraújo,Moraújo - Ceará,,,,,,,,,,,,,,
2308906,Ceará,Morrinhos,Morrinhos - Ceará,,,,,,,,,,,,,,
2309003,Ceará,Mucambo,Mucambo - Ceará,,,,,,,,,,,,,,
2309102,Ceará,Mulungu,Mulungu - Ceará,,,,,,,,,,,,,,
2309201,Ceará,Nova Olinda,Nova Olinda - Ceará,,,,,,,,,,,,,,
2309300,Ceará,Nova Russas,Nova Russas - Ceará,,,,,,,,,,,,,,
2309409,Ceará,Novo Oriente,Novo Oriente - Ceará,,,,,,,,,,,,,,
2309458,Ceará,Ocara,Ocara - Ceará,,,,,,,,,,,,,,
2309508,Ceará,Orós,Orós - Ceará,,,,,,,,,,,,,,
2309607,Ceará,Pacajus,Pacajus - Ceará,,,,,,,,,,,,,,
2309706,Ceará,Pacatuba,Pacatuba - Ceará,,,,,,,,,,,,,,
2309805,Ceará,Pacoti,Pacoti - Ceará,,,,,,,,,,,,,,
2309904,Ceará,Pacujá,Pacujá - Ceará,,,,,,,,,,,,,,
2310001,Ceará,Palhano,Palhano - Ceará,,,,,,,,,,,,,,
2310100,Ceará,Palmácia,Palmácia - Ceará,,,,,,,,,,,,,,
2310209,Ceará,Paracuru,Paracuru - Ceará,,,,,,,,,,,,,,
2310258,Ceará,Paraipaba,Paraipaba - Ceará,,,,,,,,,,,,,,
2310308,Ceará,Parambu,Parambu - Ceará,,,,,,,,,,,,,,
2310407,Ceará,Paramoti,Paramoti - Ceará,,,,,,,,,,,,,,
2310506,Ceará,Pedra Branca,Pedra Branca - Ceará,,,,,,,,,,,,,,
2310605,Ceará,Penaforte,Penaforte - Ceará,,,,,,,,,,,,,,
2310704,Ceará,Pentecoste,Pentecoste - Ceará,,,,,,,,,,,,,,
2310803,Ceará,Pereiro,Pereiro - Ceará,,,,,,,,,,,,,,
2310852,Ceará,Pindoretama,Pindoretama - Ceará,,,,,,,,,,,,,,
2310902,Ceará,Piquet Carneiro,Piquet Carneiro - Ceará,,,,,,,,,,,,,,
2310951,Ceará,Pires Ferreira,Pires Ferreira - Ceará,,,,,,,,,,,,,,
2311009,Ceará,Poranga,Poranga - Ceará,,,,,,,,,,,,,,
2311108,Ceará,Porteiras,Porteiras - Ceará,,,,,,,,,,,,,,
2311207,Ceará,Potengi,Potengi - Ceará,,,,,,,,,,,,,,
2311231,Ceará,Potiretama,Potiretama - Ceará,,,,,,,,,,,,,,
2311264,Ceará,Quiterianópolis,Quiterianópolis - Ceará,,,,,,,,,,,,,,
2311306,Ceará,Quixadá,Quixadá - Ceará,,,,,,,,,,,,,,
2311355,Ceará,Quixelô,Quixelô - Ceará,,,,,,,,,,,,,,
2311405,Ceará,Quixeramobim,Quixeramobim - Ceará,,,,,,,,,,,,,,
2311504,Ceará,Quixeré,Quixeré - Ceará,,,,,,,,,,,,,,
2311603,Ceará,Redenção,Redenção - Ceará,,,,,,,,,,,,,,
2311702,Ceará,Reriutaba,Reriutaba - Ceará,,,,,,,,,,,,,,
2311801,Ceará,Russas,Russas - Ceará,,,,,,,,,,,,,,
2311900,Ceará,Saboeiro,Saboeiro - Ceará,,,,,,,,,,,,,,
2311959,Ceará,Salitre,Salitre - Ceará,,,,,,,,,,,,,,
2312205,Ceará,Santa Quitéria,Santa Quitéria - Ceará,,,,,,,,,,,,,,
2312007,Ceará,Santana do Acaraú,Santana do Acaraú - Ceará,,,,,,,,,,,,,,
2312106,Ceará,Santana do Cariri,Santana do Cariri - Ceará,,,,,,,,,,,,,,
2312304,Ceará,São Benedito,São Benedito - Ceará,,,,,,,,,,,,,,
2312403,Ceará,São Gonçalo do Amarante,São Gonçalo do Amarante - Ceará,,,,,,,,,,,,,,
2312502,Ceará,São João do Jaguaribe,São João do Jaguaribe - Ceará,,,,,,,,,,,,,,
2312601,Ceará,São Luís do Curu,São Luís do Curu - Ceará,,,,,,,,,,,,,,
2312700,Ceará,Senador Pompeu,Senador Pompeu - Ceará,,,,,,,,,,,,,,
2312809,Ceará,Senador Sá,Senador Sá - Ceará,,,,,,,,,,,,,,
2312908,Ceará,Sobral,Sobral - Ceará,,,,,,,,,,,,,,
2313005,Ceará,Solonópole,Solonópole - Ceará,,,,,,,,,,,,,,
2313104,Ceará,Tabuleiro do Norte,Tabuleiro do Norte - Ceará,,,,,,,,,,,,,,
2313203,Ceará,Tamboril,Tamboril - Ceará,,,,,,,,,,,,,,
2313252,Ceará,Tarrafas,Tarrafas - Ceará,,,,,,,,,,,,,,
2313302,Ceará,Tauá,Tauá - Ceará,,,,,,,,,,,,,,
2313351,Ceará,Tejuçuoca,Tejuçuoca - Ceará,,,,,,,,,,,,,,
2313401,Ceará,Tianguá,Tianguá - Ceará,,,,,,,,,,,,,,
2313500,Ceará,Trairi,Trairi - Ceará,,,,,,,,,,,,,,
2313559,Ceará,Tururu,Tururu - Ceará,,,,,,,,,,,,,,
2313609,Ceará,Ubajara,Ubajara - Ceará,,,,,,,,,,,,,,
2313708,Ceará,Umari,Umari - Ceará,,,,,,,,,,,,,,
2313757,Ceará,Umirim,Umirim - Ceará,,,,,,,,,,,,,,
2313807,Ceará,Uruburetama,Uruburetama - Ceará,,,,,,,,,,,,,,
2313906,Ceará,Uruoca,Uruoca - Ceará,,,,,,,,,,,,,,
2313955,Ceará,Varjota,Varjota - Ceará,,,,,,,,,,,,,,
2314003,Ceará,Várzea Alegre,Várzea Alegre - Ceará,,,,,,,,,,,,,,
2314102,Ceará,Viçosa do Ceará,Viçosa do Ceará - Ceará,,,,,,,,,,,,,,
2400109,Rio Grande do Norte,Acari,Acari - Rio Grande do Norte,,,,,,,,,,,,,,
2400208,Rio Grande do Norte,Açu,Açu - Rio Grande do Norte,,,,,,,,,,,,,,
2400307,Rio Grande do Norte,Afonso Bezerra,Afonso Bezerra - Rio Grande do Norte,,,,,,,,,,,,,,
2400406,Rio Grande do Norte,Água Nova,Água Nova - Rio Grande do Norte,,,,,,,,,,,,,,
2400505,Rio Grande do Norte,Alexandria,Alexandria - Rio Grande do Norte,,,,,,,,,,,,,,
2400604,Rio Grande do Norte,Almino Afonso,Almino Afonso - Rio Grande do Norte,,,,,,,,,,,,,,
2400703,Rio Grande do Norte,Alto do Rodrigues,Alto do Rodrigues - Rio Grande do Norte,,,,,,,,,,,,,,
2400802,Rio Grande do Norte,Angicos,Angicos - Rio Grande do Norte,,,,,,,,,,,,,,
2400901,Rio Grande do Norte,Antônio Martins,Antônio Martins - Rio Grande do Norte,,,,,,,,,,,,,,
2401008,Rio Grande do Norte,Apodi,Apodi - Rio Grande do Norte,,,,,,,,,,,,,,
2401107,Rio Grande do Norte,Areia Branca,Areia Branca - Rio Grande do Norte,,,,,,,,,,,,,,
2401206,Rio Grande do Norte,Arês,Arês - Rio Grande do Norte,,,,,,,,,,,,,,
2401404,Rio Grande do Norte,Baía Formosa,Baía Formosa - Rio Grande do Norte,,,,,,,,,,,,,,
2401453,Rio Grande do Norte,Baraúna,Baraúna - Rio Grande do Norte,,,,,,,,,,,,,,
2401503,Rio Grande do Norte,Barcelona,Barcelona - Rio Grande do Norte,,,,,,,,,,,,,,
2401602,Rio Grande do Norte,Bento Fernandes,Bento Fernandes - Rio Grande do Norte,,,,,,,,,,,,,,
2401651,Rio Grande do Norte,Bodó,Bodó - Rio Grande do Norte,,,,,,,,,,,,,,
2401701,Rio Grande do Norte,Bom Jesus,Bom Jesus - Rio Grande do Norte,,,,,,,,,,,,,,
2401800,Rio Grande do Norte,Brejinho,Brejinho - Rio Grande do Norte,,,,,,,,,,,,,,
2401859,Rio Grande do Norte,Caiçara do Norte,Caiçara do Norte - Rio Grande do Norte,,,,,,,,,,,,,,
2401909,Rio Grande do Norte,Caiçara do Rio do Vento,Caiçara do Rio do Vento - Rio Grande do Norte,,,,,,,,,,,,,,
2402006,Rio Grande do Norte,Caicó,Caicó - Rio Grande do Norte,,,,,,,,,,,,,,
2401305,Rio Grande do Norte,Campo Grande,Campo Grande - Rio Grande do Norte,,,,,,,,,,,,,,
2402105,Rio Grande do Norte,Campo Redondo,Campo Redondo - Rio Grande do Norte,,,,,,,,,,,,,,
2402204,Rio Grande do Norte,Canguaretama,Canguaretama - Rio Grande do Norte,,,,,,,,,,,,,,
2402303,Rio Grande do Norte,Caraúbas,Caraúbas - Rio Grande do Norte,,,,,,,,,,,,,,
2402402,Rio Grande do Norte,Carnaúba dos Dantas,Carnaúba dos Dantas - Rio Grande do Norte,,,,,,,,,,,,,,
2402501,Rio Grande do Norte,Carnaubais,Carnaubais - Rio Grande do Norte,,,,,,,,,,,,,,
2402600,Rio Grande do Norte,Ceará-Mirim,Ceará-Mirim - Rio Grande do Norte,,,,,,,,,,,,,,
2402709,Rio Grande do Norte,Cerro Corá,Cerro Corá - Rio Grande do Norte,,,,,,,,,,,,,,
2402808,Rio Grande do Norte,Coronel Ezequiel,Coronel Ezequiel - Rio Grande do Norte,,,,,,,,,,,,,,
2402907,Rio Grande do Norte,Coronel João Pessoa,Coronel João Pessoa - Rio Grande do Norte,,,,,,,,,,,,,,
2403004,Rio Grande do Norte,Cruzeta,Cruzeta - Rio Grande do Norte,,,,,,,,,,,,,,
2403103,Rio Grande do Norte,Currais Novos,Currais Novos - Rio Grande do Norte,,,,,,,,,,,,,,
2403202,Rio Grande do Norte,Doutor Severiano,Doutor Severiano - Rio Grande do Norte,,,,,,,,,,,,,,
2403301,Rio Grande do Norte,Encanto,Encanto - Rio Grande do Norte,,,,,,,,,,,,,,
2403400,Rio Grande do Norte,Equador,Equador - Rio Grande do Norte,,,,,,,,,,,,,,
2403509,Rio Grande do Norte,Espírito Santo,Espírito Santo - Rio Grande do Norte,,,,,,,,,,,,,,
2403608,Rio Grande do Norte,Extremoz,Extremoz - Rio Grande do Norte,,,,,,,,,,,,,,
2403707,Rio Grande do Norte,Felipe Guerra,Felipe Guerra - Rio Grande do Norte,,,,,,,,,,,,,,
2403756,Rio Grande do Norte,Fernando Pedroza,Fernando Pedroza - Rio Grande do Norte,,,,,,,,,,,,,,
2403806,Rio Grande do Norte,Florânia,Florânia - Rio Grande do Norte,,,,,,,,,,,,,,
2403905,Rio Grande do Norte,Francisco Dantas,Francisco Dantas - Rio Grande do Norte,,,,,,,,,,,,,,
2404002,Rio Grande do Norte,Frutuoso Gomes,Frutuoso Gomes - Rio Grande do Norte,,,,,,,,,,,,,,
2404101,Rio Grande do Norte,Galinhos,Galinhos - Rio Grande do Norte,,,,,,,,,,,,,,
2404200,Rio Grande do Norte,Goianinha,Goianinha - Rio Grande do Norte,,,,,,,,,,,,,,
2404309,Rio Grande do Norte,Governador Dix-Sept Rosado,Governador Dix-Sept Rosado - Rio Grande do Norte,,,,,,,,,,,,,,
2404408,Rio Grande do Norte,Grossos,Grossos - Rio Grande do Norte,,,,,,,,,,,,,,
2404507,Rio Grande do Norte,Guamaré,Guamaré - Rio Grande do Norte,,,,,,,,,,,,,,
2404606,Rio Grande do Norte,Ielmo Marinho,Ielmo Marinho - Rio Grande do Norte,,,,,,,,,,,,,,
2404705,Rio Grande do Norte,Ipanguaçu,Ipanguaçu - Rio Grande do Norte,,,,,,,,,,,,,,
2404804,Rio Grande do Norte,Ipueira,Ipueira - Rio Grande do Norte,,,,,,,,,,,,,,
2404853,Rio Grande do Norte,Itajá,Itajá - Rio Grande do Norte,,,,,,,,,,,,,,
2404903,Rio Grande do Norte,Itaú,Itaú - Rio Grande do Norte,,,,,,,,,,,,,,
2405009,Rio Grande do Norte,Jaçanã,Jaçanã - Rio Grande do Norte,,,,,,,,,,,,,,
2405108,Rio Grande do Norte,Jandaíra,Jandaíra - Rio Grande do Norte,,,,,,,,,,,,,,
2405207,Rio Grande do Norte,Janduís,Janduís - Rio Grande do Norte,,,,,,,,,,,,,,
2405306,Rio Grande do Norte,Januário Cicco,Januário Cicco - Rio Grande do Norte,,,,,,,,,,,,,,
2405405,Rio Grande do Norte,Japi,Japi - Rio Grande do Norte,,,,,,,,,,,,,,
2405504,Rio Grande do Norte,Jardim de Angicos,Jardim de Angicos - Rio Grande do Norte,,,,,,,,,,,,,,
2405603,Rio Grande do Norte,Jardim de Piranhas,Jardim de Piranhas - Rio Grande do Norte,,,,,,,,,,,,,,
2405702,Rio Grande do Norte,Jardim do Seridó,Jardim do Seridó - Rio Grande do Norte,,,,,,,,,,,,,,
2405801,Rio Grande do Norte,João Câmara,João Câmara - Rio Grande do Norte,,,,,,,,,,,,,,
2405900,Rio Grande do Norte,João Dias,João Dias - Rio Grande do Norte,,,,,,,,,,,,,,
2406007,Rio Grande do Norte,José da Penha,José da Penha - Rio Grande do Norte,,,,,,,,,,,,,,
2406106,Rio Grande do Norte,Jucurutu,Jucurutu - Rio Grande do Norte,,,,,,,,,,,,,,
2406155,Rio Grande do Norte,Jundiá,Jundiá - Rio Grande do Norte,,,,,,,,,,,,,,
2406205,Rio Grande do Norte,Lagoa d'Anta,Lagoa d'Anta - Rio Grande do Norte,,,,,,,,,,,,,,
2406304,Rio Grande do Norte,Lagoa de Pedras,Lagoa de Pedras - Rio Grande do Norte,,,,,,,,,,,,,,
2406403,Rio Grande do Norte,Lagoa de Velhos,Lagoa de Velhos - Rio Grande do Norte,,,,,,,,,,,,,,
2406502,Rio Grande do Norte,Lagoa Nova,Lagoa Nova - Rio Grande do Norte,,,,,,,,,,,,,,
2406601,Rio Grande do Norte,Lagoa Salgada,Lagoa Salgada - Rio Grande do Norte,,,,,,,,,,,,,,
2406700,Rio Grande do Norte,Lajes,Lajes - Rio Grande do Norte,,,,,,,,,,,,,,
2406809,Rio Grande do Norte,Lajes Pintadas,Lajes Pintadas - Rio Grande do Norte,,,,,,,,,,,,,,
2406908,Rio Grande do Norte,Lucrécia,Lucrécia - Rio Grande do Norte,,,,,,,,,,,,,,
2407005,Rio Grande do Norte,Luís Gomes,Luís Gomes - Rio Grande do Norte,,,,,,,,,,,,,,
2407104,Rio Grande do Norte,Macaíba,Macaíba - Rio Grande do Norte,,,,,,,,,,,,,,
2407203,Rio Grande do Norte,Macau,Macau - Rio Grande do Norte,,,,,,,,,,,,,,
2407252,Rio Grande do Norte,Major Sales,Major Sales - Rio Grande do Norte,,,,,,,,,,,,,,
2407302,Rio Grande do Norte,Marcelino Vieira,Marcelino Vieira - Rio Grande do Norte,,,,,,,,,,,,,,
2407401,Rio Grande do Norte,Martins,Martins - Rio Grande do Norte,,,,,,,,,,,,,,
2407500,Rio Grande do Norte,Maxaranguape,Maxaranguape - Rio Grande do Norte,,,,,,,,,,,,,,
2407609,Rio Grande do Norte,Messias Targino,Messias Targino - Rio Grande do Norte,,,,,,,,,,,,,,
2407708,Rio Grande do Norte,Montanhas,Montanhas - Rio Grande do Norte,,,,,,,,,,,,,,
2407807,Rio Grande do Norte,Monte Alegre,Monte Alegre - Rio Grande do Norte,,,,,,,,,,,,,,
2407906,Rio Grande do Norte,Monte das Gameleiras,Monte das Gameleiras - Rio Grande do Norte,,,,,,,,,,,,,,
2408003,Rio Grande do Norte,Mossoró,Mossoró - Rio Grande do Norte,,,,,,,,,,,,,,
2408102,Rio Grande do Norte,Natal,Natal - Rio Grande do Norte,,,,,,,,,,,,,,
2408201,Rio Grande do Norte,Nísia Floresta,Nísia Floresta - Rio Grande do Norte,,,,,,,,,,,,,,
2408300,Rio Grande do Norte,Nova Cruz,Nova Cruz - Rio Grande do Norte,,,,,,,,,,,,,,
2408409,Rio Grande do Norte,Olho d'Água do Borges,Olho d'Água do Borges - Rio Grande do Norte,,,,,,,,,,,,,,
2408508,Rio Grande do Norte,Ouro Branco,Ouro Branco - Rio Grande do Norte,,,,,,,,,,,,,,
2408607,Rio Grande do Norte,Paraná,Paraná - Rio Grande do Norte,,,,,,,,,,,,,,
2408706,Rio Grande do Norte,Paraú,Paraú - Rio Grande do Norte,,,,,,,,,,,,,,
2408805,Rio Grande do Norte,Parazinho,Parazinho - Rio Grande do Norte,,,,,,,,,,,,,,
2408904,Rio Grande do Norte,Parelhas,Parelhas - Rio Grande do Norte,,,,,,,,,,,,,,
2403251,Rio Grande do Norte,Parnamirim,Parnamirim - Rio Grande do Norte,,,,,,,,,,,,,,
2409100,Rio Grande do Norte,Passa e Fica,Passa e Fica - Rio Grande do Norte,,,,,,,,,,,,,,
2409209,Rio Grande do Norte,Passagem,Passagem - Rio Grande do Norte,,,,,,,,,,,,,,
2409308,Rio Grande do Norte,Patu,Patu - Rio Grande do Norte,,,,,,,,,,,,,,
2409407,Rio Grande do Norte,Pau dos Ferros,Pau dos Ferros - Rio Grande do Norte,,,,,,,,,,,,,,
2409506,Rio Grande do Norte,Pedra Grande,Pedra Grande - Rio Grande do Norte,,,,,,,,,,,,,,
2409605,Rio Grande do Norte,Pedra Preta,Pedra Preta - Rio Grande do Norte,,,,,,,,,,,,,,
2409704,Rio Grande do Norte,Pedro Avelino,Pedro Avelino - Rio Grande do Norte,,,,,,,,,,,,,,
2409803,Rio Grande do Norte,Pedro Velho,Pedro Velho - Rio Grande do Norte,,,,,,,,,,,,,,
2409902,Rio Grande do Norte,Pendências,Pendências - Rio Grande do Norte,,,,,,,,,,,,,,
2410009,Rio Grande do Norte,Pilões,Pilões - Rio Grande do Norte,,,,,,,,,,,,,,
2410108,Rio Grande do Norte,Poço Branco,Poço Branco - Rio Grande do Norte,,,,,,,,,,,,,,
2410207,Rio Grande do Norte,Portalegre,Portalegre - Rio Grande do Norte,,,,,,,,,,,,,,
2410256,Rio Grande do Norte,Porto do Mangue,Porto do Mangue - Rio Grande do Norte,,,,,,,,,,,,,,
2410405,Rio Grande do Norte,Pureza,Pureza - Rio Grande do Norte,,,,,,,,,,,,,,
2410504,Rio Grande do Norte,Rafael Fernandes,Rafael Fernandes - Rio Grande do Norte,,,,,,,,,,,,,,
2410603,Rio Grande do Norte,Rafael Godeiro,Rafael Godeiro - Rio Grande do Norte,,,,,,,,,,,,,,
2410702,Rio Grande do Norte,Riacho da Cruz,Riacho da Cruz - Rio Grande do Norte,,,,,,,,,,,,,,
2410801,Rio Grande do Norte,Riacho de Santana,Riacho de Santana - Rio Grande do Norte,,,,,,,,,,,,,,
2410900,Rio Grande do Norte,Riachuelo,Riachuelo - Rio Grande do Norte,,,,,,,,,,,,,,
2408953,Rio Grande do Norte,Rio do Fogo,Rio do Fogo - Rio Grande do Norte,,,,,,,,,,,,,,
2411007,Rio Grande do Norte,Rodolfo Fernandes,Rodolfo Fernandes - Rio Grande do Norte,,,,,,,,,,,,,,
2411106,Rio Grande do Norte,Ruy Barbosa,Ruy Barbosa - Rio Grande do Norte,,,,,,,,,,,,,,
2411205,Rio Grande do Norte,Santa Cruz,Santa Cruz - Rio Grande do Norte,,,,,,,,,,,,,,
2409332,Rio Grande do Norte,Santa Maria,Santa Maria - Rio Grande do Norte,,,,,,,,,,,,,,
2411403,Rio Grande do Norte,Santana do Matos,Santana do Matos - Rio Grande do Norte,,,,,,,,,,,,,,
2411429,Rio Grande do Norte,Santana do Seridó,Santana do Seridó - Rio Grande do Norte,,,,,,,,,,,,,,
2411502,Rio Grande do Norte,Santo Antônio,Santo Antônio - Rio Grande do Norte,,,,,,,,,,,,,,
2411601,Rio Grande do Norte,São Bento do Norte,São Bento do Norte - Rio Grande do Norte,,,,,,,,,,,,,,
2411700,Rio Grande do Norte,São Bento do Trairí,São Bento do Trairí - Rio Grande do Norte,,,,,,,,,,,,,,
2411809,Rio Grande do Norte,São Fernando,São Fernando - Rio Grande do Norte,,,,,,,,,,,,,,
2411908,Rio Grande do Norte,São Francisco do Oeste,São Francisco do Oeste - Rio Grande do Norte,,,,,,,,,,,,,,
2412005,Rio Grande do Norte,São Gonçalo do Amarante,São Gonçalo do Amarante - Rio Grande do Norte,,,,,,,,,,,,,,
2412104,Rio Grande do Norte,São João do Sabugi,São João do Sabugi - Rio Grande do Norte,,,,,,,,,,,,,,
2412203,Rio Grande do Norte,São José de Mipibu,São José de Mipibu - Rio Grande do Norte,,,,,,,,,,,,,,
2412302,Rio Grande do Norte,São José do Campestre,São José do Campestre - Rio Grande do Norte,,,,,,,,,,,,,,
2412401,Rio Grande do Norte,São José do Seridó,São José do Seridó - Rio Grande do Norte,,,,,,,,,,,,,,
2412500,Rio Grande do Norte,São Miguel,São Miguel - Rio Grande do Norte,,,,,,,,,,,,,,
2412559,Rio Grande do Norte,São Miguel do Gostoso,São Miguel do Gostoso - Rio Grande do Norte,,,,,,,,,,,,,,
2412609,Rio Grande do Norte,São Paulo do Potengi,São Paulo do Potengi - Rio Grande do Norte,,,,,,,,,,,,,,
2412708,Rio Grande do Norte,São Pedro,São Pedro - Rio Grande do Norte,,,,,,,,,,,,,,
2412807,Rio Grande do Norte,São Rafael,São Rafael - Rio Grande do Norte,,,,,,,,,,,,,,
2412906,Rio Grande do Norte,São Tomé,São Tomé - Rio Grande do Norte,,,,,,,,,,,,,,
2413003,Rio Grande do Norte,São Vicente,São Vicente - Rio Grande do Norte,,,,,,,,,,,,,,
2413102,Rio Grande do Norte,Senador Elói de Souza,Senador Elói de Souza - Rio Grande do Norte,,,,,,,,,,,,,,
2413201,Rio Grande do Norte,Senador Georgino Avelino,Senador Georgino Avelino - Rio Grande do Norte,,,,,,,,,,,,,,
2410306,Rio Grande do Norte,Serra Caiada,Serra Caiada - Rio Grande do Norte,,,,,,,,,,,,,,
2413300,Rio Grande do Norte,Serra de São Bento,Serra de São Bento - Rio Grande do Norte,,,,,,,,,,,,,,
2413359,Rio Grande do Norte,Serra do Mel,Serra do Mel - Rio Grande do Norte,,,,,,,,,,,,,,
2413409,Rio Grande do Norte,Serra Negra do Norte,Serra Negra do Norte - Rio Grande do Norte,,,,,,,,,,,,,,
2413508,Rio Grande do Norte,Serrinha,Serrinha - Rio Grande do Norte,,,,,,,,,,,,,,
2413557,Rio Grande do Norte,Serrinha dos Pintos,Serrinha dos Pintos - Rio Grande do Norte,,,,,,,,,,,,,,
2413607,Rio Grande do Norte,Severiano Melo,Severiano Melo - Rio Grande do Norte,,,,,,,,,,,,,,
2413706,Rio Grande do Norte,Sítio Novo,Sítio Novo - Rio Grande do Norte,,,,,,,,,,,,,,
2413805,Rio Grande do Norte,Taboleiro Grande,Taboleiro Grande - Rio Grande do Norte,,,,,,,,,,,,,,
2413904,Rio Grande do Norte,Taipu,Taipu - Rio Grande do Norte,,,,,,,,,,,,,,
2414001,Rio Grande do Norte,Tangará,Tangará - Rio Grande do Norte,,,,,,,,,,,,,,
2414100,Rio Grande do Norte,Tenente Ananias,Tenente Ananias - Rio Grande do Norte,,,,,,,,,,,,,,
2414159,Rio Grande do Norte,Tenente Laurentino Cruz,Tenente Laurentino Cruz - Rio Grande do Norte,,,,,,,,,,,,,,
2411056,Rio Grande do Norte,Tibau,Tibau - Rio Grande do Norte,,,,,,,,,,,,,,
2414209,Rio Grande do Norte,Tibau do Sul,Tibau do Sul - Rio Grande do Norte,,,,,,,,,,,,,,
2414308,Rio Grande do Norte,Timbaúba dos Batistas,Timbaúba dos Batistas - Rio Grande do Norte,,,,,,,,,,,,,,
2414407,Rio Grande do Norte,Touros,Touros - Rio Grande do Norte,,,,,,,,,,,,,,
2414456,Rio Grande do Norte,Triunfo Potiguar,Triunfo Potiguar - Rio Grande do Norte,,,,,,,,,,,,,,
2414506,Rio Grande do Norte,Umarizal,Umarizal - Rio Grande do Norte,,,,,,,,,,,,,,
2414605,Rio Grande do Norte,Upanema,Upanema - Rio Grande do Norte,,,,,,,,,,,,,,
2414704,Rio Grande do Norte,Várzea,Várzea - Rio Grande do Norte,,,,,,,,,,,,,,
2414753,Rio Grande do Norte,Venha-Ver,Venha-Ver - Rio Grande do Norte,,,,,,,,,,,,,,
2414803,Rio Grande do Norte,Vera Cruz,Vera Cruz - Rio Grande do Norte,,,,,,,,,,,,,,
2414902,Rio Grande do Norte,Viçosa,Viçosa - Rio Grande do Norte,,,,,,,,,,,,,,
2415008,Rio Grande do Norte,Vila Flor,Vila Flor - Rio Grande do Norte,,,,,,,,,,,,,,
2500106,Paraíba,Água Branca,Água Branca - Paraíba,,,,,,,,,,,,,,
2500205,Paraíba,Aguiar,Aguiar - Paraíba,,,,,,,,,,,,,,
2500304,Paraíba,Alagoa Grande,Alagoa Grande - Paraíba,,,,,,,,,,,,,,
2500403,Paraíba,Alagoa Nova,Alagoa Nova - Paraíba,,,,,,,,,,,,,,
2500502,Paraíba,Alagoinha,Alagoinha - Paraíba,,,,,,,,,,,,,,
2500536,Paraíba,Alcantil,Alcantil - Paraíba,,,,,,,,,,,,,,
2500577,Paraíba,Algodão de Jandaíra,Algodão de Jandaíra - Paraíba,,,,,,,,,,,,,,
2500601,Paraíba,Alhandra,Alhandra - Paraíba,,,,,,,,,,,,,,
2500734,Paraíba,Amparo,Amparo - Paraíba,,,,,,,,,,,,,,
2500775,Paraíba,Aparecida,Aparecida - Paraíba,,,,,,,,,,,,,,
2500809,Paraíba,Araçagi,Araçagi - Paraíba,,,,,,,,,,,,,,
2500908,Paraíba,Arara,Arara - Paraíba,,,,,,,,,,,,,,
2501005,Paraíba,Araruna,Araruna - Paraíba,,,,,,,,,,,,,,
2501104,Paraíba,Areia,Areia - Paraíba,,,,,,,,,,,,,,
2501153,Paraíba,Areia de Baraúnas,Areia de Baraúnas - Paraíba,,,,,,,,,,,,,,
2501203,Paraíba,Areial,Areial - Paraíba,,,,,,,,,,,,,,
2501302,Paraíba,Aroeiras,Aroeiras - Paraíba,,,,,,,,,,,,,,
2501351,Paraíba,Assunção,Assunção - Paraíba,,,,,,,,,,,,,,
2501401,Paraíba,Baía da Traição,Baía da Traição - Paraíba,,,,,,,,,,,,,,
2501500,Paraíba,Bananeiras,Bananeiras - Paraíba,,,,,,,,,,,,,,
2501534,Paraíba,Baraúna,Baraúna - Paraíba,,,,,,,,,,,,,,
2501609,Paraíba,Barra de Santa Rosa,Barra de Santa Rosa - Paraíba,,,,,,,,,,,,,,
2501575,Paraíba,Barra de Santana,Barra de Santana - Paraíba,,,,,,,,,,,,,,
2501708,Paraíba,Barra de São Miguel,Barra de São Miguel - Paraíba,,,,,,,,,,,,,,
2501807,Paraíba,Bayeux,Bayeux - Paraíba,,,,,,,,,,,,,,
2501906,Paraíba,Belém,Belém - Paraíba,,,,,,,,,,,,,,
2502003,Paraíba,Belém do Brejo do Cruz,Belém do Brejo do Cruz - Paraíba,,,,,,,,,,,,,,
2502052,Paraíba,Bernardino Batista,Bernardino Batista - Paraíba,,,,,,,,,,,,,,
2502102,Paraíba,Boa Ventura,Boa Ventura - Paraíba,,,,,,,,,,,,,,
2502151,Paraíba,Boa Vista,Boa Vista - Paraíba,,,,,,,,,,,,,,
2502201,Paraíba,Bom Jesus,Bom Jesus - Paraíba,,,,,,,,,,,,,,
2502300,Paraíba,Bom Sucesso,Bom Sucesso - Paraíba,,,,,,,,,,,,,,
2502409,Paraíba,Bonito de Santa Fé,Bonito de Santa Fé - Paraíba,,,,,,,,,,,,,,
2502508,Paraíba,Boqueirão,Boqueirão - Paraíba,,,,,,,,,,,,,,
2502706,Paraíba,Borborema,Borborema - Paraíba,,,,,,,,,,,,,,
2502805,Paraíba,Brejo do Cruz,Brejo do Cruz - Paraíba,,,,,,,,,,,,,,
2502904,Paraíba,Brejo dos Santos,Brejo dos Santos - Paraíba,,,,,,,,,,,,,,
2503001,Paraíba,Caaporã,Caaporã - Paraíba,,,,,,,,,,,,,,
2503100,Paraíba,Cabaceiras,Cabaceiras - Paraíba,,,,,,,,,,,,,,
2503209,Paraíba,Cabedelo,Cabedelo - Paraíba,,,,,,,,,,,,,,
2503308,Paraíba,Cachoeira dos Índios,Cachoeira dos Índios - Paraíba,,,,,,,,,,,,,,
2503407,Paraíba,Cacimba de Areia,Cacimba de Areia - Paraíba,,,,,,,,,,,,,,
2503506,Paraíba,Cacimba de Dentro,Cacimba de Dentro - Paraíba,,,,,,,,,,,,,,
2503555,Paraíba,Cacimbas,Cacimbas - Paraíba,,,,,,,,,,,,,,
2503605,Paraíba,Caiçara,Caiçara - Paraíba,,,,,,,,,,,,,,
2503704,Paraíba,Cajazeiras,Cajazeiras - Paraíba,,,,,,,,,,,,,,
2503753,Paraíba,Cajazeirinhas,Cajazeirinhas - Paraíba,,,,,,,,,,,,,,
2503803,Paraíba,Caldas Brandão,Caldas Brandão - Paraíba,,,,,,,,,,,,,,
2503902,Paraíba,Camalaú,Camalaú - Paraíba,,,,,,,,,,,,,,
2504009,Paraíba,Campina Grande,Campina Grande - Paraíba,,,,,,,,,,,,,,
2504033,Paraíba,Capim,Capim - Paraíba,,,,,,,,,,,,,,
2504074,Paraíba,Caraúbas,Caraúbas - Paraíba,,,,,,,,,,,,,,
2504108,Paraíba,Carrapateira,Carrapateira - Paraíba,,,,,,,,,,,,,,
2504157,Paraíba,Casserengue,Casserengue - Paraíba,,,,,,,,,,,,,,
2504207,Paraíba,Catingueira,Catingueira - Paraíba,,,,,,,,,,,,,,
2504306,Paraíba,Catolé do Rocha,Catolé do Rocha - Paraíba,,,,,,,,,,,,,,
2504355,Paraíba,Caturité,Caturité - Paraíba,,,,,,,,,,,,,,
2504405,Paraíba,Conceição,Conceição - Paraíba,,,,,,,,,,,,,,
2504504,Paraíba,Condado,Condado - Paraíba,,,,,,,,,,,,,,
2504603,Paraíba,Conde,Conde - Paraíba,,,,,,,,,,,,,,
2504702,Paraíba,Congo,Congo - Paraíba,,,,,,,,,,,,,,
2504801,Paraíba,Coremas,Coremas - Paraíba,,,,,,,,,,,,,,
2504850,Paraíba,Coxixola,Coxixola - Paraíba,,,,,,,,,,,,,,
2504900,Paraíba,Cruz do Espírito Santo,Cruz do Espírito Santo - Paraíba,,,,,,,,,,,,,,
2505006,Paraíba,Cubati,Cubati - Paraíba,,,,,,,,,,,,,,
2505105,Paraíba,Cuité,Cuité - Paraíba,,,,,,,,,,,,,,
2505238,Paraíba,Cuité de Mamanguape,Cuité de Mamanguape - Paraíba,,,,,,,,,,,,,,
2505204,Paraíba,Cuitegi,Cuitegi - Paraíba,,,,,,,,,,,,,,
2505279,Paraíba,Curral de Cima,Curral de Cima - Paraíba,,,,,,,,,,,,,,
2505303,Paraíba,Curral Velho,Curral Velho - Paraíba,,,,,,,,,,,,,,
2505352,Paraíba,Damião,Damião - Paraíba,,,,,,,,,,,,,,
2505402,Paraíba,Desterro,Desterro - Paraíba,,,,,,,,,,,,,,
2505600,Paraíba,Diamante,Diamante - Paraíba,,,,,,,,,,,,,,
2505709,Paraíba,Dona Inês,Dona Inês - Paraíba,,,,,,,,,,,,,,
2505808,Paraíba,Duas Estradas,Duas Estradas - Paraíba,,,,,,,,,,,,,,
2505907,Paraíba,Emas,Emas - Paraíba,,,,,,,,,,,,,,
2506004,Paraíba,Esperança,Esperança - Paraíba,,,,,,,,,,,,,,
2506103,Paraíba,Fagundes,Fagundes - Paraíba,,,,,,,,,,,,,,
2506202,Paraíba,Frei Martinho,Frei Martinho - Paraíba,,,,,,,,,,,,,,
2506251,Paraíba,Gado Bravo,Gado Bravo - Paraíba,,,,,,,,,,,,,,
2506301,Paraíba,Guarabira,Guarabira - Paraíba,,,,,,,,,,,,,,
2506400,Paraíba,Gurinhém,Gurinhém - Paraíba,,,,,,,,,,,,,,
2506509,Paraíba,Gurjão,Gurjão - Paraíba,,,,,,,,,,,,,,
2506608,Paraíba,Ibiara,Ibiara - Paraíba,,,,,,,,,,,,,,
2502607,Paraíba,Igaracy,Igaracy - Paraíba,,,,,,,,,,,,,,
2506707,Paraíba,Imaculada,Imaculada - Paraíba,,,,,,,,,,,,,,
2506806,Paraíba,Ingá,Ingá - Paraíba,,,,,,,,,,,,,,
2506905,Paraíba,Itabaiana,Itabaiana - Paraíba,,,,,,,,,,,,,,
2507002,Paraíba,Itaporanga,Itaporanga - Paraíba,,,,,,,,,,,,,,
2507101,Paraíba,Itapororoca,Itapororoca - Paraíba,,,,,,,,,,,,,,
2507200,Paraíba,Itatuba,Itatuba - Paraíba,,,,,,,,,,,,,,
2507309,Paraíba,Jacaraú,Jacaraú - Paraíba,,,,,,,,,,,,,,
2507408,Paraíba,Jericó,Jericó - Paraíba,,,,,,,,,,,,,,
2507507,Paraíba,João Pessoa,João Pessoa - Paraíba,,,,,,,,,,,,,,
2513653,Paraíba,Joca Claudino,Joca Claudino - Paraíba,,,,,,,,,,,,,,
2507606,Paraíba,Juarez Távora,Juarez Távora - Paraíba,,,,,,,,,,,,,,
2507705,Paraíba,Juazeirinho,Juazeirinho - Paraíba,,,,,,,,,,,,,,
2507804,Paraíba,Junco do Seridó,Junco do Seridó - Paraíba,,,,,,,,,,,,,,
2507903,Paraíba,Juripiranga,Juripiranga - Paraíba,,,,,,,,,,,,,,
2508000,Paraíba,Juru,Juru - Paraíba,,,,,,,,,,,,,,
2508109,Paraíba,Lagoa,Lagoa - Paraíba,,,,,,,,,,,,,,
2508208,Paraíba,Lagoa de Dentro,Lagoa de Dentro - Paraíba,,,,,,,,,,,,,,
2508307,Paraíba,Lagoa Seca,Lagoa Seca - Paraíba,,,,,,,,,,,,,,
2508406,Paraíba,Lastro,Lastro - Paraíba,,,,,,,,,,,,,,
2508505,Paraíba,Livramento,Livramento - Paraíba,,,,,,,,,,,,,,
2508554,Paraíba,Logradouro,Logradouro - Paraíba,,,,,,,,,,,,,,
2508604,Paraíba,Lucena,Lucena - Paraíba,,,,,,,,,,,,,,
2508703,Paraíba,Mãe d'Água,Mãe d'Água - Paraíba,,,,,,,,,,,,,,
2508802,Paraíba,Malta,Malta - Paraíba,,,,,,,,,,,,,,
2508901,Paraíba,Mamanguape,Mamanguape - Paraíba,,,,,,,,,,,,,,
2509008,Paraíba,Manaíra,Manaíra - Paraíba,,,,,,,,,,,,,,
2509057,Paraíba,Marcação,Marcação - Paraíba,,,,,,,,,,,,,,
2509107,Paraíba,Mari,Mari - Paraíba,,,,,,,,,,,,,,
2509156,Paraíba,Marizópolis,Marizópolis - Paraíba,,,,,,,,,,,,,,
2509206,Paraíba,Massaranduba,Massaranduba - Paraíba,,,,,,,,,,,,,,
2509305,Paraíba,Mataraca,Mataraca - Paraíba,,,,,,,,,,,,,,
2509339,Paraíba,Matinhas,Matinhas - Paraíba,,,,,,,,,,,,,,
2509370,Paraíba,Mato Grosso,Mato Grosso - Paraíba,,,,,,,,,,,,,,
2509396,Paraíba,Maturéia,Maturéia - Paraíba,,,,,,,,,,,,,,
2509404,Paraíba,Mogeiro,Mogeiro - Paraíba,,,,,,,,,,,,,,
2509503,Paraíba,Montadas,Montadas - Paraíba,,,,,,,,,,,,,,
2509602,Paraíba,Monte Horebe,Monte Horebe - Paraíba,,,,,,,,,,,,,,
2509701,Paraíba,Monteiro,Monteiro - Paraíba,,,,,,,,,,,,,,
2509800,Paraíba,Mulungu,Mulungu - Paraíba,,,,,,,,,,,,,,
2509909,Paraíba,Natuba,Natuba - Paraíba,,,,,,,,,,,,,,
2510006,Paraíba,Nazarezinho,Nazarezinho - Paraíba,,,,,,,,,,,,,,
2510105,Paraíba,Nova Floresta,Nova Floresta - Paraíba,,,,,,,,,,,,,,
2510204,Paraíba,Nova Olinda,Nova Olinda - Paraíba,,,,,,,,,,,,,,
2510303,Paraíba,Nova Palmeira,Nova Palmeira - Paraíba,,,,,,,,,,,,,,
2510402,Paraíba,Olho d'Água,Olho d'Água - Paraíba,,,,,,,,,,,,,,
2510501,Paraíba,Olivedos,Olivedos - Paraíba,,,,,,,,,,,,,,
2510600,Paraíba,Ouro Velho,Ouro Velho - Paraíba,,,,,,,,,,,,,,
2510659,Paraíba,Parari,Parari - Paraíba,,,,,,,,,,,,,,
2510709,Paraíba,Passagem,Passagem - Paraíba,,,,,,,,,,,,,,
2510808,Paraíba,Patos,Patos - Paraíba,,,,,,,,,,,,,,
2510907,Paraíba,Paulista,Paulista - Paraíba,,,,,,,,,,,,,,
2511004,Paraíba,Pedra Branca,Pedra Branca - Paraíba,,,,,,,,,,,,,,
2511103,Paraíba,Pedra Lavrada,Pedra Lavrada - Paraíba,,,,,,,,,,,,,,
2511202,Paraíba,Pedras de Fogo,Pedras de Fogo - Paraíba,,,,,,,,,,,,,,
2512721,Paraíba,Pedro Régis,Pedro Régis - Paraíba,,,,,,,,,,,,,,
2511301,Paraíba,Piancó,Piancó - Paraíba,,,,,,,,,,,,,,
2511400,Paraíba,Picuí,Picuí - Paraíba,,,,,,,,,,,,,,
2511509,Paraíba,Pilar,Pilar - Paraíba,,,,,,,,,,,,,,
2511608,Paraíba,Pilões,Pilões - Paraíba,,,,,,,,,,,,,,
2511707,Paraíba,Pilõezinhos,Pilõezinhos - Paraíba,,,,,,,,,,,,,,
2511806,Paraíba,Pirpirituba,Pirpirituba - Paraíba,,,,,,,,,,,,,,
2511905,Paraíba,Pitimbu,Pitimbu - Paraíba,,,,,,,,,,,,,,
2512002,Paraíba,Pocinhos,Pocinhos - Paraíba,,,,,,,,,,,,,,
2512036,Paraíba,Poço Dantas,Poço Dantas - Paraíba,,,,,,,,,,,,,,
2512077,Paraíba,Poço de José de Moura,Poço de José de Moura - Paraíba,,,,,,,,,,,,,,
2512101,Paraíba,Pombal,Pombal - Paraíba,,,,,,,,,,,,,,
2512200,Paraíba,Prata,Prata - Paraíba,,,,,,,,,,,,,,
2512309,Paraíba,Princesa Isabel,Princesa Isabel - Paraíba,,,,,,,,,,,,,,
2512408,Paraíba,Puxinanã,Puxinanã - Paraíba,,,,,,,,,,,,,,
2512507,Paraíba,Queimadas,Queimadas - Paraíba,,,,,,,,,,,,,,
2512606,Paraíba,Quixaba,Quixaba - Paraíba,,,,,,,,,,,,,,
2512705,Paraíba,Remígio,Remígio - Paraíba,,,,,,,,,,,,,,
2512747,Paraíba,Riachão,Riachão - Paraíba,,,,,,,,,,,,,,
2512754,Paraíba,Riachão do Bacamarte,Riachão do Bacamarte - Paraíba,,,,,,,,,,,,,,
2512762,Paraíba,Riachão do Poço,Riachão do Poço - Paraíba,,,,,,,,,,,,,,
2512788,Paraíba,Riacho de Santo Antônio,Riacho de Santo Antônio - Paraíba,,,,,,,,,,,,,,
2512804,Paraíba,Riacho dos Cavalos,Riacho dos Cavalos - Paraíba,,,,,,,,,,,,,,
2512903,Paraíba,Rio Tinto,Rio Tinto - Paraíba,,,,,,,,,,,,,,
2513000,Paraíba,Salgadinho,Salgadinho - Paraíba,,,,,,,,,,,,,,
2513109,Paraíba,Salgado de São Félix,Salgado de São Félix - Paraíba,,,,,,,,,,,,,,
2513158,Paraíba,Santa Cecília,Santa Cecília - Paraíba,,,,,,,,,,,,,,
2513208,Paraíba,Santa Cruz,Santa Cruz - Paraíba,,,,,,,,,,,,,,
2513307,Paraíba,Santa Helena,Santa Helena - Paraíba,,,,,,,,,,,,,,
2513356,Paraíba,Santa Inês,Santa Inês - Paraíba,,,,,,,,,,,,,,
2513406,Paraíba,Santa Luzia,Santa Luzia - Paraíba,,,,,,,,,,,,,,
2513703,Paraíba,Santa Rita,Santa Rita - Paraíba,,,,,,,,,,,,,,
2513802,Paraíba,Santa Teresinha,Santa Teresinha - Paraíba,,,,,,,,,,,,,,
2513505,Paraíba,Santana de Mangueira,Santana de Mangueira - Paraíba,,,,,,,,,,,,,,
2513604,Paraíba,Santana dos Garrotes,Santana dos Garrotes - Paraíba,,,,,,,,,,,,,,
2513851,Paraíba,Santo André,Santo André - Paraíba,,,,,,,,,,,,,,
2513927,Paraíba,São Bentinho,São Bentinho - Paraíba,,,,,,,,,,,,,,
2513901,Paraíba,São Bento,São Bento - Paraíba,,,,,,,,,,,,,,
2513968,Paraíba,São Domingos,São Domingos - Paraíba,,,,,,,,,,,,,,
2513943,Paraíba,São Domingos do Cariri,São Domingos do Cariri - Paraíba,,,,,,,,,,,,,,
2513984,Paraíba,São Francisco,São Francisco - Paraíba,,,,,,,,,,,,,,
2514008,Paraíba,São João do Cariri,São João do Cariri - Paraíba,,,,,,,,,,,,,,
2500700,Paraíba,São João do Rio do Peixe,São João do Rio do Peixe - Paraíba,,,,,,,,,,,,,,
2514107,Paraíba,São João do Tigre,São João do Tigre - Paraíba,,,,,,,,,,,,,,
2514206,Paraíba,São José da Lagoa Tapada,São José da Lagoa Tapada - Paraíba,,,,,,,,,,,,,,
2514305,Paraíba,São José de Caiana,São José de Caiana - Paraíba,,,,,,,,,,,,,,
2514404,Paraíba,São José de Espinharas,São José de Espinharas - Paraíba,,,,,,,,,,,,,,
2514503,Paraíba,São José de Piranhas,São José de Piranhas - Paraíba,,,,,,,,,,,,,,
2514552,Paraíba,São José de Princesa,São José de Princesa - Paraíba,,,,,,,,,,,,,,
2514602,Paraíba,São José do Bonfim,São José do Bonfim - Paraíba,,,,,,,,,,,,,,
2514651,Paraíba,São José do Brejo do Cruz,São José do Brejo do Cruz - Paraíba,,,,,,,,,,,,,,
2514701,Paraíba,São José do Sabugi,São José do Sabugi - Paraíba,,,,,,,,,,,,,,
2514800,Paraíba,São José dos Cordeiros,São José dos Cordeiros - Paraíba,,,,,,,,,,,,,,
2514453,Paraíba,São José dos Ramos,São José dos Ramos - Paraíba,,,,,,,,,,,,,,
2514909,Paraíba,São Mamede,São Mamede - Paraíba,,,,,,,,,,,,,,
2515005,Paraíba,São Miguel de Taipu,São Miguel de Taipu - Paraíba,,,,,,,,,,,,,,
2515104,Paraíba,São Sebastião de Lagoa de Roça,São Sebastião de Lagoa de Roça - Paraíba,,,,,,,,,,,,,,
2515203,Paraíba,São Sebastião do Umbuzeiro,São Sebastião do Umbuzeiro - Paraíba,,,,,,,,,,,,,,
2515401,Paraíba,São Vicente do Seridó,São Vicente do Seridó - Paraíba,,,,,,,,,,,,,,
2515302,Paraíba,Sapé,Sapé - Paraíba,,,,,,,,,,,,,,
2515500,Paraíba,Serra Branca,Serra Branca - Paraíba,,,,,,,,,,,,,,
2515609,Paraíba,Serra da Raiz,Serra da Raiz - Paraíba,,,,,,,,,,,,,,
2515708,Paraíba,Serra Grande,Serra Grande - Paraíba,,,,,,,,,,,,,,
2515807,Paraíba,Serra Redonda,Serra Redonda - Paraíba,,,,,,,,,,,,,,
2515906,Paraíba,Serraria,Serraria - Paraíba,,,,,,,,,,,,,,
2515930,Paraíba,Sertãozinho,Sertãozinho - Paraíba,,,,,,,,,,,,,,
2515971,Paraíba,Sobrado,Sobrado - Paraíba,,,,,,,,,,,,,,
2516003,Paraíba,Solânea,Solânea - Paraíba,,,,,,,,,,,,,,
2516102,Paraíba,Soledade,Soledade - Paraíba,,,,,,,,,,,,,,
2516151,Paraíba,Sossêgo,Sossêgo - Paraíba,,,,,,,,,,,,,,
2516201,Paraíba,Sousa,Sousa - Paraíba,,,,,,,,,,,,,,
2516300,Paraíba,Sumé,Sumé - Paraíba,,,,,,,,,,,,,,
2516409,Paraíba,Tacima,Tacima - Paraíba,,,,,,,,,,,,,,
2516508,Paraíba,Taperoá,Taperoá - Paraíba,,,,,,,,,,,,,,
2516607,Paraíba,Tavares,Tavares - Paraíba,,,,,,,,,,,,,,
2516706,Paraíba,Teixeira,Teixeira - Paraíba,,,,,,,,,,,,,,
2516755,Paraíba,Tenório,Tenório - Paraíba,,,,,,,,,,,,,,
2516805,Paraíba,Triunfo,Triunfo - Paraíba,,,,,,,,,,,,,,
2516904,Paraíba,Uiraúna,Uiraúna - Paraíba,,,,,,,,,,,,,,
2517001,Paraíba,Umbuzeiro,Umbuzeiro - Paraíba,,,,,,,,,,,,,,
2517100,Paraíba,Várzea,Várzea - Paraíba,,,,,,,,,,,,,,
2517209,Paraíba,Vieirópolis,Vieirópolis - Paraíba,,,,,,,,,,,,,,
2505501,Paraíba,Vista Serrana,Vista Serrana - Paraíba,,,,,,,,,,,,,,
2517407,Paraíba,Zabelê,Zabelê - Paraíba,,,,,,,,,,,,,,
2600054,Pernambuco,Abreu e Lima,Abreu e Lima - Pernambuco,,,,,,,,,,,,,,
2600104,Pernambuco,Afogados da Ingazeira,Afogados da Ingazeira - Pernambuco,,,,,,,,,,,,,,
2600203,Pernambuco,Afrânio,Afrânio - Pernambuco,,,,,,,,,,,,,,
2600302,Pernambuco,Agrestina,Agrestina - Pernambuco,,,,,,,,,,,,,,
2600401,Pernambuco,Água Preta,Água Preta - Pernambuco,,,,,,,,,,,,,,
2600500,Pernambuco,Águas Belas,Águas Belas - Pernambuco,,,,,,,,,,,,,,
2600609,Pernambuco,Alagoinha,Alagoinha - Pernambuco,,,,,,,,,,,,,,
2600708,Pernambuco,Aliança,Aliança - Pernambuco,,,,,,,,,,,,,,
2600807,Pernambuco,Altinho,Altinho - Pernambuco,,,,,,,,,,,,,,
2600906,Pernambuco,Amaraji,Amaraji - Pernambuco,,,,,,,,,,,,,,
2601003,Pernambuco,Angelim,Angelim - Pernambuco,,,,,,,,,,,,,,
2601052,Pernambuco,Araçoiaba,Araçoiaba - Pernambuco,,,,,,,,,,,,,,
2601102,Pernambuco,Araripina,Araripina - Pernambuco,,,,,,,,,,,,,,
2601201,Pernambuco,Arcoverde,Arcoverde - Pernambuco,,,,,,,,,,,,,,
2601300,Pernambuco,Barra de Guabiraba,Barra de Guabiraba - Pernambuco,,,,,,,,,,,,,,
2601409,Pernambuco,Barreiros,Barreiros - Pernambuco,,,,,,,,,,,,,,
2601508,Pernambuco,Belém de Maria,Belém de Maria - Pernambuco,,,,,,,,,,,,,,
2601607,Pernambuco,Belém do São Francisco,Belém do São Francisco - Pernambuco,,,,,,,,,,,,,,
2601706,Pernambuco,Belo Jardim,Belo Jardim - Pernambuco,,,,,,,,,,,,,,
2601805,Pernambuco,Betânia,Betânia - Pernambuco,,,,,,,,,,,,,,
2601904,Pernambuco,Bezerros,Bezerros - Pernambuco,,,,,,,,,,,,,,
2602001,Pernambuco,Bodocó,Bodocó - Pernambuco,,,,,,,,,,,,,,
2602100,Pernambuco,Bom Conselho,Bom Conselho - Pernambuco,,,,,,,,,,,,,,
2602209,Pernambuco,Bom Jardim,Bom Jardim - Pernambuco,,,,,,,,,,,,,,
2602308,Pernambuco,Bonito,Bonito - Pernambuco,,,,,,,,,,,,,,
2602407,Pernambuco,Brejão,Brejão - Pernambuco,,,,,,,,,,,,,,
2602506,Pernambuco,Brejinho,Brejinho - Pernambuco,,,,,,,,,,,,,,
2602605,Pernambuco,Brejo da Madre de Deus,Brejo da Madre de Deus - Pernambuco,,,,,,,,,,,,,,
2602704,Pernambuco,Buenos Aires,Buenos Aires - Pernambuco,,,,,,,,,,,,,,
2602803,Pernambuco,Buíque,Buíque - Pernambuco,,,,,,,,,,,,,,
2602902,Pernambuco,Cabo de Santo Agostinho,Cabo de Santo Agostinho - Pernambuco,,,,,,,,,,,,,,
2603009,Pernambuco,Cabrobó,Cabrobó - Pernambuco,,,,,,,,,,,,,,
2603108,Pernambuco,Cachoeirinha,Cachoeirinha - Pernambuco,,,,,,,,,,,,,,
2603207,Pernambuco,Caetés,Caetés - Pernambuco,,,,,,,,,,,,,,
2603306,Pernambuco,Calçado,Calçado - Pernambuco,,,,,,,,,,,,,,
2603405,Pernambuco,Calumbi,Calumbi - Pernambuco,,,,,,,,,,,,,,
2603454,Pernambuco,Camaragibe,Camaragibe - Pernambuco,,,,,,,,,,,,,,
2603504,Pernambuco,Camocim de São Félix,Camocim de São Félix - Pernambuco,,,,,,,,,,,,,,
2603603,Pernambuco,Camutanga,Camutanga - Pernambuco,,,,,,,,,,,,,,
2603702,Pernambuco,Canhotinho,Canhotinho - Pernambuco,,,,,,,,,,,,,,
2603801,Pernambuco,Capoeiras,Capoeiras - Pernambuco,,,,,,,,,,,,,,
2603900,Pernambuco,Carnaíba,Carnaíba - Pernambuco,,,,,,,,,,,,,,
2603926,Pernambuco,Carnaubeira da Penha,Carnaubeira da Penha - Pernambuco,,,,,,,,,,,,,,
2604007,Pernambuco,Carpina,Carpina - Pernambuco,,,,,,,,,,,,,,
2604106,Pernambuco,Caruaru,Caruaru - Pernambuco,,,,,,,,,,,,,,
2604155,Pernambuco,Casinhas,Casinhas - Pernambuco,,,,,,,,,,,,,,
2604205,Pernambuco,Catende,Catende - Pernambuco,,,,,,,,,,,,,,
2604304,Pernambuco,Cedro,Cedro - Pernambuco,,,,,,,,,,,,,,
2604403,Pernambuco,Chã de Alegria,Chã de Alegria - Pernambuco,,,,,,,,,,,,,,
2604502,Pernambuco,Chã Grande,Chã Grande - Pernambuco,,,,,,,,,,,,,,
2604601,Pernambuco,Condado,Condado - Pernambuco,,,,,,,,,,,,,,
2604700,Pernambuco,Correntes,Correntes - Pernambuco,,,,,,,,,,,,,,
2604809,Pernambuco,Cortês,Cortês - Pernambuco,,,,,,,,,,,,,,
2604908,Pernambuco,Cumaru,Cumaru - Pernambuco,,,,,,,,,,,,,,
2605004,Pernambuco,Cupira,Cupira - Pernambuco,,,,,,,,,,,,,,
2605103,Pernambuco,Custódia,Custódia - Pernambuco,,,,,,,,,,,,,,
2605152,Pernambuco,Dormentes,Dormentes - Pernambuco,,,,,,,,,,,,,,
2605202,Pernambuco,Escada,Escada - Pernambuco,,,,,,,,,,,,,,
2605301,Pernambuco,Exu,Exu - Pernambuco,,,,,,,,,,,,,,
2605400,Pernambuco,Feira Nova,Feira Nova - Pernambuco,,,,,,,,,,,,,,
2605459,Pernambuco,Fernando de Noronha,Fernando de Noronha - Pernambuco,,,,,,,,,,,,,,
2605509,Pernambuco,Ferreiros,Ferreiros - Pernambuco,,,,,,,,,,,,,,
2605608,Pernambuco,Flores,Flores - Pernambuco,,,,,,,,,,,,,,
2605707,Pernambuco,Floresta,Floresta - Pernambuco,,,,,,,,,,,,,,
2605806,Pernambuco,Frei Miguelinho,Frei Miguelinho - Pernambuco,,,,,,,,,,,,,,
2605905,Pernambuco,Gameleira,Gameleira - Pernambuco,,,,,,,,,,,,,,
2606002,Pernambuco,Garanhuns,Garanhuns - Pernambuco,,,,,,,,,,,,,,
2606101,Pernambuco,Glória do Goitá,Glória do Goitá - Pernambuco,,,,,,,,,,,,,,
2606200,Pernambuco,Goiana,Goiana - Pernambuco,,,,,,,,,,,,,,
2606309,Pernambuco,Granito,Granito - Pernambuco,,,,,,,,,,,,,,
2606408,Pernambuco,Gravatá,Gravatá - Pernambuco,,,,,,,,,,,,,,
2606507,Pernambuco,Iati,Iati - Pernambuco,,,,,,,,,,,,,,
2606606,Pernambuco,Ibimirim,Ibimirim - Pernambuco,,,,,,,,,,,,,,
2606705,Pernambuco,Ibirajuba,Ibirajuba - Pernambuco,,,,,,,,,,,,,,
2606804,Pernambuco,Igarassu,Igarassu - Pernambuco,,,,,,,,,,,,,,
2606903,Pernambuco,Iguaracy,Iguaracy - Pernambuco,,,,,,,,,,,,,,
2607604,Pernambuco,Ilha de Itamaracá,Ilha de Itamaracá - Pernambuco,,,,,,,,,,,,,,
2607000,Pernambuco,Inajá,Inajá - Pernambuco,,,,,,,,,,,,,,
2607109,Pernambuco,Ingazeira,Ingazeira - Pernambuco,,,,,,,,,,,,,,
2607208,Pernambuco,Ipojuca,Ipojuca - Pernambuco,,,,,,,,,,,,,,
2607307,Pernambuco,Ipubi,Ipubi - Pernambuco,,,,,,,,,,,,,,
2607406,Pernambuco,Itacuruba,Itacuruba - Pernambuco,,,,,,,,,,,,,,
2607505,Pernambuco,Itaíba,Itaíba - Pernambuco,,,,,,,,,,,,,,
2607653,Pernambuco,Itambé,Itambé - Pernambuco,,,,,,,,,,,,,,
2607703,Pernambuco,Itapetim,Itapetim - Pernambuco,,,,,,,,,,,,,,
2607752,Pernambuco,Itapissuma,Itapissuma - Pernambuco,,,,,,,,,,,,,,
2607802,Pernambuco,Itaquitinga,Itaquitinga - Pernambuco,,,,,,,,,,,,,,
2607901,Pernambuco,Jaboatão dos Guararapes,Jaboatão dos Guararapes - Pernambuco,,,,,,,,,,,,,,
2607950,Pernambuco,Jaqueira,Jaqueira - Pernambuco,,,,,,,,,,,,,,
2608008,Pernambuco,Jataúba,Jataúba - Pernambuco,,,,,,,,,,,,,,
2608057,Pernambuco,Jatobá,Jatobá - Pernambuco,,,,,,,,,,,,,,
2608107,Pernambuco,João Alfredo,João Alfredo - Pernambuco,,,,,,,,,,,,,,
2608206,Pernambuco,Joaquim Nabuco,Joaquim Nabuco - Pernambuco,,,,,,,,,,,,,,
2608255,Pernambuco,Jucati,Jucati - Pernambuco,,,,,,,,,,,,,,
2608305,Pernambuco,Jupi,Jupi - Pernambuco,,,,,,,,,,,,,,
2608404,Pernambuco,Jurema,Jurema - Pernambuco,,,,,,,,,,,,,,
2608503,Pernambuco,Lagoa de Itaenga,Lagoa de Itaenga - Pernambuco,,,,,,,,,,,,,,
2608453,Pernambuco,Lagoa do Carro,Lagoa do Carro - Pernambuco,,,,,,,,,,,,,,
2608602,Pernambuco,Lagoa do Ouro,Lagoa do Ouro - Pernambuco,,,,,,,,,,,,,,
2608701,Pernambuco,Lagoa dos Gatos,Lagoa dos Gatos - Pernambuco,,,,,,,,,,,,,,
2608750,Pernambuco,Lagoa Grande,Lagoa Grande - Pernambuco,,,,,,,,,,,,,,
2608800,Pernambuco,Lajedo,Lajedo - Pernambuco,,,,,,,,,,,,,,
2608909,Pernambuco,Limoeiro,Limoeiro - Pernambuco,,,,,,,,,,,,,,
2609006,Pernambuco,Macaparana,Macaparana - Pernambuco,,,,,,,,,,,,,,
2609105,Pernambuco,Machados,Machados - Pernambuco,,,,,,,,,,,,,,
2609154,Pernambuco,Manari,Manari - Pernambuco,,,,,,,,,,,,,,
2609204,Pernambuco,Maraial,Maraial - Pernambuco,,,,,,,,,,,,,,
2609303,Pernambuco,Mirandiba,Mirandiba - Pernambuco,,,,,,,,,,,,,,
2614303,Pernambuco,Moreilândia,Moreilândia - Pernambuco,,,,,,,,,,,,,,
2609402,Pernambuco,Moreno,Moreno - Pernambuco,,,,,,,,,,,,,,
2609501,Pernambuco,Nazaré da Mata,Nazaré da Mata - Pernambuco,,,,,,,,,,,,,,
2609600,Pernambuco,Olinda,Olinda - Pernambuco,,,,,,,,,,,,,,
2609709,Pernambuco,Orobó,Orobó - Pernambuco,,,,,,,,,,,,,,
2609808,Pernambuco,Orocó,Orocó - Pernambuco,,,,,,,,,,,,,,
2609907,Pernambuco,Ouricuri,Ouricuri - Pernambuco,,,,,,,,,,,,,,
2610004,Pernambuco,Palmares,Palmares - Pernambuco,,,,,,,,,,,,,,
2610103,Pernambuco,Palmeirina,Palmeirina - Pernambuco,,,,,,,,,,,,,,
2610202,Pernambuco,Panelas,Panelas - Pernambuco,,,,,,,,,,,,,,
2610301,Pernambuco,Paranatama,Paranatama - Pernambuco,,,,,,,,,,,,,,
2610400,Pernambuco,Parnamirim,Parnamirim - Pernambuco,,,,,,,,,,,,,,
2610509,Pernambuco,Passira,Passira - Pernambuco,,,,,,,,,,,,,,
2610608,Pernambuco,Paudalho,Paudalho - Pernambuco,,,,,,,,,,,,,,
2610707,Pernambuco,Paulista,Paulista - Pernambuco,,,,,,,,,,,,,,
2610806,Pernambuco,Pedra,Pedra - Pernambuco,,,,,,,,,,,,,,
2610905,Pernambuco,Pesqueira,Pesqueira - Pernambuco,,,,,,,,,,,,,,
2611002,Pernambuco,Petrolândia,Petrolândia - Pernambuco,,,,,,,,,,,,,,
2611101,Pernambuco,Petrolina,Petrolina - Pernambuco,,,,,,,,,,,,,,
2611200,Pernambuco,Poção,Poção - Pernambuco,,,,,,,,,,,,,,
2611309,Pernambuco,Pombos,Pombos - Pernambuco,,,,,,,,,,,,,,
2611408,Pernambuco,Primavera,Primavera - Pernambuco,,,,,,,,,,,,,,
2611507,Pernambuco,Quipapá,Quipapá - Pernambuco,,,,,,,,,,,,,,
2611533,Pernambuco,Quixaba,Quixaba - Pernambuco,,,,,,,,,,,,,,
2611606,Pernambuco,Recife,Recife - Pernambuco,,,,,,,,,,,,,,
2611705,Pernambuco,Riacho das Almas,Riacho das Almas - Pernambuco,,,,,,,,,,,,,,
2611804,Pernambuco,Ribeirão,Ribeirão - Pernambuco,,,,,,,,,,,,,,
2611903,Pernambuco,Rio Formoso,Rio Formoso - Pernambuco,,,,,,,,,,,,,,
2612000,Pernambuco,Sairé,Sairé - Pernambuco,,,,,,,,,,,,,,
2612109,Pernambuco,Salgadinho,Salgadinho - Pernambuco,,,,,,,,,,,,,,
2612208,Pernambuco,Salgueiro,Salgueiro - Pernambuco,,,,,,,,,,,,,,
2612307,Pernambuco,Saloá,Saloá - Pernambuco,,,,,,,,,,,,,,
2612406,Pernambuco,Sanharó,Sanharó - Pernambuco,,,,,,,,,,,,,,
2612455,Pernambuco,Santa Cruz,Santa Cruz - Pernambuco,,,,,,,,,,,,,,
2612471,Pernambuco,Santa Cruz da Baixa Verde,Santa Cruz da Baixa Verde - Pernambuco,,,,,,,,,,,,,,
2612505,Pernambuco,Santa Cruz do Capibaribe,Santa Cruz do Capibaribe - Pernambuco,,,,,,,,,,,,,,
2612554,Pernambuco,Santa Filomena,Santa Filomena - Pernambuco,,,,,,,,,,,,,,
2612604,Pernambuco,Santa Maria da Boa Vista,Santa Maria da Boa Vista - Pernambuco,,,,,,,,,,,,,,
2612703,Pernambuco,Santa Maria do Cambucá,Santa Maria do Cambucá - Pernambuco,,,,,,,,,,,,,,
2612802,Pernambuco,Santa Terezinha,Santa Terezinha - Pernambuco,,,,,,,,,,,,,,
2612901,Pernambuco,São Benedito do Sul,São Benedito do Sul - Pernambuco,,,,,,,,,,,,,,
2613008,Pernambuco,São Bento do Una,São Bento do Una - Pernambuco,,,,,,,,,,,,,,
2613107,Pernambuco,São Caitano,São Caitano - Pernambuco,,,,,,,,,,,,,,
2613206,Pernambuco,São João,São João - Pernambuco,,,,,,,,,,,,,,
2613305,Pernambuco,São Joaquim do Monte,São Joaquim do Monte - Pernambuco,,,,,,,,,,,,,,
2613404,Pernambuco,São José da Coroa Grande,São José da Coroa Grande - Pernambuco,,,,,,,,,,,,,,
2613503,Pernambuco,São José do Belmonte,São José do Belmonte - Pernambuco,,,,,,,,,,,,,,
2613602,Pernambuco,São José do Egito,São José do Egito - Pernambuco,,,,,,,,,,,,,,
2613701,Pernambuco,São Lourenço da Mata,São Lourenço da Mata - Pernambuco,,,,,,,,,,,,,,
2613800,Pernambuco,São Vicente Férrer,São Vicente Férrer - Pernambuco,,,,,,,,,,,,,,
2613909,Pernambuco,Serra Talhada,Serra Talhada - Pernambuco,,,,,,,,,,,,,,
2614006,Pernambuco,Serrita,Serrita - Pernambuco,,,,,,,,,,,,,,
2614105,Pernambuco,Sertânia,Sertânia - Pernambuco,,,,,,,,,,,,,,
2614204,Pernambuco,Sirinhaém,Sirinhaém - Pernambuco,,,,,,,,,,,,,,
2614402,Pernambuco,Solidão,Solidão - Pernambuco,,,,,,,,,,,,,,
2614501,Pernambuco,Surubim,Surubim - Pernambuco,,,,,,,,,,,,,,
2614600,Pernambuco,Tabira,Tabira - Pernambuco,,,,,,,,,,,,,,
2614709,Pernambuco,Tacaimbó,Tacaimbó - Pernambuco,,,,,,,,,,,,,,
2614808,Pernambuco,Tacaratu,Tacaratu - Pernambuco,,,,,,,,,,,,,,
2614857,Pernambuco,Tamandaré,Tamandaré - Pernambuco,,,,,,,,,,,,,,
2615003,Pernambuco,Taquaritinga do Norte,Taquaritinga do Norte - Pernambuco,,,,,,,,,,,,,,
2615102,Pernambuco,Terezinha,Terezinha - Pernambuco,,,,,,,,,,,,,,
2615201,Pernambuco,Terra Nova,Terra Nova - Pernambuco,,,,,,,,,,,,,,
2615300,Pernambuco,Timbaúba,Timbaúba - Pernambuco,,,,,,,,,,,,,,
2615409,Pernambuco,Toritama,Toritama - Pernambuco,,,,,,,,,,,,,,
2615508,Pernambuco,Tracunhaém,Tracunhaém - Pernambuco,,,,,,,,,,,,,,
2615607,Pernambuco,Trindade,Trindade - Pernambuco,,,,,,,,,,,,,,
2615706,Pernambuco,Triunfo,Triunfo - Pernambuco,,,,,,,,,,,,,,
2615805,Pernambuco,Tupanatinga,Tupanatinga - Pernambuco,,,,,,,,,,,,,,
2615904,Pernambuco,Tuparetama,Tuparetama - Pernambuco,,,,,,,,,,,,,,
2616001,Pernambuco,Venturosa,Venturosa - Pernambuco,,,,,,,,,,,,,,
2616100,Pernambuco,Verdejante,Verdejante - Pernambuco,,,,,,,,,,,,,,
2616183,Pernambuco,Vertente do Lério,Vertente do Lério - Pernambuco,,,,,,,,,,,,,,
2616209,Pernambuco,Vertentes,Vertentes - Pernambuco,,,,,,,,,,,,,,
2616308,Pernambuco,Vicência,Vicência - Pernambuco,,,,,,,,,,,,,,
2616407,Pernambuco,Vitória de Santo Antão,Vitória de Santo Antão - Pernambuco,,,,,,,,,,,,,,
2616506,Pernambuco,Xexéu,Xexéu - Pernambuco,,,,,,,,,,,,,,
2700102,Alagoas,Água Branca,Água Branca - Alagoas,,,,,,,,,,,,,,
2700201,Alagoas,Anadia,Anadia - Alagoas,,,,,,,,,,,,,,
2700300,Alagoas,Arapiraca,Arapiraca - Alagoas,,,,,,,,,,,,,,
2700409,Alagoas,Atalaia,Atalaia - Alagoas,,,,,,,,,,,,,,
2700508,Alagoas,Barra de Santo Antônio,Barra de Santo Antônio - Alagoas,,,,,,,,,,,,,,
2700607,Alagoas,Barra de São Miguel,Barra de São Miguel - Alagoas,,,,,,,,,,,,,,
2700706,Alagoas,Batalha,Batalha - Alagoas,,,,,,,,,,,,,,
2700805,Alagoas,Belém,Belém - Alagoas,,,,,,,,,,,,,,
2700904,Alagoas,Belo Monte,Belo Monte - Alagoas,,,,,,,,,,,,,,
2701001,Alagoas,Boca da Mata,Boca da Mata - Alagoas,,,,,,,,,,,,,,
2701100,Alagoas,Branquinha,Branquinha - Alagoas,,,,,,,,,,,,,,
2701209,Alagoas,Cacimbinhas,Cacimbinhas - Alagoas,,,,,,,,,,,,,,
2701308,Alagoas,Cajueiro,Cajueiro - Alagoas,,,,,,,,,,,,,,
2701357,Alagoas,Campestre,Campestre - Alagoas,,,,,,,,,,,,,,
2701407,Alagoas,Campo Alegre,Campo Alegre - Alagoas,,,,,,,,,,,,,,
2701506,Alagoas,Campo Grande,Campo Grande - Alagoas,,,,,,,,,,,,,,
2701605,Alagoas,Canapi,Canapi - Alagoas,,,,,,,,,,,,,,
2701704,Alagoas,Capela,Capela - Alagoas,,,,,,,,,,,,,,
2701803,Alagoas,Carneiros,Carneiros - Alagoas,,,,,,,,,,,,,,
2701902,Alagoas,Chã Preta,Chã Preta - Alagoas,,,,,,,,,,,,,,
2702009,Alagoas,Coité do Nóia,Coité do Nóia - Alagoas,,,,,,,,,,,,,,
2702108,Alagoas,Colônia Leopoldina,Colônia Leopoldina - Alagoas,,,,,,,,,,,,,,
2702207,Alagoas,Coqueiro Seco,Coqueiro Seco - Alagoas,,,,,,,,,,,,,,
2702306,Alagoas,Coruripe,Coruripe - Alagoas,,,,,,,,,,,,,,
2702355,Alagoas,Craíbas,Craíbas - Alagoas,,,,,,,,,,,,,,
2702405,Alagoas,Delmiro Gouveia,Delmiro Gouveia - Alagoas,,,,,,,,,,,,,,
2702504,Alagoas,Dois Riachos,Dois Riachos - Alagoas,,,,,,,,,,,,,,
2702553,Alagoas,Estrela de Alagoas,Estrela de Alagoas - Alagoas,,,,,,,,,,,,,,
2702603,Alagoas,Feira Grande,Feira Grande - Alagoas,,,,,,,,,,,,,,
2702702,Alagoas,Feliz Deserto,Feliz Deserto - Alagoas,,,,,,,,,,,,,,
2702801,Alagoas,Flexeiras,Flexeiras - Alagoas,,,,,,,,,,,,,,
2702900,Alagoas,Girau do Ponciano,Girau do Ponciano - Alagoas,,,,,,,,,,,,,,
2703007,Alagoas,Ibateguara,Ibateguara - Alagoas,,,,,,,,,,,,,,
2703106,Alagoas,Igaci,Igaci - Alagoas,,,,,,,,,,,,,,
2703205,Alagoas,Igreja Nova,Igreja Nova - Alagoas,,,,,,,,,,,,,,
2703304,Alagoas,Inhapi,Inhapi - Alagoas,,,,,,,,,,,,,,
2703403,Alagoas,Jacaré dos Homens,Jacaré dos Homens - Alagoas,,,,,,,,,,,,,,
2703502,Alagoas,Jacuípe,Jacuípe - Alagoas,,,,,,,,,,,,,,
2703601,Alagoas,Japaratinga,Japaratinga - Alagoas,,,,,,,,,,,,,,
2703700,Alagoas,Jaramataia,Jaramataia - Alagoas,,,,,,,,,,,,,,
2703759,Alagoas,Jequiá da Praia,Jequiá da Praia - Alagoas,,,,,,,,,,,,,,
2703809,Alagoas,Joaquim Gomes,Joaquim Gomes - Alagoas,,,,,,,,,,,,,,
2703908,Alagoas,Jundiá,Jundiá - Alagoas,,,,,,,,,,,,,,
2704005,Alagoas,Junqueiro,Junqueiro - Alagoas,,,,,,,,,,,,,,
2704104,Alagoas,Lagoa da Canoa,Lagoa da Canoa - Alagoas,,,,,,,,,,,,,,
2704203,Alagoas,Limoeiro de Anadia,Limoeiro de Anadia - Alagoas,,,,,,,,,,,,,,
2704302,Alagoas,Maceió,Maceió - Alagoas,,,,,,,,,,,,,,
2704401,Alagoas,Major Isidoro,Major Isidoro - Alagoas,,,,,,,,,,,,,,
2704906,Alagoas,Mar Vermelho,Mar Vermelho - Alagoas,,,,,,,,,,,,,,
2704500,Alagoas,Maragogi,Maragogi - Alagoas,,,,,,,,,,,,,,
2704609,Alagoas,Maravilha,Maravilha - Alagoas,,,,,,,,,,,,,,
2704708,Alagoas,Marechal Deodoro,Marechal Deodoro - Alagoas,,,,,,,,,,,,,,
2704807,Alagoas,Maribondo,Maribondo - Alagoas,,,,,,,,,,,,,,
2705002,Alagoas,Mata Grande,Mata Grande - Alagoas,,,,,,,,,,,,,,
2705101,Alagoas,Matriz de Camaragibe,Matriz de Camaragibe - Alagoas,,,,,,,,,,,,,,
2705200,Alagoas,Messias,Messias - Alagoas,,,,,,,,,,,,,,
2705309,Alagoas,Minador do Negrão,Minador do Negrão - Alagoas,,,,,,,,,,,,,,
2705408,Alagoas,Monteirópolis,Monteirópolis - Alagoas,,,,,,,,,,,,,,
2705507,Alagoas,Murici,Murici - Alagoas,,,,,,,,,,,,,,
2705606,Alagoas,Novo Lino,Novo Lino - Alagoas,,,,,,,,,,,,,,
2705705,Alagoas,Olho d'Água das Flores,Olho d'Água das Flores - Alagoas,,,,,,,,,,,,,,
2705804,Alagoas,Olho d'Água do Casado,Olho d'Água do Casado - Alagoas,,,,,,,,,,,,,,
2705903,Alagoas,Olho d'Água Grande,Olho d'Água Grande - Alagoas,,,,,,,,,,,,,,
2706000,Alagoas,Olivença,Olivença - Alagoas,,,,,,,,,,,,,,
2706109,Alagoas,Ouro Branco,Ouro Branco - Alagoas,,,,,,,,,,,,,,
2706208,Alagoas,Palestina,Palestina - Alagoas,,,,,,,,,,,,,,
2706307,Alagoas,Palmeira dos Índios,Palmeira dos Índios - Alagoas,,,,,,,,,,,,,,
2706406,Alagoas,Pão de Açúcar,Pão de Açúcar - Alagoas,,,,,,,,,,,,,,
2706422,Alagoas,Pariconha,Pariconha - Alagoas,,,,,,,,,,,,,,
2706448,Alagoas,Paripueira,Paripueira - Alagoas,,,,,,,,,,,,,,
2706505,Alagoas,Passo de Camaragibe,Passo de Camaragibe - Alagoas,,,,,,,,,,,,,,
2706604,Alagoas,Paulo Jacinto,Paulo Jacinto - Alagoas,,,,,,,,,,,,,,
2706703,Alagoas,Penedo,Penedo - Alagoas,,,,,,,,,,,,,,
2706802,Alagoas,Piaçabuçu,Piaçabuçu - Alagoas,,,,,,,,,,,,,,
2706901,Alagoas,Pilar,Pilar - Alagoas,,,,,,,,,,,,,,
2707008,Alagoas,Pindoba,Pindoba - Alagoas,,,,,,,,,,,,,,
2707107,Alagoas,Piranhas,Piranhas - Alagoas,,,,,,,,,,,,,,
2707206,Alagoas,Poço das Trincheiras,Poço das Trincheiras - Alagoas,,,,,,,,,,,,,,
2707305,Alagoas,Porto Calvo,Porto Calvo - Alagoas,,,,,,,,,,,,,,
2707404,Alagoas,Porto de Pedras,Porto de Pedras - Alagoas,,,,,,,,,,,,,,
2707503,Alagoas,Porto Real do Colégio,Porto Real do Colégio - Alagoas,,,,,,,,,,,,,,
2707602,Alagoas,Quebrangulo,Quebrangulo - Alagoas,,,,,,,,,,,,,,
2707701,Alagoas,Rio Largo,Rio Largo - Alagoas,,,,,,,,,,,,,,
2707800,Alagoas,Roteiro,Roteiro - Alagoas,,,,,,,,,,,,,,
2707909,Alagoas,Santa Luzia do Norte,Santa Luzia do Norte - Alagoas,,,,,,,,,,,,,,
2708006,Alagoas,Santana do Ipanema,Santana do Ipanema - Alagoas,,,,,,,,,,,,,,
2708105,Alagoas,Santana do Mundaú,Santana do Mundaú - Alagoas,,,,,,,,,,,,,,
2708204,Alagoas,São Brás,São Brás - Alagoas,,,,,,,,,,,,,,
2708303,Alagoas,São José da Laje,São José da Laje - Alagoas,,,,,,,,,,,,,,
2708402,Alagoas,São José da Tapera,São José da Tapera - Alagoas,,,,,,,,,,,,,,
2708501,Alagoas,São Luís do Quitunde,São Luís do Quitunde - Alagoas,,,,,,,,,,,,,,
2708600,Alagoas,São Miguel dos Campos,São Miguel dos Campos - Alagoas,,,,,,,,,,,,,,
2708709,Alagoas,São Miguel dos Milagres,São Miguel dos Milagres - Alagoas,,,,,,,,,,,,,,
2708808,Alagoas,São Sebastião,São Sebastião - Alagoas,,,,,,,,,,,,,,
2708907,Alagoas,Satuba,Satuba - Alagoas,,,,,,,,,,,,,,
2708956,Alagoas,Senador Rui Palmeira,Senador Rui Palmeira - Alagoas,,,,,,,,,,,,,,
2709004,Alagoas,Tanque d'Arca,Tanque d'Arca - Alagoas,,,,,,,,,,,,,,
2709103,Alagoas,Taquarana,Taquarana - Alagoas,,,,,,,,,,,,,,
2709152,Alagoas,Teotônio Vilela,Teotônio Vilela - Alagoas,,,,,,,,,,,,,,
2709202,Alagoas,Traipu,Traipu - Alagoas,,,,,,,,,,,,,,
2709301,Alagoas,União dos Palmares,União dos Palmares - Alagoas,,,,,,,,,,,,,,
2709400,Alagoas,Viçosa,Viçosa - Alagoas,,,,,,,,,,,,,,
2800100,Sergipe,Amparo do São Francisco,Amparo do São Francisco - Sergipe,,,,,,,,,,,,,,
2800209,Sergipe,Aquidabã,Aquidabã - Sergipe,,,,,,,,,,,,,,
2800308,Sergipe,Aracaju,Aracaju - Sergipe,,,,,,,,,,,,,,
2800407,Sergipe,Arauá,Arauá - Sergipe,,,,,,,,,,,,,,
2800506,Sergipe,Areia Branca,Areia Branca - Sergipe,,,,,,,,,,,,,,
2800605,Sergipe,Barra dos Coqueiros,Barra dos Coqueiros - Sergipe,,,,,,,,,,,,,,
2800670,Sergipe,Boquim,Boquim - Sergipe,,,,,,,,,,,,,,
2800704,Sergipe,Brejo Grande,Brejo Grande - Sergipe,,,,,,,,,,,,,,
2801009,Sergipe,Campo do Brito,Campo do Brito - Sergipe,,,,,,,,,,,,,,
2801108,Sergipe,Canhoba,Canhoba - Sergipe,,,,,,,,,,,,,,
2801207,Sergipe,Canindé de São Francisco,Canindé de São Francisco - Sergipe,,,,,,,,,,,,,,
2801306,Sergipe,Capela,Capela - Sergipe,,,,,,,,,,,,,,
2801405,Sergipe,Carira,Carira - Sergipe,,,,,,,,,,,,,,
2801504,Sergipe,Carmópolis,Carmópolis - Sergipe,,,,,,,,,,,,,,
2801603,Sergipe,Cedro de São João,Cedro de São João - Sergipe,,,,,,,,,,,,,,
2801702,Sergipe,Cristinápolis,Cristinápolis - Sergipe,,,,,,,,,,,,,,
2801900,Sergipe,Cumbe,Cumbe - Sergipe,,,,,,,,,,,,,,
2802007,Sergipe,Divina Pastora,Divina Pastora - Sergipe,,,,,,,,,,,,,,
2802106,Sergipe,Estância,Estância - Sergipe,,,,,,,,,,,,,,
2802205,Sergipe,Feira Nova,Feira Nova - Sergipe,,,,,,,,,,,,,,
2802304,Sergipe,Frei Paulo,Frei Paulo - Sergipe,,,,,,,,,,,,,,
2802403,Sergipe,Gararu,Gararu - Sergipe,,,,,,,,,,,,,,
2802502,Sergipe,General Maynard,General Maynard - Sergipe,,,,,,,,,,,,,,
2802601,Sergipe,Graccho Cardoso,Graccho Cardoso - Sergipe,,,,,,,,,,,,,,
2802700,Sergipe,Ilha das Flores,Ilha das Flores - Sergipe,,,,,,,,,,,,,,
2802809,Sergipe,Indiaroba,Indiaroba - Sergipe,,,,,,,,,,,,,,
2802908,Sergipe,Itabaiana,Itabaiana - Sergipe,,,,,,,,,,,,,,
2803005,Sergipe,Itabaianinha,Itabaianinha - Sergipe,,,,,,,,,,,,,,
2803104,Sergipe,Itabi,Itabi - Sergipe,,,,,,,,,,,,,,
2803203,Sergipe,Itaporanga d'Ajuda,Itaporanga d'Ajuda - Sergipe,,,,,,,,,,,,,,
2803302,Sergipe,Japaratuba,Japaratuba - Sergipe,,,,,,,,,,,,,,
2803401,Sergipe,Japoatã,Japoatã - Sergipe,,,,,,,,,,,,,,
2803500,Sergipe,Lagarto,Lagarto - Sergipe,,,,,,,,,,,,,,
2803609,Sergipe,Laranjeiras,Laranjeiras - Sergipe,,,,,,,,,,,,,,
2803708,Sergipe,Macambira,Macambira - Sergipe,,,,,,,,,,,,,,
2803807,Sergipe,Malhada dos Bois,Malhada dos Bois - Sergipe,,,,,,,,,,,,,,
2803906,Sergipe,Malhador,Malhador - Sergipe,,,,,,,,,,,,,,
2804003,Sergipe,Maruim,Maruim - Sergipe,,,,,,,,,,,,,,
2804102,Sergipe,Moita Bonita,Moita Bonita - Sergipe,,,,,,,,,,,,,,
2804201,Sergipe,Monte Alegre de Sergipe,Monte Alegre de Sergipe - Sergipe,,,,,,,,,,,,,,
2804300,Sergipe,Muribeca,Muribeca - Sergipe,,,,,,,,,,,,,,
2804409,Sergipe,Neópolis,Neópolis - Sergipe,,,,,,,,,,,,,,
2804458,Sergipe,Nossa Senhora Aparecida,Nossa Senhora Aparecida - Sergipe,,,,,,,,,,,,,,
2804508,Sergipe,Nossa Senhora da Glória,Nossa Senhora da Glória - Sergipe,,,,,,,,,,,,,,
2804607,Sergipe,Nossa Senhora das Dores,Nossa Senhora das Dores - Sergipe,,,,,,,,,,,,,,
2804706,Sergipe,Nossa Senhora de Lourdes,Nossa Senhora de Lourdes - Sergipe,,,,,,,,,,,,,,
2804805,Sergipe,Nossa Senhora do Socorro,Nossa Senhora do Socorro - Sergipe,,,,,,,,,,,,,,
2804904,Sergipe,Pacatuba,Pacatuba - Sergipe,,,,,,,,,,,,,,
2805000,Sergipe,Pedra Mole,Pedra Mole - Sergipe,,,,,,,,,,,,,,
2805109,Sergipe,Pedrinhas,Pedrinhas - Sergipe,,,,,,,,,,,,,,
2805208,Sergipe,Pinhão,Pinhão - Sergipe,,,,,,,,,,,,,,
2805307,Sergipe,Pirambu,Pirambu - Sergipe,,,,,,,,,,,,,,
2805406,Sergipe,Poço Redondo,Poço Redondo - Sergipe,,,,,,,,,,,,,,
2805505,Sergipe,Poço Verde,Poço Verde - Sergipe,,,,,,,,,,,,,,
2805604,Sergipe,Porto da Folha,Porto da Folha - Sergipe,,,,,,,,,,,,,,
2805703,Sergipe,Propriá,Propriá - Sergipe,,,,,,,,,,,,,,
2805802,Sergipe,Riachão do Dantas,Riachão do Dantas - Sergipe,,,,,,,,,,,,,,
2805901,Sergipe,Riachuelo,Riachuelo - Sergipe,,,,,,,,,,,,,,
2806008,Sergipe,Ribeirópolis,Ribeirópolis - Sergipe,,,,,,,,,,,,,,
2806107,Sergipe,Rosário do Catete,Rosário do Catete - Sergipe,,,,,,,,,,,,,,
2806206,Sergipe,Salgado,Salgado - Sergipe,,,,,,,,,,,,,,
2806305,Sergipe,Santa Luzia do Itanhy,Santa Luzia do Itanhy - Sergipe,,,,,,,,,,,,,,
2806503,Sergipe,Santa Rosa de Lima,Santa Rosa de Lima - Sergipe,,,,,,,,,,,,,,
2806404,Sergipe,Santana do São Francisco,Santana do São Francisco - Sergipe,,,,,,,,,,,,,,
2806602,Sergipe,Santo Amaro das Brotas,Santo Amaro das Brotas - Sergipe,,,,,,,,,,,,,,
2806701,Sergipe,São Cristóvão,São Cristóvão - Sergipe,,,,,,,,,,,,,,
2806800,Sergipe,São Domingos,São Domingos - Sergipe,,,,,,,,,,,,,,
2806909,Sergipe,São Francisco,São Francisco - Sergipe,,,,,,,,,,,,,,
2807006,Sergipe,São Miguel do Aleixo,São Miguel do Aleixo - Sergipe,,,,,,,,,,,,,,
2807105,Sergipe,Simão Dias,Simão Dias - Sergipe,,,,,,,,,,,,,,
2807204,Sergipe,Siriri,Siriri - Sergipe,,,,,,,,,,,,,,
2807303,Sergipe,Telha,Telha - Sergipe,,,,,,,,,,,,,,
2807402,Sergipe,Tobias Barreto,Tobias Barreto - Sergipe,,,,,,,,,,,,,,
2807501,Sergipe,Tomar do Geru,Tomar do Geru - Sergipe,,,,,,,,,,,,,,
2807600,Sergipe,Umbaúba,Umbaúba - Sergipe,,,,,,,,,,,,,,
2900108,Bahia,Abaíra,Abaíra - Bahia,,,,,,,,,,,,,,
2900207,Bahia,Abaré,Abaré - Bahia,,,,,,,,,,,,,,
2900306,Bahia,Acajutiba,Acajutiba - Bahia,,,,,,,,,,,,,,
2900355,Bahia,Adustina,Adustina - Bahia,,,,,,,,,,,,,,
2900405,Bahia,Água Fria,Água Fria - Bahia,,,,,,,,,,,,,,
2900603,Bahia,Aiquara,Aiquara - Bahia,,,,,,,,,,,,,,
2900702,Bahia,Alagoinhas,Alagoinhas - Bahia,,,,,,,,,,,,,,
2900801,Bahia,Alcobaça,Alcobaça - Bahia,,,,,,,,,,,,,,
2900900,Bahia,Almadina,Almadina - Bahia,,,,,,,,,,,,,,
2901007,Bahia,Amargosa,Amargosa - Bahia,,,,,,,,,,,,,,
2901106,Bahia,Amélia Rodrigues,Amélia Rodrigues - Bahia,,,,,,,,,,,,,,
2901155,Bahia,América Dourada,América Dourada - Bahia,,,,,,,,,,,,,,
2901205,Bahia,Anagé,Anagé - Bahia,,,,,,,,,,,,,,
2901304,Bahia,Andaraí,Andaraí - Bahia,,,,,,,,,,,,,,
2901353,Bahia,Andorinha,Andorinha - Bahia,,,,,,,,,,,,,,
2901403,Bahia,Angical,Angical - Bahia,,,,,,,,,,,,,,
2901502,Bahia,Anguera,Anguera - Bahia,,,,,,,,,,,,,,
2901601,Bahia,Antas,Antas - Bahia,,,,,,,,,,,,,,
2901700,Bahia,Antônio Cardoso,Antônio Cardoso - Bahia,,,,,,,,,,,,,,
2901809,Bahia,Antônio Gonçalves,Antônio Gonçalves - Bahia,,,,,,,,,,,,,,
2901908,Bahia,Aporá,Aporá - Bahia,,,,,,,,,,,,,,
2901957,Bahia,Apuarema,Apuarema - Bahia,,,,,,,,,,,,,,
2902054,Bahia,Araçás,Araçás - Bahia,,,,,,,,,,,,,,
2902005,Bahia,Aracatu,Aracatu - Bahia,,,,,,,,,,,,,,
2902104,Bahia,Araci,Araci - Bahia,,,,,,,,,,,,,,
2902203,Bahia,Aramari,Aramari - Bahia,,,,,,,,,,,,,,
2902252,Bahia,Arataca,Arataca - Bahia,,,,,,,,,,,,,,
2902302,Bahia,Aratuípe,Aratuípe - Bahia,,,,,,,,,,,,,,
2902401,Bahia,Aurelino Leal,Aurelino Leal - Bahia,,,,,,,,,,,,,,
2902500,Bahia,Baianópolis,Baianópolis - Bahia,,,,,,,,,,,,,,
2902609,Bahia,Baixa Grande,Baixa Grande - Bahia,,,,,,,,,,,,,,
2902658,Bahia,Banzaê,Banzaê - Bahia,,,,,,,,,,,,,,
2902708,Bahia,Barra,Barra - Bahia,,,,,,,,,,,,,,
2902807,Bahia,Barra da Estiva,Barra da Estiva - Bahia,,,,,,,,,,,,,,
2902906,Bahia,Barra do Choça,Barra do Choça - Bahia,,,,,,,,,,,,,,
2903003,Bahia,Barra do Mendes,Barra do Mendes - Bahia,,,,,,,,,,,,,,
2903102,Bahia,Barra do Rocha,Barra do Rocha - Bahia,,,,,,,,,,,,,,
2903201,Bahia,Barreiras,Barreiras - Bahia,,,,,,,,,,,,,,
2903235,Bahia,Barro Alto,Barro Alto - Bahia,,,,,,,,,,,,,,
2903300,Bahia,Barro Preto,Barro Preto - Bahia,,,,,,,,,,,,,,
2903276,Bahia,Barrocas,Barrocas - Bahia,,,,,,,,,,,,,,
2903409,Bahia,Belmonte,Belmonte - Bahia,,,,,,,,,,,,,,
2903508,Bahia,Belo Campo,Belo Campo - Bahia,,,,,,,,,,,,,,
2903607,Bahia,Biritinga,Biritinga - Bahia,,,,,,,,,,,,,,
2903706,Bahia,Boa Nova,Boa Nova - Bahia,,,,,,,,,,,,,,
2903805,Bahia,Boa Vista do Tupim,Boa Vista do Tupim - Bahia,,,,,,,,,,,,,,
2903904,Bahia,Bom Jesus da Lapa,Bom Jesus da Lapa - Bahia,,,,,,,,,,,,,,
2903953,Bahia,Bom Jesus da Serra,Bom Jesus da Serra - Bahia,,,,,,,,,,,,,,
2904001,Bahia,Boninal,Boninal - Bahia,,,,,,,,,,,,,,
2904050,Bahia,Bonito,Bonito - Bahia,,,,,,,,,,,,,,
2904100,Bahia,Boquira,Boquira - Bahia,,,,,,,,,,,,,,
2904209,Bahia,Botuporã,Botuporã - Bahia,,,,,,,,,,,,,,
2904308,Bahia,Brejões,Brejões - Bahia,,,,,,,,,,,,,,
2904407,Bahia,Brejolândia,Brejolândia - Bahia,,,,,,,,,,,,,,
2904506,Bahia,Brotas de Macaúbas,Brotas de Macaúbas - Bahia,,,,,,,,,,,,,,
2904605,Bahia,Brumado,Brumado - Bahia,,,,,,,,,,,,,,
2904704,Bahia,Buerarema,Buerarema - Bahia,,,,,,,,,,,,,,
2904753,Bahia,Buritirama,Buritirama - Bahia,,,,,,,,,,,,,,
2904803,Bahia,Caatiba,Caatiba - Bahia,,,,,,,,,,,,,,
2904852,Bahia,Cabaceiras do Paraguaçu,Cabaceiras do Paraguaçu - Bahia,,,,,,,,,,,,,,
2904902,Bahia,Cachoeira,Cachoeira - Bahia,,,,,,,,,,,,,,
2905008,Bahia,Caculé,Caculé - Bahia,,,,,,,,,,,,,,
2905107,Bahia,Caém,Caém - Bahia,,,,,,,,,,,,,,
2905156,Bahia,Caetanos,Caetanos - Bahia,,,,,,,,,,,,,,
2905206,Bahia,Caetité,Caetité - Bahia,,,,,,,,,,,,,,
2905305,Bahia,Cafarnaum,Cafarnaum - Bahia,,,,,,,,,,,,,,
2905404,Bahia,Cairu,Cairu - Bahia,,,,,,,,,,,,,,
2905503,Bahia,Caldeirão Grande,Caldeirão Grande - Bahia,,,,,,,,,,,,,,
2905602,Bahia,Camacan,Camacan - Bahia,,,,,,,,,,,,,,
2905701,Bahia,Camaçari,Camaçari - Bahia,,,,,,,,,,,,,,
2905800,Bahia,Camamu,Camamu - Bahia,,,,,,,,,,,,,,
2905909,Bahia,Campo Alegre de Lourdes,Campo Alegre de Lourdes - Bahia,,,,,,,,,,,,,,
2906006,Bahia,Campo Formoso,Campo Formoso - Bahia,,,,,,,,,,,,,,
2906105,Bahia,Canápolis,Canápolis - Bahia,,,,,,,,,,,,,,
2906204,Bahia,Canarana,Canarana - Bahia,,,,,,,,,,,,,,
2906303,Bahia,Canavieiras,Canavieiras - Bahia,,,,,,,,,,,,,,
2906402,Bahia,Candeal,Candeal - Bahia,,,,,,,,,,,,,,
2906501,Bahia,Candeias,Candeias - Bahia,,,,,,,,,,,,,,
2906600,Bahia,Candiba,Candiba - Bahia,,,,,,,,,,,,,,
2906709,Bahia,Cândido Sales,Cândido Sales - Bahia,,,,,,,,,,,,,,
2906808,Bahia,Cansanção,Cansanção - Bahia,,,,,,,,,,,,,,
2906824,Bahia,Canudos,Canudos - Bahia,,,,,,,,,,,,,,
2906857,Bahia,Capela do Alto Alegre,Capela do Alto Alegre - Bahia,,,,,,,,,,,,,,
2906873,Bahia,Capim Grosso,Capim Grosso - Bahia,,,,,,,,,,,,,,
2906899,Bahia,Caraíbas,Caraíbas - Bahia,,,,,,,,,,,,,,
2906907,Bahia,Caravelas,Caravelas - Bahia,,,,,,,,,,,,,,
2907004,Bahia,Cardeal da Silva,Cardeal da Silva - Bahia,,,,,,,,,,,,,,
2907103,Bahia,Carinhanha,Carinhanha - Bahia,,,,,,,,,,,,,,
2907202,Bahia,Casa Nova,Casa Nova - Bahia,,,,,,,,,,,,,,
2907301,Bahia,Castro Alves,Castro Alves - Bahia,,,,,,,,,,,,,,
2907400,Bahia,Catolândia,Catolândia - Bahia,,,,,,,,,,,,,,
2907509,Bahia,Catu,Catu - Bahia,,,,,,,,,,,,,,
2907558,Bahia,Caturama,Caturama - Bahia,,,,,,,,,,,,,,
2907608,Bahia,Central,Central - Bahia,,,,,,,,,,,,,,
2907707,Bahia,Chorrochó,Chorrochó - Bahia,,,,,,,,,,,,,,
2907806,Bahia,Cícero Dantas,Cícero Dantas - Bahia,,,,,,,,,,,,,,
2907905,Bahia,Cipó,Cipó - Bahia,,,,,,,,,,,,,,
2908002,Bahia,Coaraci,Coaraci - Bahia,,,,,,,,,,,,,,
2908101,Bahia,Cocos,Cocos - Bahia,,,,,,,,,,,,,,
2908200,Bahia,Conceição da Feira,Conceição da Feira - Bahia,,,,,,,,,,,,,,
2908309,Bahia,Conceição do Almeida,Conceição do Almeida - Bahia,,,,,,,,,,,,,,
2908408,Bahia,Conceição do Coité,Conceição do Coité - Bahia,,,,,,,,,,,,,,
2908507,Bahia,Conceição do Jacuípe,Conceição do Jacuípe - Bahia,,,,,,,,,,,,,,
2908606,Bahia,Conde,Conde - Bahia,,,,,,,,,,,,,,
2908705,Bahia,Condeúba,Condeúba - Bahia,,,,,,,,,,,,,,
2908804,Bahia,Contendas do Sincorá,Contendas do Sincorá - Bahia,,,,,,,,,,,,,,
2908903,Bahia,Coração de Maria,Coração de Maria - Bahia,,,,,,,,,,,,,,
2909000,Bahia,Cordeiros,Cordeiros - Bahia,,,,,,,,,,,,,,
2909109,Bahia,Coribe,Coribe - Bahia,,,,,,,,,,,,,,
2909208,Bahia,Coronel João Sá,Coronel João Sá - Bahia,,,,,,,,,,,,,,
2909307,Bahia,Correntina,Correntina - Bahia,,,,,,,,,,,,,,
2909406,Bahia,Cotegipe,Cotegipe - Bahia,,,,,,,,,,,,,,
2909505,Bahia,Cravolândia,Cravolândia - Bahia,,,,,,,,,,,,,,
2909604,Bahia,Crisópolis,Crisópolis - Bahia,,,,,,,,,,,,,,
2909703,Bahia,Cristópolis,Cristópolis - Bahia,,,,,,,,,,,,,,
2909802,Bahia,Cruz das Almas,Cruz das Almas - Bahia,,,,,,,,,,,,,,
2909901,Bahia,Curaçá,Curaçá - Bahia,,,,,,,,,,,,,,
2910008,Bahia,Dário Meira,Dário Meira - Bahia,,,,,,,,,,,,,,
2910057,Bahia,Dias d'Ávila,Dias d'Ávila - Bahia,,,,,,,,,,,,,,
2910107,Bahia,Dom Basílio,Dom Basílio - Bahia,,,,,,,,,,,,,,
2910206,Bahia,Dom Macedo Costa,Dom Macedo Costa - Bahia,,,,,,,,,,,,,,
2910305,Bahia,Elísio Medrado,Elísio Medrado - Bahia,,,,,,,,,,,,,,
2910404,Bahia,Encruzilhada,Encruzilhada - Bahia,,,,,,,,,,,,,,
2910503,Bahia,Entre Rios,Entre Rios - Bahia,,,,,,,,,,,,,,
2900504,Bahia,Érico Cardoso,Érico Cardoso - Bahia,,,,,,,,,,,,,,
2910602,Bahia,Esplanada,Esplanada - Bahia,,,,,,,,,,,,,,
2910701,Bahia,Euclides da Cunha,Euclides da Cunha - Bahia,,,,,,,,,,,,,,
2910727,Bahia,Eunápolis,Eunápolis - Bahia,,,,,,,,,,,,,,
2910750,Bahia,Fátima,Fátima - Bahia,,,,,,,,,,,,,,
2910776,Bahia,Feira da Mata,Feira da Mata - Bahia,,,,,,,,,,,,,,
2910800,Bahia,Feira de Santana,Feira de Santana - Bahia,,,,,,,,,,,,,,
2910859,Bahia,Filadélfia,Filadélfia - Bahia,,,,,,,,,,,,,,
2910909,Bahia,Firmino Alves,Firmino Alves - Bahia,,,,,,,,,,,,,,
2911006,Bahia,Floresta Azul,Floresta Azul - Bahia,,,,,,,,,,,,,,
2911105,Bahia,Formosa do Rio Preto,Formosa do Rio Preto - Bahia,,,,,,,,,,,,,,
2911204,Bahia,Gandu,Gandu - Bahia,,,,,,,,,,,,,,
2911253,Bahia,Gavião,Gavião - Bahia,,,,,,,,,,,,,,
2911303,Bahia,Gentio do Ouro,Gentio do Ouro - Bahia,,,,,,,,,,,,,,
2911402,Bahia,Glória,Glória - Bahia,,,,,,,,,,,,,,
2911501,Bahia,Gongogi,Gongogi - Bahia,,,,,,,,,,,,,,
2911600,Bahia,Governador Mangabeira,Governador Mangabeira - Bahia,,,,,,,,,,,,,,
2911659,Bahia,Guajeru,Guajeru - Bahia,,,,,,,,,,,,,,
2911709,Bahia,Guanambi,Guanambi - Bahia,,,,,,,,,,,,,,
2911808,Bahia,Guaratinga,Guaratinga - Bahia,,,,,,,,,,,,,,
2911857,Bahia,Heliópolis,Heliópolis - Bahia,,,,,,,,,,,,,,
2911907,Bahia,Iaçu,Iaçu - Bahia,,,,,,,,,,,,,,
2912004,Bahia,Ibiassucê,Ibiassucê - Bahia,,,,,,,,,,,,,,
2912103,Bahia,Ibicaraí,Ibicaraí - Bahia,,,,,,,,,,,,,,
2912202,Bahia,Ibicoara,Ibicoara - Bahia,,,,,,,,,,,,,,
2912301,Bahia,Ibicuí,Ibicuí - Bahia,,,,,,,,,,,,,,
2912400,Bahia,Ibipeba,Ibipeba - Bahia,,,,,,,,,,,,,,
2912509,Bahia,Ibipitanga,Ibipitanga - Bahia,,,,,,,,,,,,,,
2912608,Bahia,Ibiquera,Ibiquera - Bahia,,,,,,,,,,,,,,
2912707,Bahia,Ibirapitanga,Ibirapitanga - Bahia,,,,,,,,,,,,,,
2912806,Bahia,Ibirapuã,Ibirapuã - Bahia,,,,,,,,,,,,,,
2912905,Bahia,Ibirataia,Ibirataia - Bahia,,,,,,,,,,,,,,
2913002,Bahia,Ibitiara,Ibitiara - Bahia,,,,,,,,,,,,,,
2913101,Bahia,Ibititá,Ibititá - Bahia,,,,,,,,,,,,,,
2913200,Bahia,Ibotirama,Ibotirama - Bahia,,,,,,,,,,,,,,
2913309,Bahia,Ichu,Ichu - Bahia,,,,,,,,,,,,,,
2913408,Bahia,Igaporã,Igaporã - Bahia,,,,,,,,,,,,,,
2913457,Bahia,Igrapiúna,Igrapiúna - Bahia,,,,,,,,,,,,,,
2913507,Bahia,Iguaí,Iguaí - Bahia,,,,,,,,,,,,,,
2913606,Bahia,Ilhéus,Ilhéus - Bahia,,,,,,,,,,,,,,
2913705,Bahia,Inhambupe,Inhambupe - Bahia,,,,,,,,,,,,,,
2913804,Bahia,Ipecaetá,Ipecaetá - Bahia,,,,,,,,,,,,,,
2913903,Bahia,Ipiaú,Ipiaú - Bahia,,,,,,,,,,,,,,
2914000,Bahia,Ipirá,Ipirá - Bahia,,,,,,,,,,,,,,
2914109,Bahia,Ipupiara,Ipupiara - Bahia,,,,,,,,,,,,,,
2914208,Bahia,Irajuba,Irajuba - Bahia,,,,,,,,,,,,,,
2914307,Bahia,Iramaia,Iramaia - Bahia,,,,,,,,,,,,,,
2914406,Bahia,Iraquara,Iraquara - Bahia,,,,,,,,,,,,,,
2914505,Bahia,Irará,Irará - Bahia,,,,,,,,,,,,,,
2914604,Bahia,Irecê,Irecê - Bahia,,,,,,,,,,,,,,
2914653,Bahia,Itabela,Itabela - Bahia,,,,,,,,,,,,,,
2914703,Bahia,Itaberaba,Itaberaba - Bahia,,,,,,,,,,,,,,
2914802,Bahia,Itabuna,Itabuna - Bahia,,,,,,,,,,,,,,
2914901,Bahia,Itacaré,Itacaré - Bahia,,,,,,,,,,,,,,
2915007,Bahia,Itaeté,Itaeté - Bahia,,,,,,,,,,,,,,
2915106,Bahia,Itagi,Itagi - Bahia,,,,,,,,,,,,,,
2915205,Bahia,Itagibá,Itagibá - Bahia,,,,,,,,,,,,,,
2915304,Bahia,Itagimirim,Itagimirim - Bahia,,,,,,,,,,,,,,
2915353,Bahia,Itaguaçu da Bahia,Itaguaçu da Bahia - Bahia,,,,,,,,,,,,,,
2915403,Bahia,Itaju do Colônia,Itaju do Colônia - Bahia,,,,,,,,,,,,,,
2915502,Bahia,Itajuípe,Itajuípe - Bahia,,,,,,,,,,,,,,
2915601,Bahia,Itamaraju,Itamaraju - Bahia,,,,,,,,,,,,,,
2915700,Bahia,Itamari,Itamari - Bahia,,,,,,,,,,,,,,
2915809,Bahia,Itambé,Itambé - Bahia,,,,,,,,,,,,,,
2915908,Bahia,Itanagra,Itanagra - Bahia,,,,,,,,,,,,,,
2916005,Bahia,Itanhém,Itanhém - Bahia,,,,,,,,,,,,,,
2916104,Bahia,Itaparica,Itaparica - Bahia,,,,,,,,,,,,,,
2916203,Bahia,Itapé,Itapé - Bahia,,,,,,,,,,,,,,
2916302,Bahia,Itapebi,Itapebi - Bahia,,,,,,,,,,,,,,
2916401,Bahia,Itapetinga,Itapetinga - Bahia,,,,,,,,,,,,,,
2916500,Bahia,Itapicuru,Itapicuru - Bahia,,,,,,,,,,,,,,
2916609,Bahia,Itapitanga,Itapitanga - Bahia,,,,,,,,,,,,,,
2916708,Bahia,Itaquara,Itaquara - Bahia,,,,,,,,,,,,,,
2916807,Bahia,Itarantim,Itarantim - Bahia,,,,,,,,,,,,,,
2916856,Bahia,Itatim,Itatim - Bahia,,,,,,,,,,,,,,
2916906,Bahia,Itiruçu,Itiruçu - Bahia,,,,,,,,,,,,,,
2917003,Bahia,Itiúba,Itiúba - Bahia,,,,,,,,,,,,,,
2917102,Bahia,Itororó,Itororó - Bahia,,,,,,,,,,,,,,
2917201,Bahia,Ituaçu,Ituaçu - Bahia,,,,,,,,,,,,,,
2917300,Bahia,Ituberá,Ituberá - Bahia,,,,,,,,,,,,,,
2917334,Bahia,Iuiu,Iuiu - Bahia,,,,,,,,,,,,,,
2917359,Bahia,Jaborandi,Jaborandi - Bahia,,,,,,,,,,,,,,
2917409,Bahia,Jacaraci,Jacaraci - Bahia,,,,,,,,,,,,,,
2917508,Bahia,Jacobina,Jacobina - Bahia,,,,,,,,,,,,,,
2917607,Bahia,Jaguaquara,Jaguaquara - Bahia,,,,,,,,,,,,,,
2917706,Bahia,Jaguarari,Jaguarari - Bahia,,,,,,,,,,,,,,
2917805,Bahia,Jaguaripe,Jaguaripe - Bahia,,,,,,,,,,,,,,
2917904,Bahia,Jandaíra,Jandaíra - Bahia,,,,,,,,,,,,,,
2918001,Bahia,Jequié,Jequié - Bahia,,,,,,,,,,,,,,
2918100,Bahia,Jeremoabo,Jeremoabo - Bahia,,,,,,,,,,,,,,
2918209,Bahia,Jiquiriçá,Jiquiriçá - Bahia,,,,,,,,,,,,,,
2918308,Bahia,Jitaúna,Jitaúna - Bahia,,,,,,,,,,,,,,
2918357,Bahia,João Dourado,João Dourado - Bahia,,,,,,,,,,,,,,
2918407,Bahia,Juazeiro,Juazeiro - Bahia,,,,,,,,,,,,,,
2918456,Bahia,Jucuruçu,Jucuruçu - Bahia,,,,,,,,,,,,,,
2918506,Bahia,Jussara,Jussara - Bahia,,,,,,,,,,,,,,
2918555,Bahia,Jussari,Jussari - Bahia,,,,,,,,,,,,,,
2918605,Bahia,Jussiape,Jussiape - Bahia,,,,,,,,,,,,,,
2918704,Bahia,Lafaiete Coutinho,Lafaiete Coutinho - Bahia,,,,,,,,,,,,,,
2918753,Bahia,Lagoa Real,Lagoa Real - Bahia,,,,,,,,,,,,,,
2918803,Bahia,Laje,Laje - Bahia,,,,,,,,,,,,,,
2918902,Bahia,Lajedão,Lajedão - Bahia,,,,,,,,,,,,,,
2919009,Bahia,Lajedinho,Lajedinho - Bahia,,,,,,,,,,,,,,
2919058,Bahia,Lajedo do Tabocal,Lajedo do Tabocal - Bahia,,,,,,,,,,,,,,
2919108,Bahia,Lamarão,Lamarão - Bahia,,,,,,,,,,,,,,
2919157,Bahia,Lapão,Lapão - Bahia,,,,,,,,,,,,,,
2919207,Bahia,Lauro de Freitas,Lauro de Freitas - Bahia,,,,,,,,,,,,,,
2919306,Bahia,Lençóis,Lençóis - Bahia,,,,,,,,,,,,,,
2919405,Bahia,Licínio de Almeida,Licínio de Almeida - Bahia,,,,,,,,,,,,,,
2919504,Bahia,Livramento de Nossa Senhora,Livramento de Nossa Senhora - Bahia,,,,,,,,,,,,,,
2919553,Bahia,Luís Eduardo Magalhães,Luís Eduardo Magalhães - Bahia,,,,,,,,,,,,,,
2919603,Bahia,Macajuba,Macajuba - Bahia,,,,,,,,,,,,,,
2919702,Bahia,Macarani,Macarani - Bahia,,,,,,,,,,,,,,
2919801,Bahia,Macaúbas,Macaúbas - Bahia,,,,,,,,,,,,,,
2919900,Bahia,Macururé,Macururé - Bahia,,,,,,,,,,,,,,
2919926,Bahia,Madre de Deus,Madre de Deus - Bahia,,,,,,,,,,,,,,
2919959,Bahia,Maetinga,Maetinga - Bahia,,,,,,,,,,,,,,
2920007,Bahia,Maiquinique,Maiquinique - Bahia,,,,,,,,,,,,,,
2920106,Bahia,Mairi,Mairi - Bahia,,,,,,,,,,,,,,
2920205,Bahia,Malhada,Malhada - Bahia,,,,,,,,,,,,,,
2920304,Bahia,Malhada de Pedras,Malhada de Pedras - Bahia,,,,,,,,,,,,,,
2920403,Bahia,Manoel Vitorino,Manoel Vitorino - Bahia,,,,,,,,,,,,,,
2920452,Bahia,Mansidão,Mansidão - Bahia,,,,,,,,,,,,,,
2920502,Bahia,Maracás,Maracás - Bahia,,,,,,,,,,,,,,
2920601,Bahia,Maragogipe,Maragogipe - Bahia,,,,,,,,,,,,,,
2920700,Bahia,Maraú,Maraú - Bahia,,,,,,,,,,,,,,
2920809,Bahia,Marcionílio Souza,Marcionílio Souza - Bahia,,,,,,,,,,,,,,
2920908,Bahia,Mascote,Mascote - Bahia,,,,,,,,,,,,,,
2921005,Bahia,Mata de São João,Mata de São João - Bahia,,,,,,,,,,,,,,
2921054,Bahia,Matina,Matina - Bahia,,,,,,,,,,,,,,
2921104,Bahia,Medeiros Neto,Medeiros Neto - Bahia,,,,,,,,,,,,,,
2921203,Bahia,Miguel Calmon,Miguel Calmon - Bahia,,,,,,,,,,,,,,
2921302,Bahia,Milagres,Milagres - Bahia,,,,,,,,,,,,,,
2921401,Bahia,Mirangaba,Mirangaba - Bahia,,,,,,,,,,,,,,
2921450,Bahia,Mirante,Mirante - Bahia,,,,,,,,,,,,,,
2921500,Bahia,Monte Santo,Monte Santo - Bahia,,,,,,,,,,,,,,
2921609,Bahia,Morpará,Morpará - Bahia,,,,,,,,,,,,,,
2921708,Bahia,Morro do Chapéu,Morro do Chapéu - Bahia,,,,,,,,,,,,,,
2921807,Bahia,Mortugaba,Mortugaba - Bahia,,,,,,,,,,,,,,
2921906,Bahia,Mucugê,Mucugê - Bahia,,,,,,,,,,,,,,
2922003,Bahia,Mucuri,Mucuri - Bahia,,,,,,,,,,,,,,
2922052,Bahia,Mulungu do Morro,Mulungu do Morro - Bahia,,,,,,,,,,,,,,
2922102,Bahia,Mundo Novo,Mundo Novo - Bahia,,,,,,,,,,,,,,
2922201,Bahia,Muniz Ferreira,Muniz Ferreira - Bahia,,,,,,,,,,,,,,
2922250,Bahia,Muquém do São Francisco,Muquém do São Francisco - Bahia,,,,,,,,,,,,,,
2922300,Bahia,Muritiba,Muritiba - Bahia,,,,,,,,,,,,,,
2922409,Bahia,Mutuípe,Mutuípe - Bahia,,,,,,,,,,,,,,
2922508,Bahia,Nazaré,Nazaré - Bahia,,,,,,,,,,,,,,
2922607,Bahia,Nilo Peçanha,Nilo Peçanha - Bahia,,,,,,,,,,,,,,
2922656,Bahia,Nordestina,Nordestina - Bahia,,,,,,,,,,,,,,
2922706,Bahia,Nova Canaã,Nova Canaã - Bahia,,,,,,,,,,,,,,
2922730,Bahia,Nova Fátima,Nova Fátima - Bahia,,,,,,,,,,,,,,
2922755,Bahia,Nova Ibiá,Nova Ibiá - Bahia,,,,,,,,,,,,,,
2922805,Bahia,Nova Itarana,Nova Itarana - Bahia,,,,,,,,,,,,,,
2922854,Bahia,Nova Redenção,Nova Redenção - Bahia,,,,,,,,,,,,,,
2922904,Bahia,Nova Soure,Nova Soure - Bahia,,,,,,,,,,,,,,
2923001,Bahia,Nova Viçosa,Nova Viçosa - Bahia,,,,,,,,,,,,,,
2923035,Bahia,Novo Horizonte,Novo Horizonte - Bahia,,,,,,,,,,,,,,
2923050,Bahia,Novo Triunfo,Novo Triunfo - Bahia,,,,,,,,,,,,,,
2923100,Bahia,Olindina,Olindina - Bahia,,,,,,,,,,,,,,
2923209,Bahia,Oliveira dos Brejinhos,Oliveira dos Brejinhos - Bahia,,,,,,,,,,,,,,
2923308,Bahia,Ouriçangas,Ouriçangas - Bahia,,,,,,,,,,,,,,
2923357,Bahia,Ourolândia,Ourolândia - Bahia,,,,,,,,,,,,,,
2923407,Bahia,Palmas de Monte Alto,Palmas de Monte Alto - Bahia,,,,,,,,,,,,,,
2923506,Bahia,Palmeiras,Palmeiras - Bahia,,,,,,,,,,,,,,
2923605,Bahia,Paramirim,Paramirim - Bahia,,,,,,,,,,,,,,
2923704,Bahia,Paratinga,Paratinga - Bahia,,,,,,,,,,,,,,
2923803,Bahia,Paripiranga,Paripiranga - Bahia,,,,,,,,,,,,,,
2923902,Bahia,Pau Brasil,Pau Brasil - Bahia,,,,,,,,,,,,,,
2924009,Bahia,Paulo Afonso,Paulo Afonso - Bahia,,,,,,,,,,,,,,
2924058,Bahia,Pé de Serra,Pé de Serra - Bahia,,,,,,,,,,,,,,
2924108,Bahia,Pedrão,Pedrão - Bahia,,,,,,,,,,,,,,
2924207,Bahia,Pedro Alexandre,Pedro Alexandre - Bahia,,,,,,,,,,,,,,
2924306,Bahia,Piatã,Piatã - Bahia,,,,,,,,,,,,,,
2924405,Bahia,Pilão Arcado,Pilão Arcado - Bahia,,,,,,,,,,,,,,
2924504,Bahia,Pindaí,Pindaí - Bahia,,,,,,,,,,,,,,
2924603,Bahia,Pindobaçu,Pindobaçu - Bahia,,,,,,,,,,,,,,
2924652,Bahia,Pintadas,Pintadas - Bahia,,,,,,,,,,,,,,
2924678,Bahia,Piraí do Norte,Piraí do Norte - Bahia,,,,,,,,,,,,,,
2924702,Bahia,Piripá,Piripá - Bahia,,,,,,,,,,,,,,
2924801,Bahia,Piritiba,Piritiba - Bahia,,,,,,,,,,,,,,
2924900,Bahia,Planaltino,Planaltino - Bahia,,,,,,,,,,,,,,
2925006,Bahia,Planalto,Planalto - Bahia,,,,,,,,,,,,,,
2925105,Bahia,Poções,Poções - Bahia,,,,,,,,,,,,,,
2925204,Bahia,Pojuca,Pojuca - Bahia,,,,,,,,,,,,,,
2925253,Bahia,Ponto Novo,Ponto Novo - Bahia,,,,,,,,,,,,,,
2925303,Bahia,Porto Seguro,Porto Seguro - Bahia,,,,,,,,,,,,,,
2925402,Bahia,Potiraguá,Potiraguá - Bahia,,,,,,,,,,,,,,
2925501,Bahia,Prado,Prado - Bahia,,,,,,,,,,,,,,
2925600,Bahia,Presidente Dutra,Presidente Dutra - Bahia,,,,,,,,,,,,,,
2925709,Bahia,Presidente Jânio Quadros,Presidente Jânio Quadros - Bahia,,,,,,,,,,,,,,
2925758,Bahia,Presidente Tancredo Neves,Presidente Tancredo Neves - Bahia,,,,,,,,,,,,,,
2925808,Bahia,Queimadas,Queimadas - Bahia,,,,,,,,,,,,,,
2925907,Bahia,Quijingue,Quijingue - Bahia,,,,,,,,,,,,,,
2925931,Bahia,Quixabeira,Quixabeira - Bahia,,,,,,,,,,,,,,
2925956,Bahia,Rafael Jambeiro,Rafael Jambeiro - Bahia,,,,,,,,,,,,,,
2926004,Bahia,Remanso,Remanso - Bahia,,,,,,,,,,,,,,
2926103,Bahia,Retirolândia,Retirolândia - Bahia,,,,,,,,,,,,,,
2926202,Bahia,Riachão das Neves,Riachão das Neves - Bahia,,,,,,,,,,,,,,
2926301,Bahia,Riachão do Jacuípe,Riachão do Jacuípe - Bahia,,,,,,,,,,,,,,
2926400,Bahia,Riacho de Santana,Riacho de Santana - Bahia,,,,,,,,,,,,,,
2926509,Bahia,Ribeira do Amparo,Ribeira do Amparo - Bahia,,,,,,,,,,,,,,
2926608,Bahia,Ribeira do Pombal,Ribeira do Pombal - Bahia,,,,,,,,,,,,,,
2926657,Bahia,Ribeirão do Largo,Ribeirão do Largo - Bahia,,,,,,,,,,,,,,
2926707,Bahia,Rio de Contas,Rio de Contas - Bahia,,,,,,,,,,,,,,
2926806,Bahia,Rio do Antônio,Rio do Antônio - Bahia,,,,,,,,,,,,,,
2926905,Bahia,Rio do Pires,Rio do Pires - Bahia,,,,,,,,,,,,,,
2927002,Bahia,Rio Real,Rio Real - Bahia,,,,,,,,,,,,,,
2927101,Bahia,Rodelas,Rodelas - Bahia,,,,,,,,,,,,,,
2927200,Bahia,Ruy Barbosa,Ruy Barbosa - Bahia,,,,,,,,,,,,,,
2927309,Bahia,Salinas da Margarida,Salinas da Margarida - Bahia,,,,,,,,,,,,,,
2927408,Bahia,Salvador,Salvador - Bahia,,,,,,,,,,,,,,
2927507,Bahia,Santa Bárbara,Santa Bárbara - Bahia,,,,,,,,,,,,,,
2927606,Bahia,Santa Brígida,Santa Brígida - Bahia,,,,,,,,,,,,,,
2927705,Bahia,Santa Cruz Cabrália,Santa Cruz Cabrália - Bahia,,,,,,,,,,,,,,
2927804,Bahia,Santa Cruz da Vitória,Santa Cruz da Vitória - Bahia,,,,,,,,,,,,,,
2927903,Bahia,Santa Inês,Santa Inês - Bahia,,,,,,,,,,,,,,
2928059,Bahia,Santa Luzia,Santa Luzia - Bahia,,,,,,,,,,,,,,
2928109,Bahia,Santa Maria da Vitória,Santa Maria da Vitória - Bahia,,,,,,,,,,,,,,
2928406,Bahia,Santa Rita de Cássia,Santa Rita de Cássia - Bahia,,,,,,,,,,,,,,
2928505,Bahia,Santa Terezinha,Santa Terezinha - Bahia,,,,,,,,,,,,,,
2928000,Bahia,Santaluz,Santaluz - Bahia,,,,,,,,,,,,,,
2928208,Bahia,Santana,Santana - Bahia,,,,,,,,,,,,,,
2928307,Bahia,Santanópolis,Santanópolis - Bahia,,,,,,,,,,,,,,
2928604,Bahia,Santo Amaro,Santo Amaro - Bahia,,,,,,,,,,,,,,
2928703,Bahia,Santo Antônio de Jesus,Santo Antônio de Jesus - Bahia,,,,,,,,,,,,,,
2928802,Bahia,Santo Estêvão,Santo Estêvão - Bahia,,,,,,,,,,,,,,
2928901,Bahia,São Desidério,São Desidério - Bahia,,,,,,,,,,,,,,
2928950,Bahia,São Domingos,São Domingos - Bahia,,,,,,,,,,,,,,
2929107,Bahia,São Felipe,São Felipe - Bahia,,,,,,,,,,,,,,
2929008,Bahia,São Félix,São Félix - Bahia,,,,,,,,,,,,,,
2929057,Bahia,São Félix do Coribe,São Félix do Coribe - Bahia,,,,,,,,,,,,,,
2929206,Bahia,São Francisco do Conde,São Francisco do Conde - Bahia,,,,,,,,,,,,,,
2929255,Bahia,São Gabriel,São Gabriel - Bahia,,,,,,,,,,,,,,
2929305,Bahia,São Gonçalo dos Campos,São Gonçalo dos Campos - Bahia,,,,,,,,,,,,,,
2929354,Bahia,São José da Vitória,São José da Vitória - Bahia,,,,,,,,,,,,,,
2929370,Bahia,São José do Jacuípe,São José do Jacuípe - Bahia,,,,,,,,,,,,,,
2929404,Bahia,São Miguel das Matas,São Miguel das Matas - Bahia,,,,,,,,,,,,,,
2929503,Bahia,São Sebastião do Passé,São Sebastião do Passé - Bahia,,,,,,,,,,,,,,
2929602,Bahia,Sapeaçu,Sapeaçu - Bahia,,,,,,,,,,,,,,
2929701,Bahia,Sátiro Dias,Sátiro Dias - Bahia,,,,,,,,,,,,,,
2929750,Bahia,Saubara,Saubara - Bahia,,,,,,,,,,,,,,
2929800,Bahia,Saúde,Saúde - Bahia,,,,,,,,,,,,,,
2929909,Bahia,Seabra,Seabra - Bahia,,,,,,,,,,,,,,
2930006,Bahia,Sebastião Laranjeiras,Sebastião Laranjeiras - Bahia,,,,,,,,,,,,,,
2930105,Bahia,Senhor do Bonfim,Senhor do Bonfim - Bahia,,,,,,,,,,,,,,
2930204,Bahia,Sento Sé,Sento Sé - Bahia,,,,,,,,,,,,,,
2930154,Bahia,Serra do Ramalho,Serra do Ramalho - Bahia,,,,,,,,,,,,,,
2930303,Bahia,Serra Dourada,Serra Dourada - Bahia,,,,,,,,,,,,,,
2930402,Bahia,Serra Preta,Serra Preta - Bahia,,,,,,,,,,,,,,
2930501,Bahia,Serrinha,Serrinha - Bahia,,,,,,,,,,,,,,
2930600,Bahia,Serrolândia,Serrolândia - Bahia,,,,,,,,,,,,,,
2930709,Bahia,Simões Filho,Simões Filho - Bahia,,,,,,,,,,,,,,
2930758,Bahia,Sítio do Mato,Sítio do Mato - Bahia,,,,,,,,,,,,,,
2930766,Bahia,Sítio do Quinto,Sítio do Quinto - Bahia,,,,,,,,,,,,,,
2930774,Bahia,Sobradinho,Sobradinho - Bahia,,,,,,,,,,,,,,
2930808,Bahia,Souto Soares,Souto Soares - Bahia,,,,,,,,,,,,,,
2930907,Bahia,Tabocas do Brejo Velho,Tabocas do Brejo Velho - Bahia,,,,,,,,,,,,,,
2931004,Bahia,Tanhaçu,Tanhaçu - Bahia,,,,,,,,,,,,,,
2931053,Bahia,Tanque Novo,Tanque Novo - Bahia,,,,,,,,,,,,,,
2931103,Bahia,Tanquinho,Tanquinho - Bahia,,,,,,,,,,,,,,
2931202,Bahia,Taperoá,Taperoá - Bahia,,,,,,,,,,,,,,
2931301,Bahia,Tapiramutá,Tapiramutá - Bahia,,,,,,,,,,,,,,
2931350,Bahia,Teixeira de Freitas,Teixeira de Freitas - Bahia,,,,,,,,,,,,,,
2931400,Bahia,Teodoro Sampaio,Teodoro Sampaio - Bahia,,,,,,,,,,,,,,
2931509,Bahia,Teofilândia,Teofilândia - Bahia,,,,,,,,,,,,,,
2931608,Bahia,Teolândia,Teolândia - Bahia,,,,,,,,,,,,,,
2931707,Bahia,Terra Nova,Terra Nova - Bahia,,,,,,,,,,,,,,
2931806,Bahia,Tremedal,Tremedal - Bahia,,,,,,,,,,,,,,
2931905,Bahia,Tucano,Tucano - Bahia,,,,,,,,,,,,,,
2932002,Bahia,Uauá,Uauá - Bahia,,,,,,,,,,,,,,
2932101,Bahia,Ubaíra,Ubaíra - Bahia,,,,,,,,,,,,,,
2932200,Bahia,Ubaitaba,Ubaitaba - Bahia,,,,,,,,,,,,,,
2932309,Bahia,Ubatã,Ubatã - Bahia,,,,,,,,,,,,,,
2932408,Bahia,Uibaí,Uibaí - Bahia,,,,,,,,,,,,,,
2932457,Bahia,Umburanas,Umburanas - Bahia,,,,,,,,,,,,,,
2932507,Bahia,Una,Una - Bahia,,,,,,,,,,,,,,
2932606,Bahia,Urandi,Urandi - Bahia,,,,,,,,,,,,,,
2932705,Bahia,Uruçuca,Uruçuca - Bahia,,,,,,,,,,,,,,
2932804,Bahia,Utinga,Utinga - Bahia,,,,,,,,,,,,,,
2932903,Bahia,Valença,Valença - Bahia,,,,,,,,,,,,,,
2933000,Bahia,Valente,Valente - Bahia,,,,,,,,,,,,,,
2933059,Bahia,Várzea da Roça,Várzea da Roça - Bahia,,,,,,,,,,,,,,
2933109,Bahia,Várzea do Poço,Várzea do Poço - Bahia,,,,,,,,,,,,,,
2933158,Bahia,Várzea Nova,Várzea Nova - Bahia,,,,,,,,,,,,,,
2933174,Bahia,Varzedo,Varzedo - Bahia,,,,,,,,,,,,,,
2933208,Bahia,Vera Cruz,Vera Cruz - Bahia,,,,,,,,,,,,,,
2933257,Bahia,Vereda,Vereda - Bahia,,,,,,,,,,,,,,
2933307,Bahia,Vitória da Conquista,Vitória da Conquista - Bahia,,,,,,,,,,,,,,
2933406,Bahia,Wagner,Wagner - Bahia,,,,,,,,,,,,,,
2933455,Bahia,Wanderley,Wanderley - Bahia,,,,,,,,,,,,,,
2933505,Bahia,Wenceslau Guimarães,Wenceslau Guimarães - Bahia,,,,,,,,,,,,,,
2933604,Bahia,Xique-Xique,Xique-Xique - Bahia,,,,,,,,,,,,,,
3100104,Minas Gerais,Abadia dos Dourados,Abadia dos Dourados - Minas Gerais,,,,,,,,,,,,,,
3100203,Minas Gerais,Abaeté,Abaeté - Minas Gerais,,,,,,,,,,,,,,
3100302,Minas Gerais,Abre Campo,Abre Campo - Minas Gerais,,,,,,,,,,,,,,
3100401,Minas Gerais,Acaiaca,Acaiaca - Minas Gerais,,,,,,,,,,,,,,
3100500,Minas Gerais,Açucena,Açucena - Minas Gerais,,,,,,,,,,,,,,
3100609,Minas Gerais,Água Boa,Água Boa - Minas Gerais,,,,,,,,,,,,,,
3100708,Minas Gerais,Água Comprida,Água Comprida - Minas Gerais,,,,,,,,,,,,,,
3100807,Minas Gerais,Aguanil,Aguanil - Minas Gerais,,,,,,,,,,,,,,
3100906,Minas Gerais,Águas Formosas,Águas Formosas - Minas Gerais,,,,,,,,,,,,,,
3101003,Minas Gerais,Águas Vermelhas,Águas Vermelhas - Minas Gerais,,,,,,,,,,,,,,
3101102,Minas Gerais,Aimorés,Aimorés - Minas Gerais,,,,,,,,,,,,,,
3101201,Minas Gerais,Aiuruoca,Aiuruoca - Minas Gerais,,,,,,,,,,,,,,
3101300,Minas Gerais,Alagoa,Alagoa - Minas Gerais,,,,,,,,,,,,,,
3101409,Minas Gerais,Albertina,Albertina - Minas Gerais,,,,,,,,,,,,,,
3101508,Minas Gerais,Além Paraíba,Além Paraíba - Minas Gerais,,,,,,,,,,,,,,
3101607,Minas Gerais,Alfenas,Alfenas - Minas Gerais,,,,,,,,,,,,,,
3101631,Minas Gerais,Alfredo Vasconcelos,Alfredo Vasconcelos - Minas Gerais,,,,,,,,,,,,,,
3101706,Minas Gerais,Almenara,Almenara - Minas Gerais,,,,,,,,,,,,,,
3101805,Minas Gerais,Alpercata,Alpercata - Minas Gerais,,,,,,,,,,,,,,
3101904,Minas Gerais,Alpinópolis,Alpinópolis - Minas Gerais,,,,,,,,,,,,,,
3102001,Minas Gerais,Alterosa,Alterosa - Minas Gerais,,,,,,,,,,,,,,
3102050,Minas Gerais,Alto Caparaó,Alto Caparaó - Minas Gerais,,,,,,,,,,,,,,
3153509,Minas Gerais,Alto Jequitibá,Alto Jequitibá - Minas Gerais,,,,,,,,,,,,,,
3102100,Minas Gerais,Alto Rio Doce,Alto Rio Doce - Minas Gerais,,,,,,,,,,,,,,
3102209,Minas Gerais,Alvarenga,Alvarenga - Minas Gerais,,,,,,,,,,,,,,
3102308,Minas Gerais,Alvinópolis,Alvinópolis - Minas Gerais,,,,,,,,,,,,,,
3102407,Minas Gerais,Alvorada de Minas,Alvorada de Minas - Minas Gerais,,,,,,,,,,,,,,
3102506,Minas Gerais,Amparo do Serra,Amparo do Serra - Minas Gerais,,,,,,,,,,,,,,
3102605,Minas Gerais,Andradas,Andradas - Minas Gerais,,,,,,,,,,,,,,
3102803,Minas Gerais,Andrelândia,Andrelândia - Minas Gerais,,,,,,,,,,,,,,
3102852,Minas Gerais,Angelândia,Angelândia - Minas Gerais,,,,,,,,,,,,,,
3102902,Minas Gerais,Antônio Carlos,Antônio Carlos - Minas Gerais,,,,,,,,,,,,,,
3103009,Minas Gerais,Antônio Dias,Antônio Dias - Minas Gerais,,,,,,,,,,,,,,
3103108,Minas Gerais,Antônio Prado de Minas,Antônio Prado de Minas - Minas Gerais,,,,,,,,,,,,,,
3103207,Minas Gerais,Araçaí,Araçaí - Minas Gerais,,,,,,,,,,,,,,
3103306,Minas Gerais,Aracitaba,Aracitaba - Minas Gerais,,,,,,,,,,,,,,
3103405,Minas Gerais,Araçuaí,Araçuaí - Minas Gerais,,,,,,,,,,,,,,
3103504,Minas Gerais,Araguari,Araguari - Minas Gerais,,,,,,,,,,,,,,
3103603,Minas Gerais,Arantina,Arantina - Minas Gerais,,,,,,,,,,,,,,
3103702,Minas Gerais,Araponga,Araponga - Minas Gerais,,,,,,,,,,,,,,
3103751,Minas Gerais,Araporã,Araporã - Minas Gerais,,,,,,,,,,,,,,
3103801,Minas Gerais,Arapuá,Arapuá - Minas Gerais,,,,,,,,,,,,,,
3103900,Minas Gerais,Araújos,Araújos - Minas Gerais,,,,,,,,,,,,,,
3104007,Minas Gerais,Araxá,Araxá - Minas Gerais,,,,,,,,,,,,,,
3104106,Minas Gerais,Arceburgo,Arceburgo - Minas Gerais,,,,,,,,,,,,,,
3104205,Minas Gerais,Arcos,Arcos - Minas Gerais,,,,,,,,,,,,,,
3104304,Minas Gerais,Areado,Areado - Minas Gerais,,,,,,,,,,,,,,
3104403,Minas Gerais,Argirita,Argirita - Minas Gerais,,,,,,,,,,,,,,
3104452,Minas Gerais,Aricanduva,Aricanduva - Minas Gerais,,,,,,,,,,,,,,
3104502,Minas Gerais,Arinos,Arinos - Minas Gerais,,,,,,,,,,,,,,
3104601,Minas Gerais,Astolfo Dutra,Astolfo Dutra - Minas Gerais,,,,,,,,,,,,,,
3104700,Minas Gerais,Ataléia,Ataléia - Minas Gerais,,,,,,,,,,,,,,
3104809,Minas Gerais,Augusto de Lima,Augusto de Lima - Minas Gerais,,,,,,,,,,,,,,
3104908,Minas Gerais,Baependi,Baependi - Minas Gerais,,,,,,,,,,,,,,
3105004,Minas Gerais,Baldim,Baldim - Minas Gerais,,,,,,,,,,,,,,
3105103,Minas Gerais,Bambuí,Bambuí - Minas Gerais,,,,,,,,,,,,,,
3105202,Minas Gerais,Bandeira,Bandeira - Minas Gerais,,,,,,,,,,,,,,
3105301,Minas Gerais,Bandeira do Sul,Bandeira do Sul - Minas Gerais,,,,,,,,,,,,,,
3105400,Minas Gerais,Barão de Cocais,Barão de Cocais - Minas Gerais,,,,,,,,,,,,,,
3105509,Minas Gerais,Barão do Monte Alto,Barão do Monte Alto - Minas Gerais,,,,,,,,,,,,,,
3105608,Minas Gerais,Barbacena,Barbacena - Minas Gerais,,,,,,,,,,,,,,
3105707,Minas Gerais,Barra Longa,Barra Longa - Minas Gerais,,,,,,,,,,,,,,
3105905,Minas Gerais,Barroso,Barroso - Minas Gerais,,,,,,,,,,,,,,
3106002,Minas Gerais,Bela Vista de Minas,Bela Vista de Minas - Minas Gerais,,,,,,,,,,,,,,
3106101,Minas Gerais,Belmiro Braga,Belmiro Braga - Minas Gerais,,,,,,,,,,,,,,
3106200,Minas Gerais,Belo Horizonte,Belo Horizonte - Minas Gerais,,,,,,,,,,,,,,
3106309,Minas Gerais,Belo Oriente,Belo Oriente - Minas Gerais,,,,,,,,,,,,,,
3106408,Minas Gerais,Belo Vale,Belo Vale - Minas Gerais,,,,,,,,,,,,,,
3106507,Minas Gerais,Berilo,Berilo - Minas Gerais,,,,,,,,,,,,,,
3106655,Minas Gerais,Berizal,Berizal - Minas Gerais,,,,,,,,,,,,,,
3106606,Minas Gerais,Bertópolis,Bertópolis - Minas Gerais,,,,,,,,,,,,,,
3106705,Minas Gerais,Betim,Betim - Minas Gerais,,,,,,,,,,,,,,
3106804,Minas Gerais,Bias Fortes,Bias Fortes - Minas Gerais,,,,,,,,,,,,,,
3106903,Minas Gerais,Bicas,Bicas - Minas Gerais,,,,,,,,,,,,,,
3107000,Minas Gerais,Biquinhas,Biquinhas - Minas Gerais,,,,,,,,,,,,,,
3107109,Minas Gerais,Boa Esperança,Boa Esperança - Minas Gerais,,,,,,,,,,,,,,
3107208,Minas Gerais,Bocaina de Minas,Bocaina de Minas - Minas Gerais,,,,,,,,,,,,,,
3107307,Minas Gerais,Bocaiúva,Bocaiúva - Minas Gerais,,,,,,,,,,,,,,
3107406,Minas Gerais,Bom Despacho,Bom Despacho - Minas Gerais,,,,,,,,,,,,,,
3107505,Minas Gerais,Bom Jardim de Minas,Bom Jardim de Minas - Minas Gerais,,,,,,,,,,,,,,
3107604,Minas Gerais,Bom Jesus da Penha,Bom Jesus da Penha - Minas Gerais,,,,,,,,,,,,,,
3107703,Minas Gerais,Bom Jesus do Amparo,Bom Jesus do Amparo - Minas Gerais,,,,,,,,,,,,,,
3107802,Minas Gerais,Bom Jesus do Galho,Bom Jesus do Galho - Minas Gerais,,,,,,,,,,,,,,
3107901,Minas Gerais,Bom Repouso,Bom Repouso - Minas Gerais,,,,,,,,,,,,,,
3108008,Minas Gerais,Bom Sucesso,Bom Sucesso - Minas Gerais,,,,,,,,,,,,,,
3108107,Minas Gerais,Bonfim,Bonfim - Minas Gerais,,,,,,,,,,,,,,
3108206,Minas Gerais,Bonfinópolis de Minas,Bonfinópolis de Minas - Minas Gerais,,,,,,,,,,,,,,
3108255,Minas Gerais,Bonito de Minas,Bonito de Minas - Minas Gerais,,,,,,,,,,,,,,
3108305,Minas Gerais,Borda da Mata,Borda da Mata - Minas Gerais,,,,,,,,,,,,,,
3108404,Minas Gerais,Botelhos,Botelhos - Minas Gerais,,,,,,,,,,,,,,
3108503,Minas Gerais,Botumirim,Botumirim - Minas Gerais,,,,,,,,,,,,,,
3108701,Minas Gerais,Brás Pires,Brás Pires - Minas Gerais,,,,,,,,,,,,,,
3108552,Minas Gerais,Brasilândia de Minas,Brasilândia de Minas - Minas Gerais,,,,,,,,,,,,,,
3108602,Minas Gerais,Brasília de Minas,Brasília de Minas - Minas Gerais,,,,,,,,,,,,,,
3108800,Minas Gerais,Braúnas,Braúnas - Minas Gerais,,,,,,,,,,,,,,
3108909,Minas Gerais,Brazópolis,Brazópolis - Minas Gerais,,,,,,,,,,,,,,
3109006,Minas Gerais,Brumadinho,Brumadinho - Minas Gerais,,,,,,,,,,,,,,
3109105,Minas Gerais,Bueno Brandão,Bueno Brandão - Minas Gerais,,,,,,,,,,,,,,
3109204,Minas Gerais,Buenópolis,Buenópolis - Minas Gerais,,,,,,,,,,,,,,
3109253,Minas Gerais,Bugre,Bugre - Minas Gerais,,,,,,,,,,,,,,
3109303,Minas Gerais,Buritis,Buritis - Minas Gerais,,,,,,,,,,,,,,
3109402,Minas Gerais,Buritizeiro,Buritizeiro - Minas Gerais,,,,,,,,,,,,,,
3109451,Minas Gerais,Cabeceira Grande,Cabeceira Grande - Minas Gerais,,,,,,,,,,,,,,
3109501,Minas Gerais,Cabo Verde,Cabo Verde - Minas Gerais,,,,,,,,,,,,,,
3109600,Minas Gerais,Cachoeira da Prata,Cachoeira da Prata - Minas Gerais,,,,,,,,,,,,,,
3109709,Minas Gerais,Cachoeira de Minas,Cachoeira de Minas - Minas Gerais,,,,,,,,,,,,,,
3102704,Minas Gerais,Cachoeira de Pajeú,Cachoeira de Pajeú - Minas Gerais,,,,,,,,,,,,,,
3109808,Minas Gerais,Cachoeira Dourada,Cachoeira Dourada - Minas Gerais,,,,,,,,,,,,,,
3109907,Minas Gerais,Caetanópolis,Caetanópolis - Minas Gerais,,,,,,,,,,,,,,
3110004,Minas Gerais,Caeté,Caeté - Minas Gerais,,,,,,,,,,,,,,
3110103,Minas Gerais,Caiana,Caiana - Minas Gerais,,,,,,,,,,,,,,
3110202,Minas Gerais,Cajuri,Cajuri - Minas Gerais,,,,,,,,,,,,,,
3110301,Minas Gerais,Caldas,Caldas - Minas Gerais,,,,,,,,,,,,,,
3110400,Minas Gerais,Camacho,Camacho - Minas Gerais,,,,,,,,,,,,,,
3110509,Minas Gerais,Camanducaia,Camanducaia - Minas Gerais,,,,,,,,,,,,,,
3110608,Minas Gerais,Cambuí,Cambuí - Minas Gerais,,,,,,,,,,,,,,
3110707,Minas Gerais,Cambuquira,Cambuquira - Minas Gerais,,,,,,,,,,,,,,
3110806,Minas Gerais,Campanário,Campanário - Minas Gerais,,,,,,,,,,,,,,
3110905,Minas Gerais,Campanha,Campanha - Minas Gerais,,,,,,,,,,,,,,
3111002,Minas Gerais,Campestre,Campestre - Minas Gerais,,,,,,,,,,,,,,
3111101,Minas Gerais,Campina Verde,Campina Verde - Minas Gerais,,,,,,,,,,,,,,
3111150,Minas Gerais,Campo Azul,Campo Azul - Minas Gerais,,,,,,,,,,,,,,
3111200,Minas Gerais,Campo Belo,Campo Belo - Minas Gerais,,,,,,,,,,,,,,
3111309,Minas Gerais,Campo do Meio,Campo do Meio - Minas Gerais,,,,,,,,,,,,,,
3111408,Minas Gerais,Campo Florido,Campo Florido - Minas Gerais,,,,,,,,,,,,,,
3111507,Minas Gerais,Campos Altos,Campos Altos - Minas Gerais,,,,,,,,,,,,,,
3111606,Minas Gerais,Campos Gerais,Campos Gerais - Minas Gerais,,,,,,,,,,,,,,
3111903,Minas Gerais,Cana Verde,Cana Verde - Minas Gerais,,,,,,,,,,,,,,
3111705,Minas Gerais,Canaã,Canaã - Minas Gerais,,,,,,,,,,,,,,
3111804,Minas Gerais,Canápolis,Canápolis - Minas Gerais,,,,,,,,,,,,,,
3112000,Minas Gerais,Candeias,Candeias - Minas Gerais,,,,,,,,,,,,,,
3112059,Minas Gerais,Cantagalo,Cantagalo - Minas Gerais,,,,,,,,,,,,,,
3112109,Minas Gerais,Caparaó,Caparaó - Minas Gerais,,,,,,,,,,,,,,
3112208,Minas Gerais,Capela Nova,Capela Nova - Minas Gerais,,,,,,,,,,,,,,
3112307,Minas Gerais,Capelinha,Capelinha - Minas Gerais,,,,,,,,,,,,,,
3112406,Minas Gerais,Capetinga,Capetinga - Minas Gerais,,,,,,,,,,,,,,
3112505,Minas Gerais,Capim Branco,Capim Branco - Minas Gerais,,,,,,,,,,,,,,
3112604,Minas Gerais,Capinópolis,Capinópolis - Minas Gerais,,,,,,,,,,,,,,
3112653,Minas Gerais,Capitão Andrade,Capitão Andrade - Minas Gerais,,,,,,,,,,,,,,
3112703,Minas Gerais,Capitão Enéas,Capitão Enéas - Minas Gerais,,,,,,,,,,,,,,
3112802,Minas Gerais,Capitólio,Capitólio - Minas Gerais,,,,,,,,,,,,,,
3112901,Minas Gerais,Caputira,Caputira - Minas Gerais,,,,,,,,,,,,,,
3113008,Minas Gerais,Caraí,Caraí - Minas Gerais,,,,,,,,,,,,,,
3113107,Minas Gerais,Caranaíba,Caranaíba - Minas Gerais,,,,,,,,,,,,,,
3113206,Minas Gerais,Carandaí,Carandaí - Minas Gerais,,,,,,,,,,,,,,
3113305,Minas Gerais,Carangola,Carangola - Minas Gerais,,,,,,,,,,,,,,
3113404,Minas Gerais,Caratinga,Caratinga - Minas Gerais,,,,,,,,,,,,,,
3113503,Minas Gerais,Carbonita,Carbonita - Minas Gerais,,,,,,,,,,,,,,
3113602,Minas Gerais,Careaçu,Careaçu - Minas Gerais,,,,,,,,,,,,,,
3113701,Minas Gerais,Carlos Chagas,Carlos Chagas - Minas Gerais,,,,,,,,,,,,,,
3113800,Minas Gerais,Carmésia,Carmésia - Minas Gerais,,,,,,,,,,,,,,
3113909,Minas Gerais,Carmo da Cachoeira,Carmo da Cachoeira - Minas Gerais,,,,,,,,,,,,,,
3114006,Minas Gerais,Carmo da Mata,Carmo da Mata - Minas Gerais,,,,,,,,,,,,,,
3114105,Minas Gerais,Carmo de Minas,Carmo de Minas - Minas Gerais,,,,,,,,,,,,,,
3114204,Minas Gerais,Carmo do Cajuru,Carmo do Cajuru - Minas Gerais,,,,,,,,,,,,,,
3114303,Minas Gerais,Carmo do Paranaíba,Carmo do Paranaíba - Minas Gerais,,,,,,,,,,,,,,
3114402,Minas Gerais,Carmo do Rio Claro,Carmo do Rio Claro - Minas Gerais,,,,,,,,,,,,,,
3114501,Minas Gerais,Carmópolis de Minas,Carmópolis de Minas - Minas Gerais,,,,,,,,,,,,,,
3114550,Minas Gerais,Carneirinho,Carneirinho - Minas Gerais,,,,,,,,,,,,,,
3114600,Minas Gerais,Carrancas,Carrancas - Minas Gerais,,,,,,,,,,,,,,
3114709,Minas Gerais,Carvalhópolis,Carvalhópolis - Minas Gerais,,,,,,,,,,,,,,
3114808,Minas Gerais,Carvalhos,Carvalhos - Minas Gerais,,,,,,,,,,,,,,
3114907,Minas Gerais,Casa Grande,Casa Grande - Minas Gerais,,,,,,,,,,,,,,
3115003,Minas Gerais,Cascalho Rico,Cascalho Rico - Minas Gerais,,,,,,,,,,,,,,
3115102,Minas Gerais,Cássia,Cássia - Minas Gerais,,,,,,,,,,,,,,
3115300,Minas Gerais,Cataguases,Cataguases - Minas Gerais,,,,,,,,,,,,,,
3115359,Minas Gerais,Catas Altas,Catas Altas - Minas Gerais,,,,,,,,,,,,,,
3115409,Minas Gerais,Catas Altas da Noruega,Catas Altas da Noruega - Minas Gerais,,,,,,,,,,,,,,
3115458,Minas Gerais,Catuji,Catuji - Minas Gerais,,,,,,,,,,,,,,
3115474,Minas Gerais,Catuti,Catuti - Minas Gerais,,,,,,,,,,,,,,
3115508,Minas Gerais,Caxambu,Caxambu - Minas Gerais,,,,,,,,,,,,,,
3115607,Minas Gerais,Cedro do Abaeté,Cedro do Abaeté - Minas Gerais,,,,,,,,,,,,,,
3115706,Minas Gerais,Central de Minas,Central de Minas - Minas Gerais,,,,,,,,,,,,,,
3115805,Minas Gerais,Centralina,Centralina - Minas Gerais,,,,,,,,,,,,,,
3115904,Minas Gerais,Chácara,Chácara - Minas Gerais,,,,,,,,,,,,,,
3116001,Minas Gerais,Chalé,Chalé - Minas Gerais,,,,,,,,,,,,,,
3116100,Minas Gerais,Chapada do Norte,Chapada do Norte - Minas Gerais,,,,,,,,,,,,,,
3116159,Minas Gerais,Chapada Gaúcha,Chapada Gaúcha - Minas Gerais,,,,,,,,,,,,,,
3116209,Minas Gerais,Chiador,Chiador - Minas Gerais,,,,,,,,,,,,,,
3116308,Minas Gerais,Cipotânea,Cipotânea - Minas Gerais,,,,,,,,,,,,,,
3116407,Minas Gerais,Claraval,Claraval - Minas Gerais,,,,,,,,,,,,,,
3116506,Minas Gerais,Claro dos Poções,Claro dos Poções - Minas Gerais,,,,,,,,,,,,,,
3116605,Minas Gerais,Cláudio,Cláudio - Minas Gerais,,,,,,,,,,,,,,
3116704,Minas Gerais,Coimbra,Coimbra - Minas Gerais,,,,,,,,,,,,,,
3116803,Minas Gerais,Coluna,Coluna - Minas Gerais,,,,,,,,,,,,,,
3116902,Minas Gerais,Comendador Gomes,Comendador Gomes - Minas Gerais,,,,,,,,,,,,,,
3117009,Minas Gerais,Comercinho,Comercinho - Minas Gerais,,,,,,,,,,,,,,
3117108,Minas Gerais,Conceição da Aparecida,Conceição da Aparecida - Minas Gerais,,,,,,,,,,,,,,
3115201,Minas Gerais,Conceição da Barra de Minas,Conceição da Barra de Minas - Minas Gerais,,,,,,,,,,,,,,
3117306,Minas Gerais,Conceição das Alagoas,Conceição das Alagoas - Minas Gerais,,,,,,,,,,,,,,
3117207,Minas Gerais,Conceição das Pedras,Conceição das Pedras - Minas Gerais,,,,,,,,,,,,,,
3117405,Minas Gerais,Conceição de Ipanema,Conceição de Ipanema - Minas Gerais,,,,,,,,,,,,,,
3117504,Minas Gerais,Conceição do Mato Dentro,Conceição do Mato Dentro - Minas Gerais,,,,,,,,,,,,,,
3117603,Minas Gerais,Conceição do Pará,Conceição do Pará - Minas Gerais,,,,,,,,,,,,,,
3117702,Minas Gerais,Conceição do Rio Verde,Conceição do Rio Verde - Minas Gerais,,,,,,,,,,,,,,
3117801,Minas Gerais,Conceição dos Ouros,Conceição dos Ouros - Minas Gerais,,,,,,,,,,,,,,
3117836,Minas Gerais,Cônego Marinho,Cônego Marinho - Minas Gerais,,,,,,,,,,,,,,
3117876,Minas Gerais,Confins,Confins - Minas Gerais,,,,,,,,,,,,,,
3117900,Minas Gerais,Congonhal,Congonhal - Minas Gerais,,,,,,,,,,,,,,
3118007,Minas Gerais,Congonhas,Congonhas - Minas Gerais,,,,,,,,,,,,,,
3118106,Minas Gerais,Congonhas do Norte,Congonhas do Norte - Minas Gerais,,,,,,,,,,,,,,
3118205,Minas Gerais,Conquista,Conquista - Minas Gerais,,,,,,,,,,,,,,
3118304,Minas Gerais,Conselheiro Lafaiete,Conselheiro Lafaiete - Minas Gerais,,,,,,,,,,,,,,
3118403,Minas Gerais,Conselheiro Pena,Conselheiro Pena - Minas Gerais,,,,,,,,,,,,,,
3118502,Minas Gerais,Consolação,Consolação - Minas Gerais,,,,,,,,,,,,,,
3118601,Minas Gerais,Contagem,Contagem - Minas Gerais,,,,,,,,,,,,,,
3118700,Minas Gerais,Coqueiral,Coqueiral - Minas Gerais,,,,,,,,,,,,,,
3118809,Minas Gerais,Coração de Jesus,Coração de Jesus - Minas Gerais,,,,,,,,,,,,,,
3118908,Minas Gerais,Cordisburgo,Cordisburgo - Minas Gerais,,,,,,,,,,,,,,
3119005,Minas Gerais,Cordislândia,Cordislândia - Minas Gerais,,,,,,,,,,,,,,
3119104,Minas Gerais,Corinto,Corinto - Minas Gerais,,,,,,,,,,,,,,
3119203,Minas Gerais,Coroaci,Coroaci - Minas Gerais,,,,,,,,,,,,,,
3119302,Minas Gerais,Coromandel,Coromandel - Minas Gerais,,,,,,,,,,,,,,
3119401,Minas Gerais,Coronel Fabriciano,Coronel Fabriciano - Minas Gerais,,,,,,,,,,,,,,
3119500,Minas Gerais,Coronel Murta,Coronel Murta - Minas Gerais,,,,,,,,,,,,,,
3119609,Minas Gerais,Coronel Pacheco,Coronel Pacheco - Minas Gerais,,,,,,,,,,,,,,
3119708,Minas Gerais,Coronel Xavier Chaves,Coronel Xavier Chaves - Minas Gerais,,,,,,,,,,,,,,
3119807,Minas Gerais,Córrego Danta,Córrego Danta - Minas Gerais,,,,,,,,,,,,,,
3119906,Minas Gerais,Córrego do Bom Jesus,Córrego do Bom Jesus - Minas Gerais,,,,,,,,,,,,,,
3119955,Minas Gerais,Córrego Fundo,Córrego Fundo - Minas Gerais,,,,,,,,,,,,,,
3120003,Minas Gerais,Córrego Novo,Córrego Novo - Minas Gerais,,,,,,,,,,,,,,
3120102,Minas Gerais,Couto de Magalhães de Minas,Couto de Magalhães de Minas - Minas Gerais,,,,,,,,,,,,,,
3120151,Minas Gerais,Crisólita,Crisólita - Minas Gerais,,,,,,,,,,,,,,
3120201,Minas Gerais,Cristais,Cristais - Minas Gerais,,,,,,,,,,,,,,
3120300,Minas Gerais,Cristália,Cristália - Minas Gerais,,,,,,,,,,,,,,
3120409,Minas Gerais,Cristiano Otoni,Cristiano Otoni - Minas Gerais,,,,,,,,,,,,,,
3120508,Minas Gerais,Cristina,Cristina - Minas Gerais,,,,,,,,,,,,,,
3120607,Minas Gerais,Crucilândia,Crucilândia - Minas Gerais,,,,,,,,,,,,,,
3120706,Minas Gerais,Cruzeiro da Fortaleza,Cruzeiro da Fortaleza - Minas Gerais,,,,,,,,,,,,,,
3120805,Minas Gerais,Cruzília,Cruzília - Minas Gerais,,,,,,,,,,,,,,
3120839,Minas Gerais,Cuparaque,Cuparaque - Minas Gerais,,,,,,,,,,,,,,
3120870,Minas Gerais,Curral de Dentro,Curral de Dentro - Minas Gerais,,,,,,,,,,,,,,
3120904,Minas Gerais,Curvelo,Curvelo - Minas Gerais,,,,,,,,,,,,,,
3121001,Minas Gerais,Datas,Datas - Minas Gerais,,,,,,,,,,,,,,
3121100,Minas Gerais,Delfim Moreira,Delfim Moreira - Minas Gerais,,,,,,,,,,,,,,
3121209,Minas Gerais,Delfinópolis,Delfinópolis - Minas Gerais,,,,,,,,,,,,,,
3121258,Minas Gerais,Delta,Delta - Minas Gerais,,,,,,,,,,,,,,
3121308,Minas Gerais,Descoberto,Descoberto - Minas Gerais,,,,,,,,,,,,,,
3121407,Minas Gerais,Desterro de Entre Rios,Desterro de Entre Rios - Minas Gerais,,,,,,,,,,,,,,
3121506,Minas Gerais,Desterro do Melo,Desterro do Melo - Minas Gerais,,,,,,,,,,,,,,
3121605,Minas Gerais,Diamantina,Diamantina - Minas Gerais,,,,,,,,,,,,,,
3121704,Minas Gerais,Diogo de Vasconcelos,Diogo de Vasconcelos - Minas Gerais,,,,,,,,,,,,,,
3121803,Minas Gerais,Dionísio,Dionísio - Minas Gerais,,,,,,,,,,,,,,
3121902,Minas Gerais,Divinésia,Divinésia - Minas Gerais,,,,,,,,,,,,,,
3122009,Minas Gerais,Divino,Divino - Minas Gerais,,,,,,,,,,,,,,
3122108,Minas Gerais,Divino das Laranjeiras,Divino das Laranjeiras - Minas Gerais,,,,,,,,,,,,,,
3122207,Minas Gerais,Divinolândia de Minas,Divinolândia de Minas - Minas Gerais,,,,,,,,,,,,,,
3122306,Minas Gerais,Divinópolis,Divinópolis - Minas Gerais,,,,,,,,,,,,,,
3122355,Minas Gerais,Divisa Alegre,Divisa Alegre - Minas Gerais,,,,,,,,,,,,,,
3122405,Minas Gerais,Divisa Nova,Divisa Nova - Minas Gerais,,,,,,,,,,,,,,
3122454,Minas Gerais,Divisópolis,Divisópolis - Minas Gerais,,,,,,,,,,,,,,
3122470,Minas Gerais,Dom Bosco,Dom Bosco - Minas Gerais,,,,,,,,,,,,,,
3122504,Minas Gerais,Dom Cavati,Dom Cavati - Minas Gerais,,,,,,,,,,,,,,
3122603,Minas Gerais,Dom Joaquim,Dom Joaquim - Minas Gerais,,,,,,,,,,,,,,
3122702,Minas Gerais,Dom Silvério,Dom Silvério - Minas Gerais,,,,,,,,,,,,,,
3122801,Minas Gerais,Dom Viçoso,Dom Viçoso - Minas Gerais,,,,,,,,,,,,,,
3122900,Minas Gerais,Dona Euzébia,Dona Euzébia - Minas Gerais,,,,,,,,,,,,,,
3123007,Minas Gerais,Dores de Campos,Dores de Campos - Minas Gerais,,,,,,,,,,,,,,
3123106,Minas Gerais,Dores de Guanhães,Dores de Guanhães - Minas Gerais,,,,,,,,,,,,,,
3123205,Minas Gerais,Dores do Indaiá,Dores do Indaiá - Minas Gerais,,,,,,,,,,,,,,
3123304,Minas Gerais,Dores do Turvo,Dores do Turvo - Minas Gerais,,,,,,,,,,,,,,
3123403,Minas Gerais,Doresópolis,Doresópolis - Minas Gerais,,,,,,,,,,,,,,
3123502,Minas Gerais,Douradoquara,Douradoquara - Minas Gerais,,,,,,,,,,,,,,
3123528,Minas Gerais,Durandé,Durandé - Minas Gerais,,,,,,,,,,,,,,
3123601,Minas Gerais,Elói Mendes,Elói Mendes - Minas Gerais,,,,,,,,,,,,,,
3123700,Minas Gerais,Engenheiro Caldas,Engenheiro Caldas - Minas Gerais,,,,,,,,,,,,,,
3123809,Minas Gerais,Engenheiro Navarro,Engenheiro Navarro - Minas Gerais,,,,,,,,,,,,,,
3123858,Minas Gerais,Entre Folhas,Entre Folhas - Minas Gerais,,,,,,,,,,,,,,
3123908,Minas Gerais,Entre Rios de Minas,Entre Rios de Minas - Minas Gerais,,,,,,,,,,,,,,
3124005,Minas Gerais,Ervália,Ervália - Minas Gerais,,,,,,,,,,,,,,
3124104,Minas Gerais,Esmeraldas,Esmeraldas - Minas Gerais,,,,,,,,,,,,,,
3124203,Minas Gerais,Espera Feliz,Espera Feliz - Minas Gerais,,,,,,,,,,,,,,
3124302,Minas Gerais,Espinosa,Espinosa - Minas Gerais,,,,,,,,,,,,,,
3124401,Minas Gerais,Espírito Santo do Dourado,Espírito Santo do Dourado - Minas Gerais,,,,,,,,,,,,,,
3124500,Minas Gerais,Estiva,Estiva - Minas Gerais,,,,,,,,,,,,,,
3124609,Minas Gerais,Estrela Dalva,Estrela Dalva - Minas Gerais,,,,,,,,,,,,,,
3124708,Minas Gerais,Estrela do Indaiá,Estrela do Indaiá - Minas Gerais,,,,,,,,,,,,,,
3124807,Minas Gerais,Estrela do Sul,Estrela do Sul - Minas Gerais,,,,,,,,,,,,,,
3124906,Minas Gerais,Eugenópolis,Eugenópolis - Minas Gerais,,,,,,,,,,,,,,
3125002,Minas Gerais,Ewbank da Câmara,Ewbank da Câmara - Minas Gerais,,,,,,,,,,,,,,
3125101,Minas Gerais,Extrema,Extrema - Minas Gerais,,,,,,,,,,,,,,
3125200,Minas Gerais,Fama,Fama - Minas Gerais,,,,,,,,,,,,,,
3125309,Minas Gerais,Faria Lemos,Faria Lemos - Minas Gerais,,,,,,,,,,,,,,
3125408,Minas Gerais,Felício dos Santos,Felício dos Santos - Minas Gerais,,,,,,,,,,,,,,
3125606,Minas Gerais,Felisburgo,Felisburgo - Minas Gerais,,,,,,,,,,,,,,
3125705,Minas Gerais,Felixlândia,Felixlândia - Minas Gerais,,,,,,,,,,,,,,
3125804,Minas Gerais,Fernandes Tourinho,Fernandes Tourinho - Minas Gerais,,,,,,,,,,,,,,
3125903,Minas Gerais,Ferros,Ferros - Minas Gerais,,,,,,,,,,,,,,
3125952,Minas Gerais,Fervedouro,Fervedouro - Minas Gerais,,,,,,,,,,,,,,
3126000,Minas Gerais,Florestal,Florestal - Minas Gerais,,,,,,,,,,,,,,
3126109,Minas Gerais,Formiga,Formiga - Minas Gerais,,,,,,,,,,,,,,
3126208,Minas Gerais,Formoso,Formoso - Minas Gerais,,,,,,,,,,,,,,
3126307,Minas Gerais,Fortaleza de Minas,Fortaleza de Minas - Minas Gerais,,,,,,,,,,,,,,
3126406,Minas Gerais,Fortuna de Minas,Fortuna de Minas - Minas Gerais,,,,,,,,,,,,,,
3126505,Minas Gerais,Francisco Badaró,Francisco Badaró - Minas Gerais,,,,,,,,,,,,,,
3126604,Minas Gerais,Francisco Dumont,Francisco Dumont - Minas Gerais,,,,,,,,,,,,,,
3126703,Minas Gerais,Francisco Sá,Francisco Sá - Minas Gerais,,,,,,,,,,,,,,
3126752,Minas Gerais,Franciscópolis,Franciscópolis - Minas Gerais,,,,,,,,,,,,,,
3126802,Minas Gerais,Frei Gaspar,Frei Gaspar - Minas Gerais,,,,,,,,,,,,,,
3126901,Minas Gerais,Frei Inocêncio,Frei Inocêncio - Minas Gerais,,,,,,,,,,,,,,
3126950,Minas Gerais,Frei Lagonegro,Frei Lagonegro - Minas Gerais,,,,,,,,,,,,,,
3127008,Minas Gerais,Fronteira,Fronteira - Minas Gerais,,,,,,,,,,,,,,
3127057,Minas Gerais,Fronteira dos Vales,Fronteira dos Vales - Minas Gerais,,,,,,,,,,,,,,
3127073,Minas Gerais,Fruta de Leite,Fruta de Leite - Minas Gerais,,,,,,,,,,,,,,
3127107,Minas Gerais,Frutal,Frutal - Minas Gerais,,,,,,,,,,,,,,
3127206,Minas Gerais,Funilândia,Funilândia - Minas Gerais,,,,,,,,,,,,,,
3127305,Minas Gerais,Galiléia,Galiléia - Minas Gerais,,,,,,,,,,,,,,
3127339,Minas Gerais,Gameleiras,Gameleiras - Minas Gerais,,,,,,,,,,,,,,
3127354,Minas Gerais,Glaucilândia,Glaucilândia - Minas Gerais,,,,,,,,,,,,,,
3127370,Minas Gerais,Goiabeira,Goiabeira - Minas Gerais,,,,,,,,,,,,,,
3127388,Minas Gerais,Goianá,Goianá - Minas Gerais,,,,,,,,,,,,,,
3127404,Minas Gerais,Gonçalves,Gonçalves - Minas Gerais,,,,,,,,,,,,,,
3127503,Minas Gerais,Gonzaga,Gonzaga - Minas Gerais,,,,,,,,,,,,,,
3127602,Minas Gerais,Gouveia,Gouveia - Minas Gerais,,,,,,,,,,,,,,
3127701,Minas Gerais,Governador Valadares,Governador Valadares - Minas Gerais,,,,,,,,,,,,,,
3127800,Minas Gerais,Grão Mogol,Grão Mogol - Minas Gerais,,,,,,,,,,,,,,
3127909,Minas Gerais,Grupiara,Grupiara - Minas Gerais,,,,,,,,,,,,,,
3128006,Minas Gerais,Guanhães,Guanhães - Minas Gerais,,,,,,,,,,,,,,
3128105,Minas Gerais,Guapé,Guapé - Minas Gerais,,,,,,,,,,,,,,
3128204,Minas Gerais,Guaraciaba,Guaraciaba - Minas Gerais,,,,,,,,,,,,,,
3128253,Minas Gerais,Guaraciama,Guaraciama - Minas Gerais,,,,,,,,,,,,,,
3128303,Minas Gerais,Guaranésia,Guaranésia - Minas Gerais,,,,,,,,,,,,,,
3128402,Minas Gerais,Guarani,Guarani - Minas Gerais,,,,,,,,,,,,,,
3128501,Minas Gerais,Guarará,Guarará - Minas Gerais,,,,,,,,,,,,,,
3128600,Minas Gerais,Guarda-Mor,Guarda-Mor - Minas Gerais,,,,,,,,,,,,,,
3128709,Minas Gerais,Guaxupé,Guaxupé - Minas Gerais,,,,,,,,,,,,,,
3128808,Minas Gerais,Guidoval,Guidoval - Minas Gerais,,,,,,,,,,,,,,
3128907,Minas Gerais,Guimarânia,Guimarânia - Minas Gerais,,,,,,,,,,,,,,
3129004,Minas Gerais,Guiricema,Guiricema - Minas Gerais,,,,,,,,,,,,,,
3129103,Minas Gerais,Gurinhatã,Gurinhatã - Minas Gerais,,,,,,,,,,,,,,
3129202,Minas Gerais,Heliodora,Heliodora - Minas Gerais,,,,,,,,,,,,,,
3129301,Minas Gerais,Iapu,Iapu - Minas Gerais,,,,,,,,,,,,,,
3129400,Minas Gerais,Ibertioga,Ibertioga - Minas Gerais,,,,,,,,,,,,,,
3129509,Minas Gerais,Ibiá,Ibiá - Minas Gerais,,,,,,,,,,,,,,
3129608,Minas Gerais,Ibiaí,Ibiaí - Minas Gerais,,,,,,,,,,,,,,
3129657,Minas Gerais,Ibiracatu,Ibiracatu - Minas Gerais,,,,,,,,,,,,,,
3129707,Minas Gerais,Ibiraci,Ibiraci - Minas Gerais,,,,,,,,,,,,,,
3129806,Minas Gerais,Ibirité,Ibirité - Minas Gerais,,,,,,,,,,,,,,
3129905,Minas Gerais,Ibitiúra de Minas,Ibitiúra de Minas - Minas Gerais,,,,,,,,,,,,,,
3130002,Minas Gerais,Ibituruna,Ibituruna - Minas Gerais,,,,,,,,,,,,,,
3130051,Minas Gerais,Icaraí de Minas,Icaraí de Minas - Minas Gerais,,,,,,,,,,,,,,
3130101,Minas Gerais,Igarapé,Igarapé - Minas Gerais,,,,,,,,,,,,,,
3130200,Minas Gerais,Igaratinga,Igaratinga - Minas Gerais,,,,,,,,,,,,,,
3130309,Minas Gerais,Iguatama,Iguatama - Minas Gerais,,,,,,,,,,,,,,
3130408,Minas Gerais,Ijaci,Ijaci - Minas Gerais,,,,,,,,,,,,,,
3130507,Minas Gerais,Ilicínea,Ilicínea - Minas Gerais,,,,,,,,,,,,,,
3130556,Minas Gerais,Imbé de Minas,Imbé de Minas - Minas Gerais,,,,,,,,,,,,,,
3130606,Minas Gerais,Inconfidentes,Inconfidentes - Minas Gerais,,,,,,,,,,,,,,
3130655,Minas Gerais,Indaiabira,Indaiabira - Minas Gerais,,,,,,,,,,,,,,
3130705,Minas Gerais,Indianópolis,Indianópolis - Minas Gerais,,,,,,,,,,,,,,
3130804,Minas Gerais,Ingaí,Ingaí - Minas Gerais,,,,,,,,,,,,,,
3130903,Minas Gerais,Inhapim,Inhapim - Minas Gerais,,,,,,,,,,,,,,
3131000,Minas Gerais,Inhaúma,Inhaúma - Minas Gerais,,,,,,,,,,,,,,
3131109,Minas Gerais,Inimutaba,Inimutaba - Minas Gerais,,,,,,,,,,,,,,
3131158,Minas Gerais,Ipaba,Ipaba - Minas Gerais,,,,,,,,,,,,,,
3131208,Minas Gerais,Ipanema,Ipanema - Minas Gerais,,,,,,,,,,,,,,
3131307,Minas Gerais,Ipatinga,Ipatinga - Minas Gerais,,,,,,,,,,,,,,
3131406,Minas Gerais,Ipiaçu,Ipiaçu - Minas Gerais,,,,,,,,,,,,,,
3131505,Minas Gerais,Ipuiúna,Ipuiúna - Minas Gerais,,,,,,,,,,,,,,
3131604,Minas Gerais,Iraí de Minas,Iraí de Minas - Minas Gerais,,,,,,,,,,,,,,
3131703,Minas Gerais,Itabira,Itabira - Minas Gerais,,,,,,,,,,,,,,
3131802,Minas Gerais,Itabirinha,Itabirinha - Minas Gerais,,,,,,,,,,,,,,
3131901,Minas Gerais,Itabirito,Itabirito - Minas Gerais,,,,,,,,,,,,,,
3132008,Minas Gerais,Itacambira,Itacambira - Minas Gerais,,,,,,,,,,,,,,
3132107,Minas Gerais,Itacarambi,Itacarambi - Minas Gerais,,,,,,,,,,,,,,
3132206,Minas Gerais,Itaguara,Itaguara - Minas Gerais,,,,,,,,,,,,,,
3132305,Minas Gerais,Itaipé,Itaipé - Minas Gerais,,,,,,,,,,,,,,
3132404,Minas Gerais,Itajubá,Itajubá - Minas Gerais,,,,,,,,,,,,,,
3132503,Minas Gerais,Itamarandiba,Itamarandiba - Minas Gerais,,,,,,,,,,,,,,
3132602,Minas Gerais,Itamarati de Minas,Itamarati de Minas - Minas Gerais,,,,,,,,,,,,,,
3132701,Minas Gerais,Itambacuri,Itambacuri - Minas Gerais,,,,,,,,,,,,,,
3132800,Minas Gerais,Itambé do Mato Dentro,Itambé do Mato Dentro - Minas Gerais,,,,,,,,,,,,,,
3132909,Minas Gerais,Itamogi,Itamogi - Minas Gerais,,,,,,,,,,,,,,
3133006,Minas Gerais,Itamonte,Itamonte - Minas Gerais,,,,,,,,,,,,,,
3133105,Minas Gerais,Itanhandu,Itanhandu - Minas Gerais,,,,,,,,,,,,,,
3133204,Minas Gerais,Itanhomi,Itanhomi - Minas Gerais,,,,,,,,,,,,,,
3133303,Minas Gerais,Itaobim,Itaobim - Minas Gerais,,,,,,,,,,,,,,
3133402,Minas Gerais,Itapagipe,Itapagipe - Minas Gerais,,,,,,,,,,,,,,
3133501,Minas Gerais,Itapecerica,Itapecerica - Minas Gerais,,,,,,,,,,,,,,
3133600,Minas Gerais,Itapeva,Itapeva - Minas Gerais,,,,,,,,,,,,,,
3133709,Minas Gerais,Itatiaiuçu,Itatiaiuçu - Minas Gerais,,,,,,,,,,,,,,
3133758,Minas Gerais,Itaú de Minas,Itaú de Minas - Minas Gerais,,,,,,,,,,,,,,
3133808,Minas Gerais,Itaúna,Itaúna - Minas Gerais,,,,,,,,,,,,,,
3133907,Minas Gerais,Itaverava,Itaverava - Minas Gerais,,,,,,,,,,,,,,
3134004,Minas Gerais,Itinga,Itinga - Minas Gerais,,,,,,,,,,,,,,
3134103,Minas Gerais,Itueta,Itueta - Minas Gerais,,,,,,,,,,,,,,
3134202,Minas Gerais,Ituiutaba,Ituiutaba - Minas Gerais,,,,,,,,,,,,,,
3134301,Minas Gerais,Itumirim,Itumirim - Minas Gerais,,,,,,,,,,,,,,
3134400,Minas Gerais,Iturama,Iturama - Minas Gerais,,,,,,,,,,,,,,
3134509,Minas Gerais,Itutinga,Itutinga - Minas Gerais,,,,,,,,,,,,,,
3134608,Minas Gerais,Jaboticatubas,Jaboticatubas - Minas Gerais,,,,,,,,,,,,,,
3134707,Minas Gerais,Jacinto,Jacinto - Minas Gerais,,,,,,,,,,,,,,
3134806,Minas Gerais,Jacuí,Jacuí - Minas Gerais,,,,,,,,,,,,,,
3134905,Minas Gerais,Jacutinga,Jacutinga - Minas Gerais,,,,,,,,,,,,,,
3135001,Minas Gerais,Jaguaraçu,Jaguaraçu - Minas Gerais,,,,,,,,,,,,,,
3135050,Minas Gerais,Jaíba,Jaíba - Minas Gerais,,,,,,,,,,,,,,
3135076,Minas Gerais,Jampruca,Jampruca - Minas Gerais,,,,,,,,,,,,,,
3135100,Minas Gerais,Janaúba,Janaúba - Minas Gerais,,,,,,,,,,,,,,
3135209,Minas Gerais,Januária,Januária - Minas Gerais,,,,,,,,,,,,,,
3135308,Minas Gerais,Japaraíba,Japaraíba - Minas Gerais,,,,,,,,,,,,,,
3135357,Minas Gerais,Japonvar,Japonvar - Minas Gerais,,,,,,,,,,,,,,
3135407,Minas Gerais,Jeceaba,Jeceaba - Minas Gerais,,,,,,,,,,,,,,
3135456,Minas Gerais,Jenipapo de Minas,Jenipapo de Minas - Minas Gerais,,,,,,,,,,,,,,
3135506,Minas Gerais,Jequeri,Jequeri - Minas Gerais,,,,,,,,,,,,,,
3135605,Minas Gerais,Jequitaí,Jequitaí - Minas Gerais,,,,,,,,,,,,,,
3135704,Minas Gerais,Jequitibá,Jequitibá - Minas Gerais,,,,,,,,,,,,,,
3135803,Minas Gerais,Jequitinhonha,Jequitinhonha - Minas Gerais,,,,,,,,,,,,,,
3135902,Minas Gerais,Jesuânia,Jesuânia - Minas Gerais,,,,,,,,,,,,,,
3136009,Minas Gerais,Joaíma,Joaíma - Minas Gerais,,,,,,,,,,,,,,
3136108,Minas Gerais,Joanésia,Joanésia - Minas Gerais,,,,,,,,,,,,,,
3136207,Minas Gerais,João Monlevade,João Monlevade - Minas Gerais,,,,,,,,,,,,,,
3136306,Minas Gerais,João Pinheiro,João Pinheiro - Minas Gerais,,,,,,,,,,,,,,
3136405,Minas Gerais,Joaquim Felício,Joaquim Felício - Minas Gerais,,,,,,,,,,,,,,
3136504,Minas Gerais,Jordânia,Jordânia - Minas Gerais,,,,,,,,,,,,,,
3136520,Minas Gerais,José Gonçalves de Minas,José Gonçalves de Minas - Minas Gerais,,,,,,,,,,,,,,
3136553,Minas Gerais,José Raydan,José Raydan - Minas Gerais,,,,,,,,,,,,,,
3136579,Minas Gerais,Josenópolis,Josenópolis - Minas Gerais,,,,,,,,,,,,,,
3136652,Minas Gerais,Juatuba,Juatuba - Minas Gerais,,,,,,,,,,,,,,
3136702,Minas Gerais,Juiz de Fora,Juiz de Fora - Minas Gerais,,,,,,,,,,,,,,
3136801,Minas Gerais,Juramento,Juramento - Minas Gerais,,,,,,,,,,,,,,
3136900,Minas Gerais,Juruaia,Juruaia - Minas Gerais,,,,,,,,,,,,,,
3136959,Minas Gerais,Juvenília,Juvenília - Minas Gerais,,,,,,,,,,,,,,
3137007,Minas Gerais,Ladainha,Ladainha - Minas Gerais,,,,,,,,,,,,,,
3137106,Minas Gerais,Lagamar,Lagamar - Minas Gerais,,,,,,,,,,,,,,
3137205,Minas Gerais,Lagoa da Prata,Lagoa da Prata - Minas Gerais,,,,,,,,,,,,,,
3137304,Minas Gerais,Lagoa dos Patos,Lagoa dos Patos - Minas Gerais,,,,,,,,,,,,,,
3137403,Minas Gerais,Lagoa Dourada,Lagoa Dourada - Minas Gerais,,,,,,,,,,,,,,
3137502,Minas Gerais,Lagoa Formosa,Lagoa Formosa - Minas Gerais,,,,,,,,,,,,,,
3137536,Minas Gerais,Lagoa Grande,Lagoa Grande - Minas Gerais,,,,,,,,,,,,,,
3137601,Minas Gerais,Lagoa Santa,Lagoa Santa - Minas Gerais,,,,,,,,,,,,,,
3137700,Minas Gerais,Lajinha,Lajinha - Minas Gerais,,,,,,,,,,,,,,
3137809,Minas Gerais,Lambari,Lambari - Minas Gerais,,,,,,,,,,,,,,
3137908,Minas Gerais,Lamim,Lamim - Minas Gerais,,,,,,,,,,,,,,
3138005,Minas Gerais,Laranjal,Laranjal - Minas Gerais,,,,,,,,,,,,,,
3138104,Minas Gerais,Lassance,Lassance - Minas Gerais,,,,,,,,,,,,,,
3138203,Minas Gerais,Lavras,Lavras - Minas Gerais,,,,,,,,,,,,,,
3138302,Minas Gerais,Leandro Ferreira,Leandro Ferreira - Minas Gerais,,,,,,,,,,,,,,
3138351,Minas Gerais,Leme do Prado,Leme do Prado - Minas Gerais,,,,,,,,,,,,,,
3138401,Minas Gerais,Leopoldina,Leopoldina - Minas Gerais,,,,,,,,,,,,,,
3138500,Minas Gerais,Liberdade,Liberdade - Minas Gerais,,,,,,,,,,,,,,
3138609,Minas Gerais,Lima Duarte,Lima Duarte - Minas Gerais,,,,,,,,,,,,,,
3138625,Minas Gerais,Limeira do Oeste,Limeira do Oeste - Minas Gerais,,,,,,,,,,,,,,
3138658,Minas Gerais,Lontra,Lontra - Minas Gerais,,,,,,,,,,,,,,
3138674,Minas Gerais,Luisburgo,Luisburgo - Minas Gerais,,,,,,,,,,,,,,
3138682,Minas Gerais,Luislândia,Luislândia - Minas Gerais,,,,,,,,,,,,,,
3138708,Minas Gerais,Luminárias,Luminárias - Minas Gerais,,,,,,,,,,,,,,
3138807,Minas Gerais,Luz,Luz - Minas Gerais,,,,,,,,,,,,,,
3138906,Minas Gerais,Machacalis,Machacalis - Minas Gerais,,,,,,,,,,,,,,
3139003,Minas Gerais,Machado,Machado - Minas Gerais,,,,,,,,,,,,,,
3139102,Minas Gerais,Madre de Deus de Minas,Madre de Deus de Minas - Minas Gerais,,,,,,,,,,,,,,
3139201,Minas Gerais,Malacacheta,Malacacheta - Minas Gerais,,,,,,,,,,,,,,
3139250,Minas Gerais,Mamonas,Mamonas - Minas Gerais,,,,,,,,,,,,,,
3139300,Minas Gerais,Manga,Manga - Minas Gerais,,,,,,,,,,,,,,
3139409,Minas Gerais,Manhuaçu,Manhuaçu - Minas Gerais,,,,,,,,,,,,,,
3139508,Minas Gerais,Manhumirim,Manhumirim - Minas Gerais,,,,,,,,,,,,,,
3139607,Minas Gerais,Mantena,Mantena - Minas Gerais,,,,,,,,,,,,,,
3139805,Minas Gerais,Mar de Espanha,Mar de Espanha - Minas Gerais,,,,,,,,,,,,,,
3139706,Minas Gerais,Maravilhas,Maravilhas - Minas Gerais,,,,,,,,,,,,,,
3139904,Minas Gerais,Maria da Fé,Maria da Fé - Minas Gerais,,,,,,,,,,,,,,
3140001,Minas Gerais,Mariana,Mariana - Minas Gerais,,,,,,,,,,,,,,
3140100,Minas Gerais,Marilac,Marilac - Minas Gerais,,,,,,,,,,,,,,
3140159,Minas Gerais,Mário Campos,Mário Campos - Minas Gerais,,,,,,,,,,,,,,
3140209,Minas Gerais,Maripá de Minas,Maripá de Minas - Minas Gerais,,,,,,,,,,,,,,
3140308,Minas Gerais,Marliéria,Marliéria - Minas Gerais,,,,,,,,,,,,,,
3140407,Minas Gerais,Marmelópolis,Marmelópolis - Minas Gerais,,,,,,,,,,,,,,
3140506,Minas Gerais,Martinho Campos,Martinho Campos - Minas Gerais,,,,,,,,,,,,,,
3140530,Minas Gerais,Martins Soares,Martins Soares - Minas Gerais,,,,,,,,,,,,,,
3140555,Minas Gerais,Mata Verde,Mata Verde - Minas Gerais,,,,,,,,,,,,,,
3140605,Minas Gerais,Materlândia,Materlândia - Minas Gerais,,,,,,,,,,,,,,
3140704,Minas Gerais,Mateus Leme,Mateus Leme - Minas Gerais,,,,,,,,,,,,,,
3171501,Minas Gerais,Mathias Lobato,Mathias Lobato - Minas Gerais,,,,,,,,,,,,,,
3140803,Minas Gerais,Matias Barbosa,Matias Barbosa - Minas Gerais,,,,,,,,,,,,,,
3140852,Minas Gerais,Matias Cardoso,Matias Cardoso - Minas Gerais,,,,,,,,,,,,,,
3140902,Minas Gerais,Matipó,Matipó - Minas Gerais,,,,,,,,,,,,,,
3141009,Minas Gerais,Mato Verde,Mato Verde - Minas Gerais,,,,,,,,,,,,,,
3141108,Minas Gerais,Matozinhos,Matozinhos - Minas Gerais,,,,,,,,,,,,,,
3141207,Minas Gerais,Matutina,Matutina - Minas Gerais,,,,,,,,,,,,,,
3141306,Minas Gerais,Medeiros,Medeiros - Minas Gerais,,,,,,,,,,,,,,
3141405,Minas Gerais,Medina,Medina - Minas Gerais,,,,,,,,,,,,,,
3141504,Minas Gerais,Mendes Pimentel,Mendes Pimentel - Minas Gerais,,,,,,,,,,,,,,
3141603,Minas Gerais,Mercês,Mercês - Minas Gerais,,,,,,,,,,,,,,
3141702,Minas Gerais,Mesquita,Mesquita - Minas Gerais,,,,,,,,,,,,,,
3141801,Minas Gerais,Minas Novas,Minas Novas - Minas Gerais,,,,,,,,,,,,,,
3141900,Minas Gerais,Minduri,Minduri - Minas Gerais,,,,,,,,,,,,,,
3142007,Minas Gerais,Mirabela,Mirabela - Minas Gerais,,,,,,,,,,,,,,
3142106,Minas Gerais,Miradouro,Miradouro - Minas Gerais,,,,,,,,,,,,,,
3142205,Minas Gerais,Miraí,Miraí - Minas Gerais,,,,,,,,,,,,,,
3142254,Minas Gerais,Miravânia,Miravânia - Minas Gerais,,,,,,,,,,,,,,
3142304,Minas Gerais,Moeda,Moeda - Minas Gerais,,,,,,,,,,,,,,
3142403,Minas Gerais,Moema,Moema - Minas Gerais,,,,,,,,,,,,,,
3142502,Minas Gerais,Monjolos,Monjolos - Minas Gerais,,,,,,,,,,,,,,
3142601,Minas Gerais,Monsenhor Paulo,Monsenhor Paulo - Minas Gerais,,,,,,,,,,,,,,
3142700,Minas Gerais,Montalvânia,Montalvânia - Minas Gerais,,,,,,,,,,,,,,
3142809,Minas Gerais,Monte Alegre de Minas,Monte Alegre de Minas - Minas Gerais,,,,,,,,,,,,,,
3142908,Minas Gerais,Monte Azul,Monte Azul - Minas Gerais,,,,,,,,,,,,,,
3143005,Minas Gerais,Monte Belo,Monte Belo - Minas Gerais,,,,,,,,,,,,,,
3143104,Minas Gerais,Monte Carmelo,Monte Carmelo - Minas Gerais,,,,,,,,,,,,,,
3143153,Minas Gerais,Monte Formoso,Monte Formoso - Minas Gerais,,,,,,,,,,,,,,
3143203,Minas Gerais,Monte Santo de Minas,Monte Santo de Minas - Minas Gerais,,,,,,,,,,,,,,
3143401,Minas Gerais,Monte Sião,Monte Sião - Minas Gerais,,,,,,,,,,,,,,
3143302,Minas Gerais,Montes Claros,Montes Claros - Minas Gerais,,,,,,,,,,,,,,
3143450,Minas Gerais,Montezuma,Montezuma - Minas Gerais,,,,,,,,,,,,,,
3143500,Minas Gerais,Morada Nova de Minas,Morada Nova de Minas - Minas Gerais,,,,,,,,,,,,,,
3143609,Minas Gerais,Morro da Garça,Morro da Garça - Minas Gerais,,,,,,,,,,,,,,
3143708,Minas Gerais,Morro do Pilar,Morro do Pilar - Minas Gerais,,,,,,,,,,,,,,
3143807,Minas Gerais,Munhoz,Munhoz - Minas Gerais,,,,,,,,,,,,,,
3143906,Minas Gerais,Muriaé,Muriaé - Minas Gerais,,,,,,,,,,,,,,
3144003,Minas Gerais,Mutum,Mutum - Minas Gerais,,,,,,,,,,,,,,
3144102,Minas Gerais,Muzambinho,Muzambinho - Minas Gerais,,,,,,,,,,,,,,
3144201,Minas Gerais,Nacip Raydan,Nacip Raydan - Minas Gerais,,,,,,,,,,,,,,
3144300,Minas Gerais,Nanuque,Nanuque - Minas Gerais,,,,,,,,,,,,,,
3144359,Minas Gerais,Naque,Naque - Minas Gerais,,,,,,,,,,,,,,
3144375,Minas Gerais,Natalândia,Natalândia - Minas Gerais,,,,,,,,,,,,,,
3144409,Minas Gerais,Natércia,Natércia - Minas Gerais,,,,,,,,,,,,,,
3144508,Minas Gerais,Nazareno,Nazareno - Minas Gerais,,,,,,,,,,,,,,
3144607,Minas Gerais,Nepomuceno,Nepomuceno - Minas Gerais,,,,,,,,,,,,,,
3144656,Minas Gerais,Ninheira,Ninheira - Minas Gerais,,,,,,,,,,,,,,
3144672,Minas Gerais,Nova Belém,Nova Belém - Minas Gerais,,,,,,,,,,,,,,
3144706,Minas Gerais,Nova Era,Nova Era - Minas Gerais,,,,,,,,,,,,,,
3144805,Minas Gerais,Nova Lima,Nova Lima - Minas Gerais,,,,,,,,,,,,,,
3144904,Minas Gerais,Nova Módica,Nova Módica - Minas Gerais,,,,,,,,,,,,,,
3145000,Minas Gerais,Nova Ponte,Nova Ponte - Minas Gerais,,,,,,,,,,,,,,
3145059,Minas Gerais,Nova Porteirinha,Nova Porteirinha - Minas Gerais,,,,,,,,,,,,,,
3145109,Minas Gerais,Nova Resende,Nova Resende - Minas Gerais,,,,,,,,,,,,,,
3145208,Minas Gerais,Nova Serrana,Nova Serrana - Minas Gerais,,,,,,,,,,,,,,
3136603,Minas Gerais,Nova União,Nova União - Minas Gerais,,,,,,,,,,,,,,
3145307,Minas Gerais,Novo Cruzeiro,Novo Cruzeiro - Minas Gerais,,,,,,,,,,,,,,
3145356,Minas Gerais,Novo Oriente de Minas,Novo Oriente de Minas - Minas Gerais,,,,,,,,,,,,,,
3145372,Minas Gerais,Novorizonte,Novorizonte - Minas Gerais,,,,,,,,,,,,,,
3145406,Minas Gerais,Olaria,Olaria - Minas Gerais,,,,,,,,,,,,,,
3145455,Minas Gerais,Olhos-d'Água,Olhos-d'Água - Minas Gerais,,,,,,,,,,,,,,
3145505,Minas Gerais,Olímpio Noronha,Olímpio Noronha - Minas Gerais,,,,,,,,,,,,,,
3145604,Minas Gerais,Oliveira,Oliveira - Minas Gerais,,,,,,,,,,,,,,
3145703,Minas Gerais,Oliveira Fortes,Oliveira Fortes - Minas Gerais,,,,,,,,,,,,,,
3145802,Minas Gerais,Onça de Pitangui,Onça de Pitangui - Minas Gerais,,,,,,,,,,,,,,
3145851,Minas Gerais,Oratórios,Oratórios - Minas Gerais,,,,,,,,,,,,,,
3145877,Minas Gerais,Orizânia,Orizânia - Minas Gerais,,,,,,,,,,,,,,
3145901,Minas Gerais,Ouro Branco,Ouro Branco - Minas Gerais,,,,,,,,,,,,,,
3146008,Minas Gerais,Ouro Fino,Ouro Fino - Minas Gerais,,,,,,,,,,,,,,
3146107,Minas Gerais,Ouro Preto,Ouro Preto - Minas Gerais,,,,,,,,,,,,,,
3146206,Minas Gerais,Ouro Verde de Minas,Ouro Verde de Minas - Minas Gerais,,,,,,,,,,,,,,
3146255,Minas Gerais,Padre Carvalho,Padre Carvalho - Minas Gerais,,,,,,,,,,,,,,
3146305,Minas Gerais,Padre Paraíso,Padre Paraíso - Minas Gerais,,,,,,,,,,,,,,
3146552,Minas Gerais,Pai Pedro,Pai Pedro - Minas Gerais,,,,,,,,,,,,,,
3146404,Minas Gerais,Paineiras,Paineiras - Minas Gerais,,,,,,,,,,,,,,
3146503,Minas Gerais,Pains,Pains - Minas Gerais,,,,,,,,,,,,,,
3146602,Minas Gerais,Paiva,Paiva - Minas Gerais,,,,,,,,,,,,,,
3146701,Minas Gerais,Palma,Palma - Minas Gerais,,,,,,,,,,,,,,
3146750,Minas Gerais,Palmópolis,Palmópolis - Minas Gerais,,,,,,,,,,,,,,
3146909,Minas Gerais,Papagaios,Papagaios - Minas Gerais,,,,,,,,,,,,,,
3147105,Minas Gerais,Pará de Minas,Pará de Minas - Minas Gerais,,,,,,,,,,,,,,
3147006,Minas Gerais,Paracatu,Paracatu - Minas Gerais,,,,,,,,,,,,,,
3147204,Minas Gerais,Paraguaçu,Paraguaçu - Minas Gerais,,,,,,,,,,,,,,
3147303,Minas Gerais,Paraisópolis,Paraisópolis - Minas Gerais,,,,,,,,,,,,,,
3147402,Minas Gerais,Paraopeba,Paraopeba - Minas Gerais,,,,,,,,,,,,,,
3147600,Minas Gerais,Passa Quatro,Passa Quatro - Minas Gerais,,,,,,,,,,,,,,
3147709,Minas Gerais,Passa Tempo,Passa Tempo - Minas Gerais,,,,,,,,,,,,,,
3147808,Minas Gerais,Passa Vinte,Passa Vinte - Minas Gerais,,,,,,,,,,,,,,
3147501,Minas Gerais,Passabém,Passabém - Minas Gerais,,,,,,,,,,,,,,
3147907,Minas Gerais,Passos,Passos - Minas Gerais,,,,,,,,,,,,,,
3147956,Minas Gerais,Patis,Patis - Minas Gerais,,,,,,,,,,,,,,
3148004,Minas Gerais,Patos de Minas,Patos de Minas - Minas Gerais,,,,,,,,,,,,,,
3148103,Minas Gerais,Patrocínio,Patrocínio - Minas Gerais,,,,,,,,,,,,,,
3148202,Minas Gerais,Patrocínio do Muriaé,Patrocínio do Muriaé - Minas Gerais,,,,,,,,,,,,,,
3148301,Minas Gerais,Paula Cândido,Paula Cândido - Minas Gerais,,,,,,,,,,,,,,
3148400,Minas Gerais,Paulistas,Paulistas - Minas Gerais,,,,,,,,,,,,,,
3148509,Minas Gerais,Pavão,Pavão - Minas Gerais,,,,,,,,,,,,,,
3148608,Minas Gerais,Peçanha,Peçanha - Minas Gerais,,,,,,,,,,,,,,
3148707,Minas Gerais,Pedra Azul,Pedra Azul - Minas Gerais,,,,,,,,,,,,,,
3148756,Minas Gerais,Pedra Bonita,Pedra Bonita - Minas Gerais,,,,,,,,,,,,,,
3148806,Minas Gerais,Pedra do Anta,Pedra do Anta - Minas Gerais,,,,,,,,,,,,,,
3148905,Minas Gerais,Pedra do Indaiá,Pedra do Indaiá - Minas Gerais,,,,,,,,,,,,,,
3149002,Minas Gerais,Pedra Dourada,Pedra Dourada - Minas Gerais,,,,,,,,,,,,,,
3149101,Minas Gerais,Pedralva,Pedralva - Minas Gerais,,,,,,,,,,,,,,
3149150,Minas Gerais,Pedras de Maria da Cruz,Pedras de Maria da Cruz - Minas Gerais,,,,,,,,,,,,,,
3149200,Minas Gerais,Pedrinópolis,Pedrinópolis - Minas Gerais,,,,,,,,,,,,,,
3149309,Minas Gerais,Pedro Leopoldo,Pedro Leopoldo - Minas Gerais,,,,,,,,,,,,,,
3149408,Minas Gerais,Pedro Teixeira,Pedro Teixeira - Minas Gerais,,,,,,,,,,,,,,
3149507,Minas Gerais,Pequeri,Pequeri - Minas Gerais,,,,,,,,,,,,,,
3149606,Minas Gerais,Pequi,Pequi - Minas Gerais,,,,,,,,,,,,,,
3149705,Minas Gerais,Perdigão,Perdigão - Minas Gerais,,,,,,,,,,,,,,
3149804,Minas Gerais,Perdizes,Perdizes - Minas Gerais,,,,,,,,,,,,,,
3149903,Minas Gerais,Perdões,Perdões - Minas Gerais,,,,,,,,,,,,,,
3149952,Minas Gerais,Periquito,Periquito - Minas Gerais,,,,,,,,,,,,,,
3150000,Minas Gerais,Pescador,Pescador - Minas Gerais,,,,,,,,,,,,,,
3150109,Minas Gerais,Piau,Piau - Minas Gerais,,,,,,,,,,,,,,
3150158,Minas Gerais,Piedade de Caratinga,Piedade de Caratinga - Minas Gerais,,,,,,,,,,,,,,
3150208,Minas Gerais,Piedade de Ponte Nova,Piedade de Ponte Nova - Minas Gerais,,,,,,,,,,,,,,
3150307,Minas Gerais,Piedade do Rio Grande,Piedade do Rio Grande - Minas Gerais,,,,,,,,,,,,,,
3150406,Minas Gerais,Piedade dos Gerais,Piedade dos Gerais - Minas Gerais,,,,,,,,,,,,,,
3150505,Minas Gerais,Pimenta,Pimenta - Minas Gerais,,,,,,,,,,,,,,
3150539,Minas Gerais,Pingo-d'Água,Pingo-d'Água - Minas Gerais,,,,,,,,,,,,,,
3150570,Minas Gerais,Pintópolis,Pintópolis - Minas Gerais,,,,,,,,,,,,,,
3150604,Minas Gerais,Piracema,Piracema - Minas Gerais,,,,,,,,,,,,,,
3150703,Minas Gerais,Pirajuba,Pirajuba - Minas Gerais,,,,,,,,,,,,,,
3150802,Minas Gerais,Piranga,Piranga - Minas Gerais,,,,,,,,,,,,,,
3150901,Minas Gerais,Piranguçu,Piranguçu - Minas Gerais,,,,,,,,,,,,,,
3151008,Minas Gerais,Piranguinho,Piranguinho - Minas Gerais,,,,,,,,,,,,,,
3151107,Minas Gerais,Pirapetinga,Pirapetinga - Minas Gerais,,,,,,,,,,,,,,
3151206,Minas Gerais,Pirapora,Pirapora - Minas Gerais,,,,,,,,,,,,,,
3151305,Minas Gerais,Piraúba,Piraúba - Minas Gerais,,,,,,,,,,,,,,
3151404,Minas Gerais,Pitangui,Pitangui - Minas Gerais,,,,,,,,,,,,,,
3151503,Minas Gerais,Piumhi,Piumhi - Minas Gerais,,,,,,,,,,,,,,
3151602,Minas Gerais,Planura,Planura - Minas Gerais,,,,,,,,,,,,,,
3151701,Minas Gerais,Poço Fundo,Poço Fundo - Minas Gerais,,,,,,,,,,,,,,
3151800,Minas Gerais,Poços de Caldas,Poços de Caldas - Minas Gerais,,,,,,,,,,,,,,
3151909,Minas Gerais,Pocrane,Pocrane - Minas Gerais,,,,,,,,,,,,,,
3152006,Minas Gerais,Pompéu,Pompéu - Minas Gerais,,,,,,,,,,,,,,
3152105,Minas Gerais,Ponte Nova,Ponte Nova - Minas Gerais,,,,,,,,,,,,,,
3152131,Minas Gerais,Ponto Chique,Ponto Chique - Minas Gerais,,,,,,,,,,,,,,
3152170,Minas Gerais,Ponto dos Volantes,Ponto dos Volantes - Minas Gerais,,,,,,,,,,,,,,
3152204,Minas Gerais,Porteirinha,Porteirinha - Minas Gerais,,,,,,,,,,,,,,
3152303,Minas Gerais,Porto Firme,Porto Firme - Minas Gerais,,,,,,,,,,,,,,
3152402,Minas Gerais,Poté,Poté - Minas Gerais,,,,,,,,,,,,,,
3152501,Minas Gerais,Pouso Alegre,Pouso Alegre - Minas Gerais,,,,,,,,,,,,,,
3152600,Minas Gerais,Pouso Alto,Pouso Alto - Minas Gerais,,,,,,,,,,,,,,
3152709,Minas Gerais,Prados,Prados - Minas Gerais,,,,,,,,,,,,,,
3152808,Minas Gerais,Prata,Prata - Minas Gerais,,,,,,,,,,,,,,
3152907,Minas Gerais,Pratápolis,Pratápolis - Minas Gerais,,,,,,,,,,,,,,
3153004,Minas Gerais,Pratinha,Pratinha - Minas Gerais,,,,,,,,,,,,,,
3153103,Minas Gerais,Presidente Bernardes,Presidente Bernardes - Minas Gerais,,,,,,,,,,,,,,
3153202,Minas Gerais,Presidente Juscelino,Presidente Juscelino - Minas Gerais,,,,,,,,,,,,,,
3153301,Minas Gerais,Presidente Kubitschek,Presidente Kubitschek - Minas Gerais,,,,,,,,,,,,,,
3153400,Minas Gerais,Presidente Olegário,Presidente Olegário - Minas Gerais,,,,,,,,,,,,,,
3153608,Minas Gerais,Prudente de Morais,Prudente de Morais - Minas Gerais,,,,,,,,,,,,,,
3153707,Minas Gerais,Quartel Geral,Quartel Geral - Minas Gerais,,,,,,,,,,,,,,
3153806,Minas Gerais,Queluzito,Queluzito - Minas Gerais,,,,,,,,,,,,,,
3153905,Minas Gerais,Raposos,Raposos - Minas Gerais,,,,,,,,,,,,,,
3154002,Minas Gerais,Raul Soares,Raul Soares - Minas Gerais,,,,,,,,,,,,,,
3154101,Minas Gerais,Recreio,Recreio - Minas Gerais,,,,,,,,,,,,,,
3154150,Minas Gerais,Reduto,Reduto - Minas Gerais,,,,,,,,,,,,,,
3154200,Minas Gerais,Resende Costa,Resende Costa - Minas Gerais,,,,,,,,,,,,,,
3154309,Minas Gerais,Resplendor,Resplendor - Minas Gerais,,,,,,,,,,,,,,
3154408,Minas Gerais,Ressaquinha,Ressaquinha - Minas Gerais,,,,,,,,,,,,,,
3154457,Minas Gerais,Riachinho,Riachinho - Minas Gerais,,,,,,,,,,,,,,
3154507,Minas Gerais,Riacho dos Machados,Riacho dos Machados - Minas Gerais,,,,,,,,,,,,,,
3154606,Minas Gerais,Ribeirão das Neves,Ribeirão das Neves - Minas Gerais,,,,,,,,,,,,,,
3154705,Minas Gerais,Ribeirão Vermelho,Ribeirão Vermelho - Minas Gerais,,,,,,,,,,,,,,
3154804,Minas Gerais,Rio Acima,Rio Acima - Minas Gerais,,,,,,,,,,,,,,
3154903,Minas Gerais,Rio Casca,Rio Casca - Minas Gerais,,,,,,,,,,,,,,
3155108,Minas Gerais,Rio do Prado,Rio do Prado - Minas Gerais,,,,,,,,,,,,,,
3155009,Minas Gerais,Rio Doce,Rio Doce - Minas Gerais,,,,,,,,,,,,,,
3155207,Minas Gerais,Rio Espera,Rio Espera - Minas Gerais,,,,,,,,,,,,,,
3155306,Minas Gerais,Rio Manso,Rio Manso - Minas Gerais,,,,,,,,,,,,,,
3155405,Minas Gerais,Rio Novo,Rio Novo - Minas Gerais,,,,,,,,,,,,,,
3155504,Minas Gerais,Rio Paranaíba,Rio Paranaíba - Minas Gerais,,,,,,,,,,,,,,
3155603,Minas Gerais,Rio Pardo de Minas,Rio Pardo de Minas - Minas Gerais,,,,,,,,,,,,,,
3155702,Minas Gerais,Rio Piracicaba,Rio Piracicaba - Minas Gerais,,,,,,,,,,,,,,
3155801,Minas Gerais,Rio Pomba,Rio Pomba - Minas Gerais,,,,,,,,,,,,,,
3155900,Minas Gerais,Rio Preto,Rio Preto - Minas Gerais,,,,,,,,,,,,,,
3156007,Minas Gerais,Rio Vermelho,Rio Vermelho - Minas Gerais,,,,,,,,,,,,,,
3156106,Minas Gerais,Ritápolis,Ritápolis - Minas Gerais,,,,,,,,,,,,,,
3156205,Minas Gerais,Rochedo de Minas,Rochedo de Minas - Minas Gerais,,,,,,,,,,,,,,
3156304,Minas Gerais,Rodeiro,Rodeiro - Minas Gerais,,,,,,,,,,,,,,
3156403,Minas Gerais,Romaria,Romaria - Minas Gerais,,,,,,,,,,,,,,
3156452,Minas Gerais,Rosário da Limeira,Rosário da Limeira - Minas Gerais,,,,,,,,,,,,,,
3156502,Minas Gerais,Rubelita,Rubelita - Minas Gerais,,,,,,,,,,,,,,
3156601,Minas Gerais,Rubim,Rubim - Minas Gerais,,,,,,,,,,,,,,
3156700,Minas Gerais,Sabará,Sabará - Minas Gerais,,,,,,,,,,,,,,
3156809,Minas Gerais,Sabinópolis,Sabinópolis - Minas Gerais,,,,,,,,,,,,,,
3156908,Minas Gerais,Sacramento,Sacramento - Minas Gerais,,,,,,,,,,,,,,
3157005,Minas Gerais,Salinas,Salinas - Minas Gerais,,,,,,,,,,,,,,
3157104,Minas Gerais,Salto da Divisa,Salto da Divisa - Minas Gerais,,,,,,,,,,,,,,
3157203,Minas Gerais,Santa Bárbara,Santa Bárbara - Minas Gerais,,,,,,,,,,,,,,
3157252,Minas Gerais,Santa Bárbara do Leste,Santa Bárbara do Leste - Minas Gerais,,,,,,,,,,,,,,
3157278,Minas Gerais,Santa Bárbara do Monte Verde,Santa Bárbara do Monte Verde - Minas Gerais,,,,,,,,,,,,,,
3157302,Minas Gerais,Santa Bárbara do Tugúrio,Santa Bárbara do Tugúrio - Minas Gerais,,,,,,,,,,,,,,
3157336,Minas Gerais,Santa Cruz de Minas,Santa Cruz de Minas - Minas Gerais,,,,,,,,,,,,,,
3157377,Minas Gerais,Santa Cruz de Salinas,Santa Cruz de Salinas - Minas Gerais,,,,,,,,,,,,,,
3157401,Minas Gerais,Santa Cruz do Escalvado,Santa Cruz do Escalvado - Minas Gerais,,,,,,,,,,,,,,
3157500,Minas Gerais,Santa Efigênia de Minas,Santa Efigênia de Minas - Minas Gerais,,,,,,,,,,,,,,
3157609,Minas Gerais,Santa Fé de Minas,Santa Fé de Minas - Minas Gerais,,,,,,,,,,,,,,
3157658,Minas Gerais,Santa Helena de Minas,Santa Helena de Minas - Minas Gerais,,,,,,,,,,,,,,
3157708,Minas Gerais,Santa Juliana,Santa Juliana - Minas Gerais,,,,,,,,,,,,,,
3157807,Minas Gerais,Santa Luzia,Santa Luzia - Minas Gerais,,,,,,,,,,,,,,
3157906,Minas Gerais,Santa Margarida,Santa Margarida - Minas Gerais,,,,,,,,,,,,,,
3158003,Minas Gerais,Santa Maria de Itabira,Santa Maria de Itabira - Minas Gerais,,,,,,,,,,,,,,
3158102,Minas Gerais,Santa Maria do Salto,Santa Maria do Salto - Minas Gerais,,,,,,,,,,,,,,
3158201,Minas Gerais,Santa Maria do Suaçuí,Santa Maria do Suaçuí - Minas Gerais,,,,,,,,,,,,,,
3159209,Minas Gerais,Santa Rita de Caldas,Santa Rita de Caldas - Minas Gerais,,,,,,,,,,,,,,
3159407,Minas Gerais,Santa Rita de Ibitipoca,Santa Rita de Ibitipoca - Minas Gerais,,,,,,,,,,,,,,
3159308,Minas Gerais,Santa Rita de Jacutinga,Santa Rita de Jacutinga - Minas Gerais,,,,,,,,,,,,,,
3159357,Minas Gerais,Santa Rita de Minas,Santa Rita de Minas - Minas Gerais,,,,,,,,,,,,,,
3159506,Minas Gerais,Santa Rita do Itueto,Santa Rita do Itueto - Minas Gerais,,,,,,,,,,,,,,
3159605,Minas Gerais,Santa Rita do Sapucaí,Santa Rita do Sapucaí - Minas Gerais,,,,,,,,,,,,,,
3159704,Minas Gerais,Santa Rosa da Serra,Santa Rosa da Serra - Minas Gerais,,,,,,,,,,,,,,
3159803,Minas Gerais,Santa Vitória,Santa Vitória - Minas Gerais,,,,,,,,,,,,,,
3158300,Minas Gerais,Santana da Vargem,Santana da Vargem - Minas Gerais,,,,,,,,,,,,,,
3158409,Minas Gerais,Santana de Cataguases,Santana de Cataguases - Minas Gerais,,,,,,,,,,,,,,
3158508,Minas Gerais,Santana de Pirapama,Santana de Pirapama - Minas Gerais,,,,,,,,,,,,,,
3158607,Minas Gerais,Santana do Deserto,Santana do Deserto - Minas Gerais,,,,,,,,,,,,,,
3158706,Minas Gerais,Santana do Garambéu,Santana do Garambéu - Minas Gerais,,,,,,,,,,,,,,
3158805,Minas Gerais,Santana do Jacaré,Santana do Jacaré - Minas Gerais,,,,,,,,,,,,,,
3158904,Minas Gerais,Santana do Manhuaçu,Santana do Manhuaçu - Minas Gerais,,,,,,,,,,,,,,
3158953,Minas Gerais,Santana do Paraíso,Santana do Paraíso - Minas Gerais,,,,,,,,,,,,,,
3159001,Minas Gerais,Santana do Riacho,Santana do Riacho - Minas Gerais,,,,,,,,,,,,,,
3159100,Minas Gerais,Santana dos Montes,Santana dos Montes - Minas Gerais,,,,,,,,,,,,,,
3159902,Minas Gerais,Santo Antônio do Amparo,Santo Antônio do Amparo - Minas Gerais,,,,,,,,,,,,,,
3160009,Minas Gerais,Santo Antônio do Aventureiro,Santo Antônio do Aventureiro - Minas Gerais,,,,,,,,,,,,,,
3160108,Minas Gerais,Santo Antônio do Grama,Santo Antônio do Grama - Minas Gerais,,,,,,,,,,,,,,
3160207,Minas Gerais,Santo Antônio do Itambé,Santo Antônio do Itambé - Minas Gerais,,,,,,,,,,,,,,
3160306,Minas Gerais,Santo Antônio do Jacinto,Santo Antônio do Jacinto - Minas Gerais,,,,,,,,,,,,,,
3160405,Minas Gerais,Santo Antônio do Monte,Santo Antônio do Monte - Minas Gerais,,,,,,,,,,,,,,
3160454,Minas Gerais,Santo Antônio do Retiro,Santo Antônio do Retiro - Minas Gerais,,,,,,,,,,,,,,
3160504,Minas Gerais,Santo Antônio do Rio Abaixo,Santo Antônio do Rio Abaixo - Minas Gerais,,,,,,,,,,,,,,
3160603,Minas Gerais,Santo Hipólito,Santo Hipólito - Minas Gerais,,,,,,,,,,,,,,
3160702,Minas Gerais,Santos Dumont,Santos Dumont - Minas Gerais,,,,,,,,,,,,,,
3160801,Minas Gerais,São Bento Abade,São Bento Abade - Minas Gerais,,,,,,,,,,,,,,
3160900,Minas Gerais,São Brás do Suaçuí,São Brás do Suaçuí - Minas Gerais,,,,,,,,,,,,,,
3160959,Minas Gerais,São Domingos das Dores,São Domingos das Dores - Minas Gerais,,,,,,,,,,,,,,
3161007,Minas Gerais,São Domingos do Prata,São Domingos do Prata - Minas Gerais,,,,,,,,,,,,,,
3161056,Minas Gerais,São Félix de Minas,São Félix de Minas - Minas Gerais,,,,,,,,,,,,,,
3161106,Minas Gerais,São Francisco,São Francisco - Minas Gerais,,,,,,,,,,,,,,
3161205,Minas Gerais,São Francisco de Paula,São Francisco de Paula - Minas Gerais,,,,,,,,,,,,,,
3161304,Minas Gerais,São Francisco de Sales,São Francisco de Sales - Minas Gerais,,,,,,,,,,,,,,
3161403,Minas Gerais,São Francisco do Glória,São Francisco do Glória - Minas Gerais,,,,,,,,,,,,,,
3161502,Minas Gerais,São Geraldo,São Geraldo - Minas Gerais,,,,,,,,,,,,,,
3161601,Minas Gerais,São Geraldo da Piedade,São Geraldo da Piedade - Minas Gerais,,,,,,,,,,,,,,
3161650,Minas Gerais,São Geraldo do Baixio,São Geraldo do Baixio - Minas Gerais,,,,,,,,,,,,,,
3161700,Minas Gerais,São Gonçalo do Abaeté,São Gonçalo do Abaeté - Minas Gerais,,,,,,,,,,,,,,
3161809,Minas Gerais,São Gonçalo do Pará,São Gonçalo do Pará - Minas Gerais,,,,,,,,,,,,,,
3161908,Minas Gerais,São Gonçalo do Rio Abaixo,São Gonçalo do Rio Abaixo - Minas Gerais,,,,,,,,,,,,,,
3125507,Minas Gerais,São Gonçalo do Rio Preto,São Gonçalo do Rio Preto - Minas Gerais,,,,,,,,,,,,,,
3162005,Minas Gerais,São Gonçalo do Sapucaí,São Gonçalo do Sapucaí - Minas Gerais,,,,,,,,,,,,,,
3162104,Minas Gerais,São Gotardo,São Gotardo - Minas Gerais,,,,,,,,,,,,,,
3162203,Minas Gerais,São João Batista do Glória,São João Batista do Glória - Minas Gerais,,,,,,,,,,,,,,
3162252,Minas Gerais,São João da Lagoa,São João da Lagoa - Minas Gerais,,,,,,,,,,,,,,
3162302,Minas Gerais,São João da Mata,São João da Mata - Minas Gerais,,,,,,,,,,,,,,
3162401,Minas Gerais,São João da Ponte,São João da Ponte - Minas Gerais,,,,,,,,,,,,,,
3162450,Minas Gerais,São João das Missões,São João das Missões - Minas Gerais,,,,,,,,,,,,,,
3162500,Minas Gerais,São João del Rei,São João del Rei - Minas Gerais,,,,,,,,,,,,,,
3162559,Minas Gerais,São João do Manhuaçu,São João do Manhuaçu - Minas Gerais,,,,,,,,,,,,,,
3162575,Minas Gerais,São João do Manteninha,São João do Manteninha - Minas Gerais,,,,,,,,,,,,,,
3162609,Minas Gerais,São João do Oriente,São João do Oriente - Minas Gerais,,,,,,,,,,,,,,
3162658,Minas Gerais,São João do Pacuí,São João do Pacuí - Minas Gerais,,,,,,,,,,,,,,
3162708,Minas Gerais,São João do Paraíso,São João do Paraíso - Minas Gerais,,,,,,,,,,,,,,
3162807,Minas Gerais,São João Evangelista,São João Evangelista - Minas Gerais,,,,,,,,,,,,,,
3162906,Minas Gerais,São João Nepomuceno,São João Nepomuceno - Minas Gerais,,,,,,,,,,,,,,
3162922,Minas Gerais,São Joaquim de Bicas,São Joaquim de Bicas - Minas Gerais,,,,,,,,,,,,,,
3162948,Minas Gerais,São José da Barra,São José da Barra - Minas Gerais,,,,,,,,,,,,,,
3162955,Minas Gerais,São José da Lapa,São José da Lapa - Minas Gerais,,,,,,,,,,,,,,
3163003,Minas Gerais,São José da Safira,São José da Safira - Minas Gerais,,,,,,,,,,,,,,
3163102,Minas Gerais,São José da Varginha,São José da Varginha - Minas Gerais,,,,,,,,,,,,,,
3163201,Minas Gerais,São José do Alegre,São José do Alegre - Minas Gerais,,,,,,,,,,,,,,
3163300,Minas Gerais,São José do Divino,São José do Divino - Minas Gerais,,,,,,,,,,,,,,
3163409,Minas Gerais,São José do Goiabal,São José do Goiabal - Minas Gerais,,,,,,,,,,,,,,
3163508,Minas Gerais,São José do Jacuri,São José do Jacuri - Minas Gerais,,,,,,,,,,,,,,
3163607,Minas Gerais,São José do Mantimento,São José do Mantimento - Minas Gerais,,,,,,,,,,,,,,
3163706,Minas Gerais,São Lourenço,São Lourenço - Minas Gerais,,,,,,,,,,,,,,
3163805,Minas Gerais,São Miguel do Anta,São Miguel do Anta - Minas Gerais,,,,,,,,,,,,,,
3163904,Minas Gerais,São Pedro da União,São Pedro da União - Minas Gerais,,,,,,,,,,,,,,
3164100,Minas Gerais,São Pedro do Suaçuí,São Pedro do Suaçuí - Minas Gerais,,,,,,,,,,,,,,
3164001,Minas Gerais,São Pedro dos Ferros,São Pedro dos Ferros - Minas Gerais,,,,,,,,,,,,,,
3164209,Minas Gerais,São Romão,São Romão - Minas Gerais,,,,,,,,,,,,,,
3164308,Minas Gerais,São Roque de Minas,São Roque de Minas - Minas Gerais,,,,,,,,,,,,,,
3164407,Minas Gerais,São Sebastião da Bela Vista,São Sebastião da Bela Vista - Minas Gerais,,,,,,,,,,,,,,
3164431,Minas Gerais,São Sebastião da Vargem Alegre,São Sebastião da Vargem Alegre - Minas Gerais,,,,,,,,,,,,,,
3164472,Minas Gerais,São Sebastião do Anta,São Sebastião do Anta - Minas Gerais,,,,,,,,,,,,,,
3164506,Minas Gerais,São Sebastião do Maranhão,São Sebastião do Maranhão - Minas Gerais,,,,,,,,,,,,,,
3164605,Minas Gerais,São Sebastião do Oeste,São Sebastião do Oeste - Minas Gerais,,,,,,,,,,,,,,
3164704,Minas Gerais,São Sebastião do Paraíso,São Sebastião do Paraíso - Minas Gerais,,,,,,,,,,,,,,
3164803,Minas Gerais,São Sebastião do Rio Preto,São Sebastião do Rio Preto - Minas Gerais,,,,,,,,,,,,,,
3164902,Minas Gerais,São Sebastião do Rio Verde,São Sebastião do Rio Verde - Minas Gerais,,,,,,,,,,,,,,
3165008,Minas Gerais,São Tiago,São Tiago - Minas Gerais,,,,,,,,,,,,,,
3165107,Minas Gerais,São Tomás de Aquino,São Tomás de Aquino - Minas Gerais,,,,,,,,,,,,,,
3165206,Minas Gerais,São Tomé das Letras,São Tomé das Letras - Minas Gerais,,,,,,,,,,,,,,
3165305,Minas Gerais,São Vicente de Minas,São Vicente de Minas - Minas Gerais,,,,,,,,,,,,,,
3165404,Minas Gerais,Sapucaí-Mirim,Sapucaí-Mirim - Minas Gerais,,,,,,,,,,,,,,
3165503,Minas Gerais,Sardoá,Sardoá - Minas Gerais,,,,,,,,,,,,,,
3165537,Minas Gerais,Sarzedo,Sarzedo - Minas Gerais,,,,,,,,,,,,,,
3165560,Minas Gerais,Sem-Peixe,Sem-Peixe - Minas Gerais,,,,,,,,,,,,,,
3165578,Minas Gerais,Senador Amaral,Senador Amaral - Minas Gerais,,,,,,,,,,,,,,
3165602,Minas Gerais,Senador Cortes,Senador Cortes - Minas Gerais,,,,,,,,,,,,,,
3165701,Minas Gerais,Senador Firmino,Senador Firmino - Minas Gerais,,,,,,,,,,,,,,
3165800,Minas Gerais,Senador José Bento,Senador José Bento - Minas Gerais,,,,,,,,,,,,,,
3165909,Minas Gerais,Senador Modestino Gonçalves,Senador Modestino Gonçalves - Minas Gerais,,,,,,,,,,,,,,
3166006,Minas Gerais,Senhora de Oliveira,Senhora de Oliveira - Minas Gerais,,,,,,,,,,,,,,
3166105,Minas Gerais,Senhora do Porto,Senhora do Porto - Minas Gerais,,,,,,,,,,,,,,
3166204,Minas Gerais,Senhora dos Remédios,Senhora dos Remédios - Minas Gerais,,,,,,,,,,,,,,
3166303,Minas Gerais,Sericita,Sericita - Minas Gerais,,,,,,,,,,,,,,
3166402,Minas Gerais,Seritinga,Seritinga - Minas Gerais,,,,,,,,,,,,,,
3166501,Minas Gerais,Serra Azul de Minas,Serra Azul de Minas - Minas Gerais,,,,,,,,,,,,,,
3166600,Minas Gerais,Serra da Saudade,Serra da Saudade - Minas Gerais,,,,,,,,,,,,,,
3166808,Minas Gerais,Serra do Salitre,Serra do Salitre - Minas Gerais,,,,,,,,,,,,,,
3166709,Minas Gerais,Serra dos Aimorés,Serra dos Aimorés - Minas Gerais,,,,,,,,,,,,,,
3166907,Minas Gerais,Serrania,Serrania - Minas Gerais,,,,,,,,,,,,,,
3166956,Minas Gerais,Serranópolis de Minas,Serranópolis de Minas - Minas Gerais,,,,,,,,,,,,,,
3167004,Minas Gerais,Serranos,Serranos - Minas Gerais,,,,,,,,,,,,,,
3167103,Minas Gerais,Serro,Serro - Minas Gerais,,,,,,,,,,,,,,
3167202,Minas Gerais,Sete Lagoas,Sete Lagoas - Minas Gerais,,,,,,,,,,,,,,
3165552,Minas Gerais,Setubinha,Setubinha - Minas Gerais,,,,,,,,,,,,,,
3167301,Minas Gerais,Silveirânia,Silveirânia - Minas Gerais,,,,,,,,,,,,,,
3167400,Minas Gerais,Silvianópolis,Silvianópolis - Minas Gerais,,,,,,,,,,,,,,
3167509,Minas Gerais,Simão Pereira,Simão Pereira - Minas Gerais,,,,,,,,,,,,,,
3167608,Minas Gerais,Simonésia,Simonésia - Minas Gerais,,,,,,,,,,,,,,
3167707,Minas Gerais,Sobrália,Sobrália - Minas Gerais,,,,,,,,,,,,,,
3167806,Minas Gerais,Soledade de Minas,Soledade de Minas - Minas Gerais,,,,,,,,,,,,,,
3167905,Minas Gerais,Tabuleiro,Tabuleiro - Minas Gerais,,,,,,,,,,,,,,
3168002,Minas Gerais,Taiobeiras,Taiobeiras - Minas Gerais,,,,,,,,,,,,,,
3168051,Minas Gerais,Taparuba,Taparuba - Minas Gerais,,,,,,,,,,,,,,
3168101,Minas Gerais,Tapira,Tapira - Minas Gerais,,,,,,,,,,,,,,
3168200,Minas Gerais,Tapiraí,Tapiraí - Minas Gerais,,,,,,,,,,,,,,
3168309,Minas Gerais,Taquaraçu de Minas,Taquaraçu de Minas - Minas Gerais,,,,,,,,,,,,,,
3168408,Minas Gerais,Tarumirim,Tarumirim - Minas Gerais,,,,,,,,,,,,,,
3168507,Minas Gerais,Teixeiras,Teixeiras - Minas Gerais,,,,,,,,,,,,,,
3168606,Minas Gerais,Teófilo Otoni,Teófilo Otoni - Minas Gerais,,,,,,,,,,,,,,
3168705,Minas Gerais,Timóteo,Timóteo - Minas Gerais,,,,,,,,,,,,,,
3168804,Minas Gerais,Tiradentes,Tiradentes - Minas Gerais,,,,,,,,,,,,,,
3168903,Minas Gerais,Tiros,Tiros - Minas Gerais,,,,,,,,,,,,,,
3169000,Minas Gerais,Tocantins,Tocantins - Minas Gerais,,,,,,,,,,,,,,
3169059,Minas Gerais,Tocos do Moji,Tocos do Moji - Minas Gerais,,,,,,,,,,,,,,
3169109,Minas Gerais,Toledo,Toledo - Minas Gerais,,,,,,,,,,,,,,
3169208,Minas Gerais,Tombos,Tombos - Minas Gerais,,,,,,,,,,,,,,
3169307,Minas Gerais,Três Corações,Três Corações - Minas Gerais,,,,,,,,,,,,,,
3169356,Minas Gerais,Três Marias,Três Marias - Minas Gerais,,,,,,,,,,,,,,
3169406,Minas Gerais,Três Pontas,Três Pontas - Minas Gerais,,,,,,,,,,,,,,
3169505,Minas Gerais,Tumiritinga,Tumiritinga - Minas Gerais,,,,,,,,,,,,,,
3169604,Minas Gerais,Tupaciguara,Tupaciguara - Minas Gerais,,,,,,,,,,,,,,
3169703,Minas Gerais,Turmalina,Turmalina - Minas Gerais,,,,,,,,,,,,,,
3169802,Minas Gerais,Turvolândia,Turvolândia - Minas Gerais,,,,,,,,,,,,,,
3169901,Minas Gerais,Ubá,Ubá - Minas Gerais,,,,,,,,,,,,,,
3170008,Minas Gerais,Ubaí,Ubaí - Minas Gerais,,,,,,,,,,,,,,
3170057,Minas Gerais,Ubaporanga,Ubaporanga - Minas Gerais,,,,,,,,,,,,,,
3170107,Minas Gerais,Uberaba,Uberaba - Minas Gerais,,,,,,,,,,,,,,
3170206,Minas Gerais,Uberlândia,Uberlândia - Minas Gerais,,,,,,,,,,,,,,
3170305,Minas Gerais,Umburatiba,Umburatiba - Minas Gerais,,,,,,,,,,,,,,
3170404,Minas Gerais,Unaí,Unaí - Minas Gerais,,,,,,,,,,,,,,
3170438,Minas Gerais,União de Minas,União de Minas - Minas Gerais,,,,,,,,,,,,,,
3170479,Minas Gerais,Uruana de Minas,Uruana de Minas - Minas Gerais,,,,,,,,,,,,,,
3170503,Minas Gerais,Urucânia,Urucânia - Minas Gerais,,,,,,,,,,,,,,
3170529,Minas Gerais,Urucuia,Urucuia - Minas Gerais,,,,,,,,,,,,,,
3170578,Minas Gerais,Vargem Alegre,Vargem Alegre - Minas Gerais,,,,,,,,,,,,,,
3170602,Minas Gerais,Vargem Bonita,Vargem Bonita - Minas Gerais,,,,,,,,,,,,,,
3170651,Minas Gerais,Vargem Grande do Rio Pardo,Vargem Grande do Rio Pardo - Minas Gerais,,,,,,,,,,,,,,
3170701,Minas Gerais,Varginha,Varginha - Minas Gerais,,,,,,,,,,,,,,
3170750,Minas Gerais,Varjão de Minas,Varjão de Minas - Minas Gerais,,,,,,,,,,,,,,
3170800,Minas Gerais,Várzea da Palma,Várzea da Palma - Minas Gerais,,,,,,,,,,,,,,
3170909,Minas Gerais,Varzelândia,Varzelândia - Minas Gerais,,,,,,,,,,,,,,
3171006,Minas Gerais,Vazante,Vazante - Minas Gerais,,,,,,,,,,,,,,
3171030,Minas Gerais,Verdelândia,Verdelândia - Minas Gerais,,,,,,,,,,,,,,
3171071,Minas Gerais,Veredinha,Veredinha - Minas Gerais,,,,,,,,,,,,,,
3171105,Minas Gerais,Veríssimo,Veríssimo - Minas Gerais,,,,,,,,,,,,,,
3171154,Minas Gerais,Vermelho Novo,Vermelho Novo - Minas Gerais,,,,,,,,,,,,,,
3171204,Minas Gerais,Vespasiano,Vespasiano - Minas Gerais,,,,,,,,,,,,,,
3171303,Minas Gerais,Viçosa,Viçosa - Minas Gerais,,,,,,,,,,,,,,
3171402,Minas Gerais,Vieiras,Vieiras - Minas Gerais,,,,,,,,,,,,,,
3171600,Minas Gerais,Virgem da Lapa,Virgem da Lapa - Minas Gerais,,,,,,,,,,,,,,
3171709,Minas Gerais,Virgínia,Virgínia - Minas Gerais,,,,,,,,,,,,,,
3171808,Minas Gerais,Virginópolis,Virginópolis - Minas Gerais,,,,,,,,,,,,,,
3171907,Minas Gerais,Virgolândia,Virgolândia - Minas Gerais,,,,,,,,,,,,,,
3172004,Minas Gerais,Visconde do Rio Branco,Visconde do Rio Branco - Minas Gerais,,,,,,,,,,,,,,
3172103,Minas Gerais,Volta Grande,Volta Grande - Minas Gerais,,,,,,,,,,,,,,
3172202,Minas Gerais,Wenceslau Braz,Wenceslau Braz - Minas Gerais,,,,,,,,,,,,,,
3200102,Espírito Santo,Afonso Cláudio,Afonso Cláudio - Espírito Santo,,,,,,,,,,,,,,
3200169,Espírito Santo,Água Doce do Norte,Água Doce do Norte - Espírito Santo,,,,,,,,,,,,,,
3200136,Espírito Santo,Águia Branca,Águia Branca - Espírito Santo,,,,,,,,,,,,,,
3200201,Espírito Santo,Alegre,Alegre - Espírito Santo,,,,,,,,,,,,,,
3200300,Espírito Santo,Alfredo Chaves,Alfredo Chaves - Espírito Santo,,,,,,,,,,,,,,
3200359,Espírito Santo,Alto Rio Novo,Alto Rio Novo - Espírito Santo,,,,,,,,,,,,,,
3200409,Espírito Santo,Anchieta,Anchieta - Espírito Santo,,,,,,,,,,,,,,
3200508,Espírito Santo,Apiacá,Apiacá - Espírito Santo,,,,,,,,,,,,,,
3200607,Espírito Santo,Aracruz,Aracruz - Espírito Santo,,,,,,,,,,,,,,
3200706,Espírito Santo,Atílio Vivácqua,Atílio Vivácqua - Espírito Santo,,,,,,,,,,,,,,
3200805,Espírito Santo,Baixo Guandu,Baixo Guandu - Espírito Santo,,,,,,,,,,,,,,
3200904,Espírito Santo,Barra de São Francisco,Barra de São Francisco - Espírito Santo,,,,,,,,,,,,,,
3201001,Espírito Santo,Boa Esperança,Boa Esperança - Espírito Santo,,,,,,,,,,,,,,
3201100,Espírito Santo,Bom Jesus do Norte,Bom Jesus do Norte - Espírito Santo,,,,,,,,,,,,,,
3201159,Espírito Santo,Brejetuba,Brejetuba - Espírito Santo,,,,,,,,,,,,,,
3201209,Espírito Santo,Cachoeiro de Itapemirim,Cachoeiro de Itapemirim - Espírito Santo,,,,,,,,,,,,,,
3201308,Espírito Santo,Cariacica,Cariacica - Espírito Santo,,,,,,,,,,,,,,
3201407,Espírito Santo,Castelo,Castelo - Espírito Santo,,,,,,,,,,,,,,
3201506,Espírito Santo,Colatina,Colatina - Espírito Santo,,,,,,,,,,,,,,
3201605,Espírito Santo,Conceição da Barra,Conceição da Barra - Espírito Santo,,,,,,,,,,,,,,
3201704,Espírito Santo,Conceição do Castelo,Conceição do Castelo - Espírito Santo,,,,,,,,,,,,,,
3201803,Espírito Santo,Divino de São Lourenço,Divino de São Lourenço - Espírito Santo,,,,,,,,,,,,,,
3201902,Espírito Santo,Domingos Martins,Domingos Martins - Espírito Santo,,,,,,,,,,,,,,
3202009,Espírito Santo,Dores do Rio Preto,Dores do Rio Preto - Espírito Santo,,,,,,,,,,,,,,
3202108,Espírito Santo,Ecoporanga,Ecoporanga - Espírito Santo,,,,,,,,,,,,,,
3202207,Espírito Santo,Fundão,Fundão - Espírito Santo,,,,,,,,,,,,,,
3202256,Espírito Santo,Governador Lindenberg,Governador Lindenberg - Espírito Santo,,,,,,,,,,,,,,
3202306,Espírito Santo,Guaçuí,Guaçuí - Espírito Santo,,,,,,,,,,,,,,
3202405,Espírito Santo,Guarapari,Guarapari - Espírito Santo,,,,,,,,,,,,,,
3202454,Espírito Santo,Ibatiba,Ibatiba - Espírito Santo,,,,,,,,,,,,,,
3202504,Espírito Santo,Ibiraçu,Ibiraçu - Espírito Santo,,,,,,,,,,,,,,
3202553,Espírito Santo,Ibitirama,Ibitirama - Espírito Santo,,,,,,,,,,,,,,
3202603,Espírito Santo,Iconha,Iconha - Espírito Santo,,,,,,,,,,,,,,
3202652,Espírito Santo,Irupi,Irupi - Espírito Santo,,,,,,,,,,,,,,
3202702,Espírito Santo,Itaguaçu,Itaguaçu - Espírito Santo,,,,,,,,,,,,,,
3202801,Espírito Santo,Itapemirim,Itapemirim - Espírito Santo,,,,,,,,,,,,,,
3202900,Espírito Santo,Itarana,Itarana - Espírito Santo,,,,,,,,,,,,,,
3203007,Espírito Santo,Iúna,Iúna - Espírito Santo,,,,,,,,,,,,,,
3203056,Espírito Santo,Jaguaré,Jaguaré - Espírito Santo,,,,,,,,,,,,,,
3203106,Espírito Santo,Jerônimo Monteiro,Jerônimo Monteiro - Espírito Santo,,,,,,,,,,,,,,
3203130,Espírito Santo,João Neiva,João Neiva - Espírito Santo,,,,,,,,,,,,,,
3203163,Espírito Santo,Laranja da Terra,Laranja da Terra - Espírito Santo,,,,,,,,,,,,,,
3203205,Espírito Santo,Linhares,Linhares - Espírito Santo,,,,,,,,,,,,,,
3203304,Espírito Santo,Mantenópolis,Mantenópolis - Espírito Santo,,,,,,,,,,,,,,
3203320,Espírito Santo,Marataízes,Marataízes - Espírito Santo,,,,,,,,,,,,,,
3203346,Espírito Santo,Marechal Floriano,Marechal Floriano - Espírito Santo,,,,,,,,,,,,,,
3203353,Espírito Santo,Marilândia,Marilândia - Espírito Santo,,,,,,,,,,,,,,
3203403,Espírito Santo,Mimoso do Sul,Mimoso do Sul - Espírito Santo,,,,,,,,,,,,,,
3203502,Espírito Santo,Montanha,Montanha - Espírito Santo,,,,,,,,,,,,,,
3203601,Espírito Santo,Mucurici,Mucurici - Espírito Santo,,,,,,,,,,,,,,
3203700,Espírito Santo,Muniz Freire,Muniz Freire - Espírito Santo,,,,,,,,,,,,,,
3203809,Espírito Santo,Muqui,Muqui - Espírito Santo,,,,,,,,,,,,,,
3203908,Espírito Santo,Nova Venécia,Nova Venécia - Espírito Santo,,,,,,,,,,,,,,
3204005,Espírito Santo,Pancas,Pancas - Espírito Santo,,,,,,,,,,,,,,
3204054,Espírito Santo,Pedro Canário,Pedro Canário - Espírito Santo,,,,,,,,,,,,,,
3204104,Espírito Santo,Pinheiros,Pinheiros - Espírito Santo,,,,,,,,,,,,,,
3204203,Espírito Santo,Piúma,Piúma - Espírito Santo,,,,,,,,,,,,,,
3204252,Espírito Santo,Ponto Belo,Ponto Belo - Espírito Santo,,,,,,,,,,,,,,
3204302,Espírito Santo,Presidente Kennedy,Presidente Kennedy - Espírito Santo,,,,,,,,,,,,,,
3204351,Espírito Santo,Rio Bananal,Rio Bananal - Espírito Santo,,,,,,,,,,,,,,
3204401,Espírito Santo,Rio Novo do Sul,Rio Novo do Sul - Espírito Santo,,,,,,,,,,,,,,
3204500,Espírito Santo,Santa Leopoldina,Santa Leopoldina - Espírito Santo,,,,,,,,,,,,,,
3204559,Espírito Santo,Santa Maria de Jetibá,Santa Maria de Jetibá - Espírito Santo,,,,,,,,,,,,,,
3204609,Espírito Santo,Santa Teresa,Santa Teresa - Espírito Santo,,,,,,,,,,,,,,
3204658,Espírito Santo,São Domingos do Norte,São Domingos do Norte - Espírito Santo,,,,,,,,,,,,,,
3204708,Espírito Santo,São Gabriel da Palha,São Gabriel da Palha - Espírito Santo,,,,,,,,,,,,,,
3204807,Espírito Santo,São José do Calçado,São José do Calçado - Espírito Santo,,,,,,,,,,,,,,
3204906,Espírito Santo,São Mateus,São Mateus - Espírito Santo,,,,,,,,,,,,,,
3204955,Espírito Santo,São Roque do Canaã,São Roque do Canaã - Espírito Santo,,,,,,,,,,,,,,
3205002,Espírito Santo,Serra,Serra - Espírito Santo,,,,,,,,,,,,,,
3205010,Espírito Santo,Sooretama,Sooretama - Espírito Santo,,,,,,,,,,,,,,
3205036,Espírito Santo,Vargem Alta,Vargem Alta - Espírito Santo,,,,,,,,,,,,,,
3205069,Espírito Santo,Venda Nova do Imigrante,Venda Nova do Imigrante - Espírito Santo,,,,,,,,,,,,,,
3205101,Espírito Santo,Viana,Viana - Espírito Santo,,,,,,,,,,,,,,
3205150,Espírito Santo,Vila Pavão,Vila Pavão - Espírito Santo,,,,,,,,,,,,,,
3205176,Espírito Santo,Vila Valério,Vila Valério - Espírito Santo,,,,,,,,,,,,,,
3205200,Espírito Santo,Vila Velha,Vila Velha - Espírito Santo,,,,,,,,,,,,,,
3205309,Espírito Santo,Vitória,Vitória - Espírito Santo,,,,,,,,,,,,,,
3300100,Rio de Janeiro,Angra dos Reis,Angra dos Reis - Rio de Janeiro,,,,,,,,,,,,,,
3300159,Rio de Janeiro,Aperibé,Aperibé - Rio de Janeiro,,,,,,,,,,,,,,
3300209,Rio de Janeiro,Araruama,Araruama - Rio de Janeiro,,,,,,,,,,,,,,
3300225,Rio de Janeiro,Areal,Areal - Rio de Janeiro,,,,,,,,,,,,,,
3300233,Rio de Janeiro,Armação dos Búzios,Armação dos Búzios - Rio de Janeiro,,,,,,,,,,,,,,
3300258,Rio de Janeiro,Arraial do Cabo,Arraial do Cabo - Rio de Janeiro,,,,,,,,,,,,,,
3300308,Rio de Janeiro,Barra do Piraí,Barra do Piraí - Rio de Janeiro,,,,,,,,,,,,,,
3300407,Rio de Janeiro,Barra Mansa,Barra Mansa - Rio de Janeiro,,,,,,,,,,,,,,
3300456,Rio de Janeiro,Belford Roxo,Belford Roxo - Rio de Janeiro,,,,,,,,,,,,,,
3300506,Rio de Janeiro,Bom Jardim,Bom Jardim - Rio de Janeiro,,,,,,,,,,,,,,
3300605,Rio de Janeiro,Bom Jesus do Itabapoana,Bom Jesus do Itabapoana - Rio de Janeiro,,,,,,,,,,,,,,
3300704,Rio de Janeiro,Cabo Frio,Cabo Frio - Rio de Janeiro,,,,,,,,,,,,,,
3300803,Rio de Janeiro,Cachoeiras de Macacu,Cachoeiras de Macacu - Rio de Janeiro,,,,,,,,,,,,,,
3300902,Rio de Janeiro,Cambuci,Cambuci - Rio de Janeiro,,,,,,,,,,,,,,
3301009,Rio de Janeiro,Campos dos Goytacazes,Campos dos Goytacazes - Rio de Janeiro,,,,,,,,,,,,,,
3301108,Rio de Janeiro,Cantagalo,Cantagalo - Rio de Janeiro,,,,,,,,,,,,,,
3300936,Rio de Janeiro,Carapebus,Carapebus - Rio de Janeiro,,,,,,,,,,,,,,
3301157,Rio de Janeiro,Cardoso Moreira,Cardoso Moreira - Rio de Janeiro,,,,,,,,,,,,,,
3301207,Rio de Janeiro,Carmo,Carmo - Rio de Janeiro,,,,,,,,,,,,,,
3301306,Rio de Janeiro,Casimiro de Abreu,Casimiro de Abreu - Rio de Janeiro,,,,,,,,,,,,,,
3300951,Rio de Janeiro,Comendador Levy Gasparian,Comendador Levy Gasparian - Rio de Janeiro,,,,,,,,,,,,,,
3301405,Rio de Janeiro,Conceição de Macabu,Conceição de Macabu - Rio de Janeiro,,,,,,,,,,,,,,
3301504,Rio de Janeiro,Cordeiro,Cordeiro - Rio de Janeiro,,,,,,,,,,,,,,
3301603,Rio de Janeiro,Duas Barras,Duas Barras - Rio de Janeiro,,,,,,,,,,,,,,
3301702,Rio de Janeiro,Duque de Caxias,Duque de Caxias - Rio de Janeiro,,,,,,,,,,,,,,
3301801,Rio de Janeiro,Engenheiro Paulo de Frontin,Engenheiro Paulo de Frontin - Rio de Janeiro,,,,,,,,,,,,,,
3301850,Rio de Janeiro,Guapimirim,Guapimirim - Rio de Janeiro,,,,,,,,,,,,,,
3301876,Rio de Janeiro,Iguaba Grande,Iguaba Grande - Rio de Janeiro,,,,,,,,,,,,,,
3301900,Rio de Janeiro,Itaboraí,Itaboraí - Rio de Janeiro,,,,,,,,,,,,,,
3302007,Rio de Janeiro,Itaguaí,Itaguaí - Rio de Janeiro,,,,,,,,,,,,,,
3302056,Rio de Janeiro,Italva,Italva - Rio de Janeiro,,,,,,,,,,,,,,
3302106,Rio de Janeiro,Itaocara,Itaocara - Rio de Janeiro,,,,,,,,,,,,,,
3302205,Rio de Janeiro,Itaperuna,Itaperuna - Rio de Janeiro,,,,,,,,,,,,,,
3302254,Rio de Janeiro,Itatiaia,Itatiaia - Rio de Janeiro,,,,,,,,,,,,,,
3302270,Rio de Janeiro,Japeri,Japeri - Rio de Janeiro,,,,,,,,,,,,,,
3302304,Rio de Janeiro,Laje do Muriaé,Laje do Muriaé - Rio de Janeiro,,,,,,,,,,,,,,
3302403,Rio de Janeiro,Macaé,Macaé - Rio de Janeiro,,,,,,,,,,,,,,
3302452,Rio de Janeiro,Macuco,Macuco - Rio de Janeiro,,,,,,,,,,,,,,
3302502,Rio de Janeiro,Magé,Magé - Rio de Janeiro,,,,,,,,,,,,,,
3302601,Rio de Janeiro,Mangaratiba,Mangaratiba - Rio de Janeiro,,,,,,,,,,,,,,
3302700,Rio de Janeiro,Maricá,Maricá - Rio de Janeiro,,,,,,,,,,,,,,
3302809,Rio de Janeiro,Mendes,Mendes - Rio de Janeiro,,,,,,,,,,,,,,
3302858,Rio de Janeiro,Mesquita,Mesquita - Rio de Janeiro,,,,,,,,,,,,,,
3302908,Rio de Janeiro,Miguel Pereira,Miguel Pereira - Rio de Janeiro,,,,,,,,,,,,,,
3303005,Rio de Janeiro,Miracema,Miracema - Rio de Janeiro,,,,,,,,,,,,,,
3303104,Rio de Janeiro,Natividade,Natividade - Rio de Janeiro,,,,,,,,,,,,,,
3303203,Rio de Janeiro,Nilópolis,Nilópolis - Rio de Janeiro,,,,,,,,,,,,,,
3303302,Rio de Janeiro,Niterói,Niterói - Rio de Janeiro,,,,,,,,,,,,,,
3303401,Rio de Janeiro,Nova Friburgo,Nova Friburgo - Rio de Janeiro,,,,,,,,,,,,,,
3303500,Rio de Janeiro,Nova Iguaçu,Nova Iguaçu - Rio de Janeiro,,,,,,,,,,,,,,
3303609,Rio de Janeiro,Paracambi,Paracambi - Rio de Janeiro,,,,,,,,,,,,,,
3303708,Rio de Janeiro,Paraíba do Sul,Paraíba do Sul - Rio de Janeiro,,,,,,,,,,,,,,
3303807,Rio de Janeiro,Paraty,Paraty - Rio de Janeiro,,,,,,,,,,,,,,
3303856,Rio de Janeiro,Paty do Alferes,Paty do Alferes - Rio de Janeiro,,,,,,,,,,,,,,
3303906,Rio de Janeiro,Petrópolis,Petrópolis - Rio de Janeiro,,,,,,,,,,,,,,
3303955,Rio de Janeiro,Pinheiral,Pinheiral - Rio de Janeiro,,,,,,,,,,,,,,
3304003,Rio de Janeiro,Piraí,Piraí - Rio de Janeiro,,,,,,,,,,,,,,
3304102,Rio de Janeiro,Porciúncula,Porciúncula - Rio de Janeiro,,,,,,,,,,,,,,
3304110,Rio de Janeiro,Porto Real,Porto Real - Rio de Janeiro,,,,,,,,,,,,,,
3304128,Rio de Janeiro,Quatis,Quatis - Rio de Janeiro,,,,,,,,,,,,,,
3304144,Rio de Janeiro,Queimados,Queimados - Rio de Janeiro,,,,,,,,,,,,,,
3304151,Rio de Janeiro,Quissamã,Quissamã - Rio de Janeiro,,,,,,,,,,,,,,
3304201,Rio de Janeiro,Resende,Resende - Rio de Janeiro,,,,,,,,,,,,,,
3304300,Rio de Janeiro,Rio Bonito,Rio Bonito - Rio de Janeiro,,,,,,,,,,,,,,
3304409,Rio de Janeiro,Rio Claro,Rio Claro - Rio de Janeiro,,,,,,,,,,,,,,
3304508,Rio de Janeiro,Rio das Flores,Rio das Flores - Rio de Janeiro,,,,,,,,,,,,,,
3304524,Rio de Janeiro,Rio das Ostras,Rio das Ostras - Rio de Janeiro,,,,,,,,,,,,,,
3304557,Rio de Janeiro,Rio de Janeiro,Rio de Janeiro - Rio de Janeiro,,,,,,,,,,,,,,
3304607,Rio de Janeiro,Santa Maria Madalena,Santa Maria Madalena - Rio de Janeiro,,,,,,,,,,,,,,
3304706,Rio de Janeiro,Santo Antônio de Pádua,Santo Antônio de Pádua - Rio de Janeiro,,,,,,,,,,,,,,
3304805,Rio de Janeiro,São Fidélis,São Fidélis - Rio de Janeiro,,,,,,,,,,,,,,
3304755,Rio de Janeiro,São Francisco de Itabapoana,São Francisco de Itabapoana - Rio de Janeiro,,,,,,,,,,,,,,
3304904,Rio de Janeiro,São Gonçalo,São Gonçalo - Rio de Janeiro,,,,,,,,,,,,,,
3305000,Rio de Janeiro,São João da Barra,São João da Barra - Rio de Janeiro,,,,,,,,,,,,,,
3305109,Rio de Janeiro,São João de Meriti,São João de Meriti - Rio de Janeiro,,,,,,,,,,,,,,
3305133,Rio de Janeiro,São José de Ubá,São José de Ubá - Rio de Janeiro,,,,,,,,,,,,,,
3305158,Rio de Janeiro,São José do Vale do Rio Preto,São José do Vale do Rio Preto - Rio de Janeiro,,,,,,,,,,,,,,
3305208,Rio de Janeiro,São Pedro da Aldeia,São Pedro da Aldeia - Rio de Janeiro,,,,,,,,,,,,,,
3305307,Rio de Janeiro,São Sebastião do Alto,São Sebastião do Alto - Rio de Janeiro,,,,,,,,,,,,,,
3305406,Rio de Janeiro,Sapucaia,Sapucaia - Rio de Janeiro,,,,,,,,,,,,,,
3305505,Rio de Janeiro,Saquarema,Saquarema - Rio de Janeiro,,,,,,,,,,,,,,
3305554,Rio de Janeiro,Seropédica,Seropédica - Rio de Janeiro,,,,,,,,,,,,,,
3305604,Rio de Janeiro,Silva Jardim,Silva Jardim - Rio de Janeiro,,,,,,,,,,,,,,
3305703,Rio de Janeiro,Sumidouro,Sumidouro - Rio de Janeiro,,,,,,,,,,,,,,
3305752,Rio de Janeiro,Tanguá,Tanguá - Rio de Janeiro,,,,,,,,,,,,,,
3305802,Rio de Janeiro,Teresópolis,Teresópolis - Rio de Janeiro,,,,,,,,,,,,,,
3305901,Rio de Janeiro,Trajano de Moraes,Trajano de Moraes - Rio de Janeiro,,,,,,,,,,,,,,
3306008,Rio de Janeiro,Três Rios,Três Rios - Rio de Janeiro,,,,,,,,,,,,,,
3306107,Rio de Janeiro,Valença,Valença - Rio de Janeiro,,,,,,,,,,,,,,
3306156,Rio de Janeiro,Varre-Sai,Varre-Sai - Rio de Janeiro,,,,,,,,,,,,,,
3306206,Rio de Janeiro,Vassouras,Vassouras - Rio de Janeiro,,,,,,,,,,,,,,
3306305,Rio de Janeiro,Volta Redonda,Volta Redonda - Rio de Janeiro,,,,,,,,,,,,,,
3500105,São Paulo,Adamantina,Adamantina - São Paulo,,,,,,,,,,,,,,
3500204,São Paulo,Adolfo,Adolfo - São Paulo,,,,,,,,,,,,,,
3500303,São Paulo,Aguaí,Aguaí - São Paulo,,,,,,,,,,,,,,
3500402,São Paulo,Águas da Prata,Águas da Prata - São Paulo,,,,,,,,,,,,,,
3500501,São Paulo,Águas de Lindóia,Águas de Lindóia - São Paulo,,,,,,,,,,,,,,
3500550,São Paulo,Águas de Santa Bárbara,Águas de Santa Bárbara - São Paulo,,,,,,,,,,,,,,
3500600,São Paulo,Águas de São Pedro,Águas de São Pedro - São Paulo,,,,,,,,,,,,,,
3500709,São Paulo,Agudos,Agudos - São Paulo,,,,,,,,,,,,,,
3500758,São Paulo,Alambari,Alambari - São Paulo,,,,,,,,,,,,,,
3500808,São Paulo,Alfredo Marcondes,Alfredo Marcondes - São Paulo,,,,,,,,,,,,,,
3500907,São Paulo,Altair,Altair - São Paulo,,,,,,,,,,,,,,
3501004,São Paulo,Altinópolis,Altinópolis - São Paulo,,,,,,,,,,,,,,
3501103,São Paulo,Alto Alegre,Alto Alegre - São Paulo,,,,,,,,,,,,,,
3501152,São Paulo,Alumínio,Alumínio - São Paulo,,,,,,,,,,,,,,
3501202,São Paulo,Álvares Florence,Álvares Florence - São Paulo,,,,,,,,,,,,,,
3501301,São Paulo,Álvares Machado,Álvares Machado - São Paulo,,,,,,,,,,,,,,
3501400,São Paulo,Álvaro de Carvalho,Álvaro de Carvalho - São Paulo,,,,,,,,,,,,,,
3501509,São Paulo,Alvinlândia,Alvinlândia - São Paulo,,,,,,,,,,,,,,
3501608,São Paulo,Americana,Americana - São Paulo,,,,,,,,,,,,,,
3501707,São Paulo,Américo Brasiliense,Américo Brasiliense - São Paulo,,,,,,,,,,,,,,
3501806,São Paulo,Américo de Campos,Américo de Campos - São Paulo,,,,,,,,,,,,,,
3501905,São Paulo,Amparo,Amparo - São Paulo,,,,,,,,,,,,,,
3502002,São Paulo,Analândia,Analândia - São Paulo,,,,,,,,,,,,,,
3502101,São Paulo,Andradina,Andradina - São Paulo,,,,,,,,,,,,,,
3502200,São Paulo,Angatuba,Angatuba - São Paulo,,,,,,,,,,,,,,
3502309,São Paulo,Anhembi,Anhembi - São Paulo,,,,,,,,,,,,,,
3502408,São Paulo,Anhumas,Anhumas - São Paulo,,,,,,,,,,,,,,
3502507,São Paulo,Aparecida,Aparecida - São Paulo,,,,,,,,,,,,,,
3502606,São Paulo,Aparecida d'Oeste,Aparecida d'Oeste - São Paulo,,,,,,,,,,,,,,
3502705,São Paulo,Apiaí,Apiaí - São Paulo,,,,,,,,,,,,,,
3502754,São Paulo,Araçariguama,Araçariguama - São Paulo,,,,,,,,,,,,,,
3502804,São Paulo,Araçatuba,Araçatuba - São Paulo,,,,,,,,,,,,,,
3502903,São Paulo,Araçoiaba da Serra,Araçoiaba da Serra - São Paulo,,,,,,,,,,,,,,
3503000,São Paulo,Aramina,Aramina - São Paulo,,,,,,,,,,,,,,
3503109,São Paulo,Arandu,Arandu - São Paulo,,,,,,,,,,,,,,
3503158,São Paulo,Arapeí,Arapeí - São Paulo,,,,,,,,,,,,,,
3503208,São Paulo,Araraquara,Araraquara - São Paulo,,,,,,,,,,,,,,
3503307,São Paulo,Araras,Araras - São Paulo,,,,,,,,,,,,,,
3503356,São Paulo,Arco-Íris,Arco-Íris - São Paulo,,,,,,,,,,,,,,
3503406,São Paulo,Arealva,Arealva - São Paulo,,,,,,,,,,,,,,
3503505,São Paulo,Areias,Areias - São Paulo,,,,,,,,,,,,,,
3503604,São Paulo,Areiópolis,Areiópolis - São Paulo,,,,,,,,,,,,,,
3503703,São Paulo,Ariranha,Ariranha - São Paulo,,,,,,,,,,,,,,
3503802,São Paulo,Artur Nogueira,Artur Nogueira - São Paulo,,,,,,,,,,,,,,
3503901,São Paulo,Arujá,Arujá - São Paulo,,,,,,,,,,,,,,
3503950,São Paulo,Aspásia,Aspásia - São Paulo,,,,,,,,,,,,,,
3504008,São Paulo,Assis,Assis - São Paulo,,,,,,,,,,,,,,
3504107,São Paulo,Atibaia,Atibaia - São Paulo,,,,,,,,,,,,,,
3504206,São Paulo,Auriflama,Auriflama - São Paulo,,,,,,,,,,,,,,
3504305,São Paulo,Avaí,Avaí - São Paulo,,,,,,,,,,,,,,
3504404,São Paulo,Avanhandava,Avanhandava - São Paulo,,,,,,,,,,,,,,
3504503,São Paulo,Avaré,Avaré - São Paulo,,,,,,,,,,,,,,
3504602,São Paulo,Bady Bassitt,Bady Bassitt - São Paulo,,,,,,,,,,,,,,
3504701,São Paulo,Balbinos,Balbinos - São Paulo,,,,,,,,,,,,,,
3504800,São Paulo,Bálsamo,Bálsamo - São Paulo,,,,,,,,,,,,,,
3504909,São Paulo,Bananal,Bananal - São Paulo,,,,,,,,,,,,,,
3505005,São Paulo,Barão de Antonina,Barão de Antonina - São Paulo,,,,,,,,,,,,,,
3505104,São Paulo,Barbosa,Barbosa - São Paulo,,,,,,,,,,,,,,
3505203,São Paulo,Bariri,Bariri - São Paulo,,,,,,,,,,,,,,
3505302,São Paulo,Barra Bonita,Barra Bonita - São Paulo,,,,,,,,,,,,,,
3505351,São Paulo,Barra do Chapéu,Barra do Chapéu - São Paulo,,,,,,,,,,,,,,
3505401,São Paulo,Barra do Turvo,Barra do Turvo - São Paulo,,,,,,,,,,,,,,
3505500,São Paulo,Barretos,Barretos - São Paulo,,,,,,,,,,,,,,
3505609,São Paulo,Barrinha,Barrinha - São Paulo,,,,,,,,,,,,,,
3505708,São Paulo,Barueri,Barueri - São Paulo,,,,,,,,,,,,,,
3505807,São Paulo,Bastos,Bastos - São Paulo,,,,,,,,,,,,,,
3505906,São Paulo,Batatais,Batatais - São Paulo,,,,,,,,,,,,,,
3506003,São Paulo,Bauru,Bauru - São Paulo,,,,,,,,,,,,,,
3506102,São Paulo,Bebedouro,Bebedouro - São Paulo,,,,,,,,,,,,,,
3506201,São Paulo,Bento de Abreu,Bento de Abreu - São Paulo,,,,,,,,,,,,,,
3506300,São Paulo,Bernardino de Campos,Bernardino de Campos - São Paulo,,,,,,,,,,,,,,
3506359,São Paulo,Bertioga,Bertioga - São Paulo,,,,,,,,,,,,,,
3506409,São Paulo,Bilac,Bilac - São Paulo,,,,,,,,,,,,,,
3506508,São Paulo,Birigui,Birigui - São Paulo,,,,,,,,,,,,,,
3506607,São Paulo,Biritiba Mirim,Biritiba Mirim - São Paulo,,,,,,,,,,,,,,
3506706,São Paulo,Boa Esperança do Sul,Boa Esperança do Sul - São Paulo,,,,,,,,,,,,,,
3506805,São Paulo,Bocaina,Bocaina - São Paulo,,,,,,,,,,,,,,
3506904,São Paulo,Bofete,Bofete - São Paulo,,,,,,,,,,,,,,
3507001,São Paulo,Boituva,Boituva - São Paulo,,,,,,,,,,,,,,
3507100,São Paulo,Bom Jesus dos Perdões,Bom Jesus dos Perdões - São Paulo,,,,,,,,,,,,,,
3507159,São Paulo,Bom Sucesso de Itararé,Bom Sucesso de Itararé - São Paulo,,,,,,,,,,,,,,
3507209,São Paulo,Borá,Borá - São Paulo,,,,,,,,,,,,,,
3507308,São Paulo,Boracéia,Boracéia - São Paulo,,,,,,,,,,,,,,
3507407,São Paulo,Borborema,Borborema - São Paulo,,,,,,,,,,,,,,
3507456,São Paulo,Borebi,Borebi - São Paulo,,,,,,,,,,,,,,
3507506,São Paulo,Botucatu,Botucatu - São Paulo,,,,,,,,,,,,,,
3507605,São Paulo,Bragança Paulista,Bragança Paulista - São Paulo,,,,,,,,,,,,,,
3507704,São Paulo,Braúna,Braúna - São Paulo,,,,,,,,,,,,,,
3507753,São Paulo,Brejo Alegre,Brejo Alegre - São Paulo,,,,,,,,,,,,,,
3507803,São Paulo,Brodowski,Brodowski - São Paulo,,,,,,,,,,,,,,
3507902,São Paulo,Brotas,Brotas - São Paulo,,,,,,,,,,,,,,
3508009,São Paulo,Buri,Buri - São Paulo,,,,,,,,,,,,,,
3508108,São Paulo,Buritama,Buritama - São Paulo,,,,,,,,,,,,,,
3508207,São Paulo,Buritizal,Buritizal - São Paulo,,,,,,,,,,,,,,
3508306,São Paulo,Cabrália Paulista,Cabrália Paulista - São Paulo,,,,,,,,,,,,,,
3508405,São Paulo,Cabreúva,Cabreúva - São Paulo,,,,,,,,,,,,,,
3508504,São Paulo,Caçapava,Caçapava - São Paulo,,,,,,,,,,,,,,
3508603,São Paulo,Cachoeira Paulista,Cachoeira Paulista - São Paulo,,,,,,,,,,,,,,
3508702,São Paulo,Caconde,Caconde - São Paulo,,,,,,,,,,,,,,
3508801,São Paulo,Cafelândia,Cafelândia - São Paulo,,,,,,,,,,,,,,
3508900,São Paulo,Caiabu,Caiabu - São Paulo,,,,,,,,,,,,,,
3509007,São Paulo,Caieiras,Caieiras - São Paulo,,,,,,,,,,,,,,
3509106,São Paulo,Caiuá,Caiuá - São Paulo,,,,,,,,,,,,,,
3509205,São Paulo,Cajamar,Cajamar - São Paulo,,,,,,,,,,,,,,
3509254,São Paulo,Cajati,Cajati - São Paulo,,,,,,,,,,,,,,
3509304,São Paulo,Cajobi,Cajobi - São Paulo,,,,,,,,,,,,,,
3509403,São Paulo,Cajuru,Cajuru - São Paulo,,,,,,,,,,,,,,
3509452,São Paulo,Campina do Monte Alegre,Campina do Monte Alegre - São Paulo,,,,,,,,,,,,,,
3509502,São Paulo,Campinas,Campinas - São Paulo,,,,,,,,,,,,,,
3509601,São Paulo,Campo Limpo Paulista,Campo Limpo Paulista - São Paulo,,,,,,,,,,,,,,
3509700,São Paulo,Campos do Jordão,Campos do Jordão - São Paulo,,,,,,,,,,,,,,
3509809,São Paulo,Campos Novos Paulista,Campos Novos Paulista - São Paulo,,,,,,,,,,,,,,
3509908,São Paulo,Cananéia,Cananéia - São Paulo,,,,,,,,,,,,,,
3509957,São Paulo,Canas,Canas - São Paulo,,,,,,,,,,,,,,
3510005,São Paulo,Cândido Mota,Cândido Mota - São Paulo,,,,,,,,,,,,,,
3510104,São Paulo,Cândido Rodrigues,Cândido Rodrigues - São Paulo,,,,,,,,,,,,,,
3510153,São Paulo,Canitar,Canitar - São Paulo,,,,,,,,,,,,,,
3510203,São Paulo,Capão Bonito,Capão Bonito - São Paulo,,,,,,,,,,,,,,
3510302,São Paulo,Capela do Alto,Capela do Alto - São Paulo,,,,,,,,,,,,,,
3510401,São Paulo,Capivari,Capivari - São Paulo,,,,,,,,,,,,,,
3510500,São Paulo,Caraguatatuba,Caraguatatuba - São Paulo,,,,,,,,,,,,,,
3510609,São Paulo,Carapicuíba,Carapicuíba - São Paulo,,,,,,,,,,,,,,
3510708,São Paulo,Cardoso,Cardoso - São Paulo,,,,,,,,,,,,,,
3510807,São Paulo,Casa Branca,Casa Branca - São Paulo,,,,,,,,,,,,,,
3510906,São Paulo,Cássia dos Coqueiros,Cássia dos Coqueiros - São Paulo,,,,,,,,,,,,,,
3511003,São Paulo,Castilho,Castilho - São Paulo,,,,,,,,,,,,,,
3511102,São Paulo,Catanduva,Catanduva - São Paulo,,,,,,,,,,,,,,
3511201,São Paulo,Catiguá,Catiguá - São Paulo,,,,,,,,,,,,,,
3511300,São Paulo,Cedral,Cedral - São Paulo,,,,,,,,,,,,,,
3511409,São Paulo,Cerqueira César,Cerqueira César - São Paulo,,,,,,,,,,,,,,
3511508,São Paulo,Cerquilho,Cerquilho - São Paulo,,,,,,,,,,,,,,
3511607,São Paulo,Cesário Lange,Cesário Lange - São Paulo,,,,,,,,,,,,,,
3511706,São Paulo,Charqueada,Charqueada - São Paulo,,,,,,,,,,,,,,
3557204,São Paulo,Chavantes,Chavantes - São Paulo,,,,,,,,,,,,,,
3511904,São Paulo,Clementina,Clementina - São Paulo,,,,,,,,,,,,,,
3512001,São Paulo,Colina,Colina - São Paulo,,,,,,,,,,,,,,
3512100,São Paulo,Colômbia,Colômbia - São Paulo,,,,,,,,,,,,,,
3512209,São Paulo,Conchal,Conchal - São Paulo,,,,,,,,,,,,,,
3512308,São Paulo,Conchas,Conchas - São Paulo,,,,,,,,,,,,,,
3512407,São Paulo,Cordeirópolis,Cordeirópolis - São Paulo,,,,,,,,,,,,,,
3512506,São Paulo,Coroados,Coroados - São Paulo,,,,,,,,,,,,,,
3512605,São Paulo,Coronel Macedo,Coronel Macedo - São Paulo,,,,,,,,,,,,,,
3512704,São Paulo,Corumbataí,Corumbataí - São Paulo,,,,,,,,,,,,,,
3512803,São Paulo,Cosmópolis,Cosmópolis - São Paulo,,,,,,,,,,,,,,
3512902,São Paulo,Cosmorama,Cosmorama - São Paulo,,,,,,,,,,,,,,
3513009,São Paulo,Cotia,Cotia - São Paulo,,,,,,,,,,,,,,
3513108,São Paulo,Cravinhos,Cravinhos - São Paulo,,,,,,,,,,,,,,
3513207,São Paulo,Cristais Paulista,Cristais Paulista - São Paulo,,,,,,,,,,,,,,
3513306,São Paulo,Cruzália,Cruzália - São Paulo,,,,,,,,,,,,,,
3513405,São Paulo,Cruzeiro,Cruzeiro - São Paulo,,,,,,,,,,,,,,
3513504,São Paulo,Cubatão,Cubatão - São Paulo,,,,,,,,,,,,,,
3513603,São Paulo,Cunha,Cunha - São Paulo,,,,,,,,,,,,,,
3513702,São Paulo,Descalvado,Descalvado - São Paulo,,,,,,,,,,,,,,
3513801,São Paulo,Diadema,Diadema - São Paulo,,,,,,,,,,,,,,
3513850,São Paulo,Dirce Reis,Dirce Reis - São Paulo,,,,,,,,,,,,,,
3513900,São Paulo,Divinolândia,Divinolândia - São Paulo,,,,,,,,,,,,,,
3514007,São Paulo,Dobrada,Dobrada - São Paulo,,,,,,,,,,,,,,
3514106,São Paulo,Dois Córregos,Dois Córregos - São Paulo,,,,,,,,,,,,,,
3514205,São Paulo,Dolcinópolis,Dolcinópolis - São Paulo,,,,,,,,,,,,,,
3514304,São Paulo,Dourado,Dourado - São Paulo,,,,,,,,,,,,,,
3514403,São Paulo,Dracena,Dracena - São Paulo,,,,,,,,,,,,,,
3514502,São Paulo,Duartina,Duartina - São Paulo,,,,,,,,,,,,,,
3514601,São Paulo,Dumont,Dumont - São Paulo,,,,,,,,,,,,,,
3514700,São Paulo,Echaporã,Echaporã - São Paulo,,,,,,,,,,,,,,
3514809,São Paulo,Eldorado,Eldorado - São Paulo,,,,,,,,,,,,,,
3514908,São Paulo,Elias Fausto,Elias Fausto - São Paulo,,,,,,,,,,,,,,
3514924,São Paulo,Elisiário,Elisiário - São Paulo,,,,,,,,,,,,,,
3514957,São Paulo,Embaúba,Embaúba - São Paulo,,,,,,,,,,,,,,
3515004,São Paulo,Embu das Artes,Embu das Artes - São Paulo,,,,,,,,,,,,,,
3515103,São Paulo,Embu-Guaçu,Embu-Guaçu - São Paulo,,,,,,,,,,,,,,
3515129,São Paulo,Emilianópolis,Emilianópolis - São Paulo,,,,,,,,,,,,,,
3515152,São Paulo,Engenheiro Coelho,Engenheiro Coelho - São Paulo,,,,,,,,,,,,,,
3515186,São Paulo,Espírito Santo do Pinhal,Espírito Santo do Pinhal - São Paulo,,,,,,,,,,,,,,
3515194,São Paulo,Espírito Santo do Turvo,Espírito Santo do Turvo - São Paulo,,,,,,,,,,,,,,
3557303,São Paulo,Estiva Gerbi,Estiva Gerbi - São Paulo,,,,,,,,,,,,,,
3515301,São Paulo,Estrela do Norte,Estrela do Norte - São Paulo,,,,,,,,,,,,,,
3515202,São Paulo,Estrela d'Oeste,Estrela d'Oeste - São Paulo,,,,,,,,,,,,,,
3515350,São Paulo,Euclides da Cunha Paulista,Euclides da Cunha Paulista - São Paulo,,,,,,,,,,,,,,
3515400,São Paulo,Fartura,Fartura - São Paulo,,,,,,,,,,,,,,
3515608,São Paulo,Fernando Prestes,Fernando Prestes - São Paulo,,,,,,,,,,,,,,
3515509,São Paulo,Fernandópolis,Fernandópolis - São Paulo,,,,,,,,,,,,,,
3515657,São Paulo,Fernão,Fernão - São Paulo,,,,,,,,,,,,,,
3515707,São Paulo,Ferraz de Vasconcelos,Ferraz de Vasconcelos - São Paulo,,,,,,,,,,,,,,
3515806,São Paulo,Flora Rica,Flora Rica - São Paulo,,,,,,,,,,,,,,
3515905,São Paulo,Floreal,Floreal - São Paulo,,,,,,,,,,,,,,
3516002,São Paulo,Flórida Paulista,Flórida Paulista - São Paulo,,,,,,,,,,,,,,
3516101,São Paulo,Florínea,Florínea - São Paulo,,,,,,,,,,,,,,
3516200,São Paulo,Franca,Franca - São Paulo,,,,,,,,,,,,,,
3516309,São Paulo,Francisco Morato,Francisco Morato - São Paulo,,,,,,,,,,,,,,
3516408,São Paulo,Franco da Rocha,Franco da Rocha - São Paulo,,,,,,,,,,,,,,
3516507,São Paulo,Gabriel Monteiro,Gabriel Monteiro - São Paulo,,,,,,,,,,,,,,
3516606,São Paulo,Gália,Gália - São Paulo,,,,,,,,,,,,,,
3516705,São Paulo,Garça,Garça - São Paulo,,,,,,,,,,,,,,
3516804,São Paulo,Gastão Vidigal,Gastão Vidigal - São Paulo,,,,,,,,,,,,,,
3516853,São Paulo,Gavião Peixoto,Gavião Peixoto - São Paulo,,,,,,,,,,,,,,
3516903,São Paulo,General Salgado,General Salgado - São Paulo,,,,,,,,,,,,,,
3517000,São Paulo,Getulina,Getulina - São Paulo,,,,,,,,,,,,,,
3517109,São Paulo,Glicério,Glicério - São Paulo,,,,,,,,,,,,,,
3517208,São Paulo,Guaiçara,Guaiçara - São Paulo,,,,,,,,,,,,,,
3517307,São Paulo,Guaimbê,Guaimbê - São Paulo,,,,,,,,,,,,,,
3517406,São Paulo,Guaíra,Guaíra - São Paulo,,,,,,,,,,,,,,
3517505,São Paulo,Guapiaçu,Guapiaçu - São Paulo,,,,,,,,,,,,,,
3517604,São Paulo,Guapiara,Guapiara - São Paulo,,,,,,,,,,,,,,
3517703,São Paulo,Guará,Guará - São Paulo,,,,,,,,,,,,,,
3517802,São Paulo,Guaraçaí,Guaraçaí - São Paulo,,,,,,,,,,,,,,
3517901,São Paulo,Guaraci,Guaraci - São Paulo,,,,,,,,,,,,,,
3518008,São Paulo,Guarani d'Oeste,Guarani d'Oeste - São Paulo,,,,,,,,,,,,,,
3518107,São Paulo,Guarantã,Guarantã - São Paulo,,,,,,,,,,,,,,
3518206,São Paulo,Guararapes,Guararapes - São Paulo,,,,,,,,,,,,,,
3518305,São Paulo,Guararema,Guararema - São Paulo,,,,,,,,,,,,,,
3518404,São Paulo,Guaratinguetá,Guaratinguetá - São Paulo,,,,,,,,,,,,,,
3518503,São Paulo,Guareí,Guareí - São Paulo,,,,,,,,,,,,,,
3518602,São Paulo,Guariba,Guariba - São Paulo,,,,,,,,,,,,,,
3518701,São Paulo,Guarujá,Guarujá - São Paulo,,,,,,,,,,,,,,
3518800,São Paulo,Guarulhos,Guarulhos - São Paulo,,,,,,,,,,,,,,
3518859,São Paulo,Guatapará,Guatapará - São Paulo,,,,,,,,,,,,,,
3518909,São Paulo,Guzolândia,Guzolândia - São Paulo,,,,,,,,,,,,,,
3519006,São Paulo,Herculândia,Herculândia - São Paulo,,,,,,,,,,,,,,
3519055,São Paulo,Holambra,Holambra - São Paulo,,,,,,,,,,,,,,
3519071,São Paulo,Hortolândia,Hortolândia - São Paulo,,,,,,,,,,,,,,
3519105,São Paulo,Iacanga,Iacanga - São Paulo,,,,,,,,,,,,,,
3519204,São Paulo,Iacri,Iacri - São Paulo,,,,,,,,,,,,,,
3519253,São Paulo,Iaras,Iaras - São Paulo,,,,,,,,,,,,,,
3519303,São Paulo,Ibaté,Ibaté - São Paulo,,,,,,,,,,,,,,
3519402,São Paulo,Ibirá,Ibirá - São Paulo,,,,,,,,,,,,,,
3519501,São Paulo,Ibirarema,Ibirarema - São Paulo,,,,,,,,,,,,,,
3519600,São Paulo,Ibitinga,Ibitinga - São Paulo,,,,,,,,,,,,,,
3519709,São Paulo,Ibiúna,Ibiúna - São Paulo,,,,,,,,,,,,,,
3519808,São Paulo,Icém,Icém - São Paulo,,,,,,,,,,,,,,
3519907,São Paulo,Iepê,Iepê - São Paulo,,,,,,,,,,,,,,
3520004,São Paulo,Igaraçu do Tietê,Igaraçu do Tietê - São Paulo,,,,,,,,,,,,,,
3520103,São Paulo,Igarapava,Igarapava - São Paulo,,,,,,,,,,,,,,
3520202,São Paulo,Igaratá,Igaratá - São Paulo,,,,,,,,,,,,,,
3520301,São Paulo,Iguape,Iguape - São Paulo,,,,,,,,,,,,,,
3520426,São Paulo,Ilha Comprida,Ilha Comprida - São Paulo,,,,,,,,,,,,,,
3520442,São Paulo,Ilha Solteira,Ilha Solteira - São Paulo,,,,,,,,,,,,,,
3520400,São Paulo,Ilhabela,Ilhabela - São Paulo,,,,,,,,,,,,,,
3520509,São Paulo,Indaiatuba,Indaiatuba - São Paulo,,,,,,,,,,,,,,
3520608,São Paulo,Indiana,Indiana - São Paulo,,,,,,,,,,,,,,
3520707,São Paulo,Indiaporã,Indiaporã - São Paulo,,,,,,,,,,,,,,
3520806,São Paulo,Inúbia Paulista,Inúbia Paulista - São Paulo,,,,,,,,,,,,,,
3520905,São Paulo,Ipaussu,Ipaussu - São Paulo,,,,,,,,,,,,,,
3521002,São Paulo,Iperó,Iperó - São Paulo,,,,,,,,,,,,,,
3521101,São Paulo,Ipeúna,Ipeúna - São Paulo,,,,,,,,,,,,,,
3521150,São Paulo,Ipiguá,Ipiguá - São Paulo,,,,,,,,,,,,,,
3521200,São Paulo,Iporanga,Iporanga - São Paulo,,,,,,,,,,,,,,
3521309,São Paulo,Ipuã,Ipuã - São Paulo,,,,,,,,,,,,,,
3521408,São Paulo,Iracemápolis,Iracemápolis - São Paulo,,,,,,,,,,,,,,
3521507,São Paulo,Irapuã,Irapuã - São Paulo,,,,,,,,,,,,,,
3521606,São Paulo,Irapuru,Irapuru - São Paulo,,,,,,,,,,,,,,
3521705,São Paulo,Itaberá,Itaberá - São Paulo,,,,,,,,,,,,,,
3521804,São Paulo,Itaí,Itaí - São Paulo,,,,,,,,,,,,,,
3521903,São Paulo,Itajobi,Itajobi - São Paulo,,,,,,,,,,,,,,
3522000,São Paulo,Itaju,Itaju - São Paulo,,,,,,,,,,,,,,
3522109,São Paulo,Itanhaém,Itanhaém - São Paulo,,,,,,,,,,,,,,
3522158,São Paulo,Itaoca,Itaoca - São Paulo,,,,,,,,,,,,,,
3522208,São Paulo,Itapecerica da Serra,Itapecerica da Serra - São Paulo,,,,,,,,,,,,,,
3522307,São Paulo,Itapetininga,Itapetininga - São Paulo,,,,,,,,,,,,,,
3522406,São Paulo,Itapeva,Itapeva - São Paulo,,,,,,,,,,,,,,
3522505,São Paulo,Itapevi,Itapevi - São Paulo,,,,,,,,,,,,,,
3522604,São Paulo,Itapira,Itapira - São Paulo,,,,,,,,,,,,,,
3522653,São Paulo,Itapirapuã Paulista,Itapirapuã Paulista - São Paulo,,,,,,,,,,,,,,
3522703,São Paulo,Itápolis,Itápolis - São Paulo,,,,,,,,,,,,,,
3522802,São Paulo,Itaporanga,Itaporanga - São Paulo,,,,,,,,,,,,,,
3522901,São Paulo,Itapuí,Itapuí - São Paulo,,,,,,,,,,,,,,
3523008,São Paulo,Itapura,Itapura - São Paulo,,,,,,,,,,,,,,
3523107,São Paulo,Itaquaquecetuba,Itaquaquecetuba - São Paulo,,,,,,,,,,,,,,
3523206,São Paulo,Itararé,Itararé - São Paulo,,,,,,,,,,,,,,
3523305,São Paulo,Itariri,Itariri - São Paulo,,,,,,,,,,,,,,
3523404,São Paulo,Itatiba,Itatiba - São Paulo,,,,,,,,,,,,,,
3523503,São Paulo,Itatinga,Itatinga - São Paulo,,,,,,,,,,,,,,
3523602,São Paulo,Itirapina,Itirapina - São Paulo,,,,,,,,,,,,,,
3523701,São Paulo,Itirapuã,Itirapuã - São Paulo,,,,,,,,,,,,,,
3523800,São Paulo,Itobi,Itobi - São Paulo,,,,,,,,,,,,,,
3523909,São Paulo,Itu,Itu - São Paulo,,,,,,,,,,,,,,
3524006,São Paulo,Itupeva,Itupeva - São Paulo,,,,,,,,,,,,,,
3524105,São Paulo,Ituverava,Ituverava - São Paulo,,,,,,,,,,,,,,
3524204,São Paulo,Jaborandi,Jaborandi - São Paulo,,,,,,,,,,,,,,
3524303,São Paulo,Jaboticabal,Jaboticabal - São Paulo,,,,,,,,,,,,,,
3524402,São Paulo,Jacareí,Jacareí - São Paulo,,,,,,,,,,,,,,
3524501,São Paulo,Jaci,Jaci - São Paulo,,,,,,,,,,,,,,
3524600,São Paulo,Jacupiranga,Jacupiranga - São Paulo,,,,,,,,,,,,,,
3524709,São Paulo,Jaguariúna,Jaguariúna - São Paulo,,,,,,,,,,,,,,
3524808,São Paulo,Jales,Jales - São Paulo,,,,,,,,,,,,,,
3524907,São Paulo,Jambeiro,Jambeiro - São Paulo,,,,,,,,,,,,,,
3525003,São Paulo,Jandira,Jandira - São Paulo,,,,,,,,,,,,,,
3525102,São Paulo,Jardinópolis,Jardinópolis - São Paulo,,,,,,,,,,,,,,
3525201,São Paulo,Jarinu,Jarinu - São Paulo,,,,,,,,,,,,,,
3525300,São Paulo,Jaú,Jaú - São Paulo,,,,,,,,,,,,,,
3525409,São Paulo,Jeriquara,Jeriquara - São Paulo,,,,,,,,,,,,,,
3525508,São Paulo,Joanópolis,Joanópolis - São Paulo,,,,,,,,,,,,,,
3525607,São Paulo,João Ramalho,João Ramalho - São Paulo,,,,,,,,,,,,,,
3525706,São Paulo,José Bonifácio,José Bonifácio - São Paulo,,,,,,,,,,,,,,
3525805,São Paulo,Júlio Mesquita,Júlio Mesquita - São Paulo,,,,,,,,,,,,,,
3525854,São Paulo,Jumirim,Jumirim - São Paulo,,,,,,,,,,,,,,
3525904,São Paulo,Jundiaí,Jundiaí - São Paulo,,,,,,,,,,,,,,
3526001,São Paulo,Junqueirópolis,Junqueirópolis - São Paulo,,,,,,,,,,,,,,
3526100,São Paulo,Juquiá,Juquiá - São Paulo,,,,,,,,,,,,,,
3526209,São Paulo,Juquitiba,Juquitiba - São Paulo,,,,,,,,,,,,,,
3526308,São Paulo,Lagoinha,Lagoinha - São Paulo,,,,,,,,,,,,,,
3526407,São Paulo,Laranjal Paulista,Laranjal Paulista - São Paulo,,,,,,,,,,,,,,
3526506,São Paulo,Lavínia,Lavínia - São Paulo,,,,,,,,,,,,,,
3526605,São Paulo,Lavrinhas,Lavrinhas - São Paulo,,,,,,,,,,,,,,
3526704,São Paulo,Leme,Leme - São Paulo,,,,,,,,,,,,,,
3526803,São Paulo,Lençóis Paulista,Lençóis Paulista - São Paulo,,,,,,,,,,,,,,
3526902,São Paulo,Limeira,Limeira - São Paulo,,,,,,,,,,,,,,
3527009,São Paulo,Lindóia,Lindóia - São Paulo,,,,,,,,,,,,,,
3527108,São Paulo,Lins,Lins - São Paulo,,,,,,,,,,,,,,
3527207,São Paulo,Lorena,Lorena - São Paulo,,,,,,,,,,,,,,
3527256,São Paulo,Lourdes,Lourdes - São Paulo,,,,,,,,,,,,,,
3527306,São Paulo,Louveira,Louveira - São Paulo,,,,,,,,,,,,,,
3527405,São Paulo,Lucélia,Lucélia - São Paulo,,,,,,,,,,,,,,
3527504,São Paulo,Lucianópolis,Lucianópolis - São Paulo,,,,,,,,,,,,,,
3527603,São Paulo,Luís Antônio,Luís Antônio - São Paulo,,,,,,,,,,,,,,
3527702,São Paulo,Luiziânia,Luiziânia - São Paulo,,,,,,,,,,,,,,
3527801,São Paulo,Lupércio,Lupércio - São Paulo,,,,,,,,,,,,,,
3527900,São Paulo,Lutécia,Lutécia - São Paulo,,,,,,,,,,,,,,
3528007,São Paulo,Macatuba,Macatuba - São Paulo,,,,,,,,,,,,,,
3528106,São Paulo,Macaubal,Macaubal - São Paulo,,,,,,,,,,,,,,
3528205,São Paulo,Macedônia,Macedônia - São Paulo,,,,,,,,,,,,,,
3528304,São Paulo,Magda,Magda - São Paulo,,,,,,,,,,,,,,
3528403,São Paulo,Mairinque,Mairinque - São Paulo,,,,,,,,,,,,,,
3528502,São Paulo,Mairiporã,Mairiporã - São Paulo,,,,,,,,,,,,,,
3528601,São Paulo,Manduri,Manduri - São Paulo,,,,,,,,,,,,,,
3528700,São Paulo,Marabá Paulista,Marabá Paulista - São Paulo,,,,,,,,,,,,,,
3528809,São Paulo,Maracaí,Maracaí - São Paulo,,,,,,,,,,,,,,
3528858,São Paulo,Marapoama,Marapoama - São Paulo,,,,,,,,,,,,,,
3528908,São Paulo,Mariápolis,Mariápolis - São Paulo,,,,,,,,,,,,,,
3529005,São Paulo,Marília,Marília - São Paulo,,,,,,,,,,,,,,
3529104,São Paulo,Marinópolis,Marinópolis - São Paulo,,,,,,,,,,,,,,
3529203,São Paulo,Martinópolis,Martinópolis - São Paulo,,,,,,,,,,,,,,
3529302,São Paulo,Matão,Matão - São Paulo,,,,,,,,,,,,,,
3529401,São Paulo,Mauá,Mauá - São Paulo,,,,,,,,,,,,,,
3529500,São Paulo,Mendonça,Mendonça - São Paulo,,,,,,,,,,,,,,
3529609,São Paulo,Meridiano,Meridiano - São Paulo,,,,,,,,,,,,,,
3529658,São Paulo,Mesópolis,Mesópolis - São Paulo,,,,,,,,,,,,,,
3529708,São Paulo,Miguelópolis,Miguelópolis - São Paulo,,,,,,,,,,,,,,
3529807,São Paulo,Mineiros do Tietê,Mineiros do Tietê - São Paulo,,,,,,,,,,,,,,
3530003,São Paulo,Mira Estrela,Mira Estrela - São Paulo,,,,,,,,,,,,,,
3529906,São Paulo,Miracatu,Miracatu - São Paulo,,,,,,,,,,,,,,
3530102,São Paulo,Mirandópolis,Mirandópolis - São Paulo,,,,,,,,,,,,,,
3530201,São Paulo,Mirante do Paranapanema,Mirante do Paranapanema - São Paulo,,,,,,,,,,,,,,
3530300,São Paulo,Mirassol,Mirassol - São Paulo,,,,,,,,,,,,,,
3530409,São Paulo,Mirassolândia,Mirassolândia - São Paulo,,,,,,,,,,,,,,
3530508,São Paulo,Mococa,Mococa - São Paulo,,,,,,,,,,,,,,
3530607,São Paulo,Mogi das Cruzes,Mogi das Cruzes - São Paulo,,,,,,,,,,,,,,
3530706,São Paulo,Mogi Guaçu,Mogi Guaçu - São Paulo,,,,,,,,,,,,,,
3530805,São Paulo,Mogi Mirim,Mogi Mirim - São Paulo,,,,,,,,,,,,,,
3530904,São Paulo,Mombuca,Mombuca - São Paulo,,,,,,,,,,,,,,
3531001,São Paulo,Monções,Monções - São Paulo,,,,,,,,,,,,,,
3531100,São Paulo,Mongaguá,Mongaguá - São Paulo,,,,,,,,,,,,,,
3531209,São Paulo,Monte Alegre do Sul,Monte Alegre do Sul - São Paulo,,,,,,,,,,,,,,
3531308,São Paulo,Monte Alto,Monte Alto - São Paulo,,,,,,,,,,,,,,
3531407,São Paulo,Monte Aprazível,Monte Aprazível - São Paulo,,,,,,,,,,,,,,
3531506,São Paulo,Monte Azul Paulista,Monte Azul Paulista - São Paulo,,,,,,,,,,,,,,
3531605,São Paulo,Monte Castelo,Monte Castelo - São Paulo,,,,,,,,,,,,,,
3531803,São Paulo,Monte Mor,Monte Mor - São Paulo,,,,,,,,,,,,,,
3531704,São Paulo,Monteiro Lobato,Monteiro Lobato - São Paulo,,,,,,,,,,,,,,
3531902,São Paulo,Morro Agudo,Morro Agudo - São Paulo,,,,,,,,,,,,,,
3532009,São Paulo,Morungaba,Morungaba - São Paulo,,,,,,,,,,,,,,
3532058,São Paulo,Motuca,Motuca - São Paulo,,,,,,,,,,,,,,
3532108,São Paulo,Murutinga do Sul,Murutinga do Sul - São Paulo,,,,,,,,,,,,,,
3532157,São Paulo,Nantes,Nantes - São Paulo,,,,,,,,,,,,,,
3532207,São Paulo,Narandiba,Narandiba - São Paulo,,,,,,,,,,,,,,
3532306,São Paulo,Natividade da Serra,Natividade da Serra - São Paulo,,,,,,,,,,,,,,
3532405,São Paulo,Nazaré Paulista,Nazaré Paulista - São Paulo,,,,,,,,,,,,,,
3532504,São Paulo,Neves Paulista,Neves Paulista - São Paulo,,,,,,,,,,,,,,
3532603,São Paulo,Nhandeara,Nhandeara - São Paulo,,,,,,,,,,,,,,
3532702,São Paulo,Nipoã,Nipoã - São Paulo,,,,,,,,,,,,,,
3532801,São Paulo,Nova Aliança,Nova Aliança - São Paulo,,,,,,,,,,,,,,
3532827,São Paulo,Nova Campina,Nova Campina - São Paulo,,,,,,,,,,,,,,
3532843,São Paulo,Nova Canaã Paulista,Nova Canaã Paulista - São Paulo,,,,,,,,,,,,,,
3532868,São Paulo,Nova Castilho,Nova Castilho - São Paulo,,,,,,,,,,,,,,
3532900,São Paulo,Nova Europa,Nova Europa - São Paulo,,,,,,,,,,,,,,
3533007,São Paulo,Nova Granada,Nova Granada - São Paulo,,,,,,,,,,,,,,
3533106,São Paulo,Nova Guataporanga,Nova Guataporanga - São Paulo,,,,,,,,,,,,,,
3533205,São Paulo,Nova Independência,Nova Independência - São Paulo,,,,,,,,,,,,,,
3533304,São Paulo,Nova Luzitânia,Nova Luzitânia - São Paulo,,,,,,,,,,,,,,
3533403,São Paulo,Nova Odessa,Nova Odessa - São Paulo,,,,,,,,,,,,,,
3533254,São Paulo,Novais,Novais - São Paulo,,,,,,,,,,,,,,
3533502,São Paulo,Novo Horizonte,Novo Horizonte - São Paulo,,,,,,,,,,,,,,
3533601,São Paulo,Nuporanga,Nuporanga - São Paulo,,,,,,,,,,,,,,
3533700,São Paulo,Ocauçu,Ocauçu - São Paulo,,,,,,,,,,,,,,
3533809,São Paulo,Óleo,Óleo - São Paulo,,,,,,,,,,,,,,
3533908,São Paulo,Olímpia,Olímpia - São Paulo,,,,,,,,,,,,,,
3534005,São Paulo,Onda Verde,Onda Verde - São Paulo,,,,,,,,,,,,,,
3534104,São Paulo,Oriente,Oriente - São Paulo,,,,,,,,,,,,,,
3534203,São Paulo,Orindiúva,Orindiúva - São Paulo,,,,,,,,,,,,,,
3534302,São Paulo,Orlândia,Orlândia - São Paulo,,,,,,,,,,,,,,
3534401,São Paulo,Osasco,Osasco - São Paulo,,,,,,,,,,,,,,
3534500,São Paulo,Oscar Bressane,Oscar Bressane - São Paulo,,,,,,,,,,,,,,
3534609,São Paulo,Osvaldo Cruz,Osvaldo Cruz - São Paulo,,,,,,,,,,,,,,
3534708,São Paulo,Ourinhos,Ourinhos - São Paulo,,,,,,,,,,,,,,
3534807,São Paulo,Ouro Verde,Ouro Verde - São Paulo,,,,,,,,,,,,,,
3534757,São Paulo,Ouroeste,Ouroeste - São Paulo,,,,,,,,,,,,,,
3534906,São Paulo,Pacaembu,Pacaembu - São Paulo,,,,,,,,,,,,,,
3535002,São Paulo,Palestina,Palestina - São Paulo,,,,,,,,,,,,,,
3535101,São Paulo,Palmares Paulista,Palmares Paulista - São Paulo,,,,,,,,,,,,,,
3535200,São Paulo,Palmeira d'Oeste,Palmeira d'Oeste - São Paulo,,,,,,,,,,,,,,
3535309,São Paulo,Palmital,Palmital - São Paulo,,,,,,,,,,,,,,
3535408,São Paulo,Panorama,Panorama - São Paulo,,,,,,,,,,,,,,
3535507,São Paulo,Paraguaçu Paulista,Paraguaçu Paulista - São Paulo,,,,,,,,,,,,,,
3535606,São Paulo,Paraibuna,Paraibuna - São Paulo,,,,,,,,,,,,,,
3535705,São Paulo,Paraíso,Paraíso - São Paulo,,,,,,,,,,,,,,
3535804,São Paulo,Paranapanema,Paranapanema - São Paulo,,,,,,,,,,,,,,
3535903,São Paulo,Paranapuã,Paranapuã - São Paulo,,,,,,,,,,,,,,
3536000,São Paulo,Parapuã,Parapuã - São Paulo,,,,,,,,,,,,,,
3536109,São Paulo,Pardinho,Pardinho - São Paulo,,,,,,,,,,,,,,
3536208,São Paulo,Pariquera-Açu,Pariquera-Açu - São Paulo,,,,,,,,,,,,,,
3536257,São Paulo,Parisi,Parisi - São Paulo,,,,,,,,,,,,,,
3536307,São Paulo,Patrocínio Paulista,Patrocínio Paulista - São Paulo,,,,,,,,,,,,,,
3536406,São Paulo,Paulicéia,Paulicéia - São Paulo,,,,,,,,,,,,,,
3536505,São Paulo,Paulínia,Paulínia - São Paulo,,,,,,,,,,,,,,
3536570,São Paulo,Paulistânia,Paulistânia - São Paulo,,,,,,,,,,,,,,
3536604,São Paulo,Paulo de Faria,Paulo de Faria - São Paulo,,,,,,,,,,,,,,
3536703,São Paulo,Pederneiras,Pederneiras - São Paulo,,,,,,,,,,,,,,
3536802,São Paulo,Pedra Bela,Pedra Bela - São Paulo,,,,,,,,,,,,,,
3536901,São Paulo,Pedranópolis,Pedranópolis - São Paulo,,,,,,,,,,,,,,
3537008,São Paulo,Pedregulho,Pedregulho - São Paulo,,,,,,,,,,,,,,
3537107,São Paulo,Pedreira,Pedreira - São Paulo,,,,,,,,,,,,,,
3537156,São Paulo,Pedrinhas Paulista,Pedrinhas Paulista - São Paulo,,,,,,,,,,,,,,
3537206,São Paulo,Pedro de Toledo,Pedro de Toledo - São Paulo,,,,,,,,,,,,,,
3537305,São Paulo,Penápolis,Penápolis - São Paulo,,,,,,,,,,,,,,
3537404,São Paulo,Pereira Barreto,Pereira Barreto - São Paulo,,,,,,,,,,,,,,
3537503,São Paulo,Pereiras,Pereiras - São Paulo,,,,,,,,,,,,,,
3537602,São Paulo,Peruíbe,Peruíbe - São Paulo,,,,,,,,,,,,,,
3537701,São Paulo,Piacatu,Piacatu - São Paulo,,,,,,,,,,,,,,
3537800,São Paulo,Piedade,Piedade - São Paulo,,,,,,,,,,,,,,
3537909,São Paulo,Pilar do Sul,Pilar do Sul - São Paulo,,,,,,,,,,,,,,
3538006,São Paulo,Pindamonhangaba,Pindamonhangaba - São Paulo,,,,,,,,,,,,,,
3538105,São Paulo,Pindorama,Pindorama - São Paulo,,,,,,,,,,,,,,
3538204,São Paulo,Pinhalzinho,Pinhalzinho - São Paulo,,,,,,,,,,,,,,
3538303,São Paulo,Piquerobi,Piquerobi - São Paulo,,,,,,,,,,,,,,
3538501,São Paulo,Piquete,Piquete - São Paulo,,,,,,,,,,,,,,
3538600,São Paulo,Piracaia,Piracaia - São Paulo,,,,,,,,,,,,,,
3538709,São Paulo,Piracicaba,Piracicaba - São Paulo,,,,,,,,,,,,,,
3538808,São Paulo,Piraju,Piraju - São Paulo,,,,,,,,,,,,,,
3538907,São Paulo,Pirajuí,Pirajuí - São Paulo,,,,,,,,,,,,,,
3539004,São Paulo,Pirangi,Pirangi - São Paulo,,,,,,,,,,,,,,
3539103,São Paulo,Pirapora do Bom Jesus,Pirapora do Bom Jesus - São Paulo,,,,,,,,,,,,,,
3539202,São Paulo,Pirapozinho,Pirapozinho - São Paulo,,,,,,,,,,,,,,
3539301,São Paulo,Pirassununga,Pirassununga - São Paulo,,,,,,,,,,,,,,
3539400,São Paulo,Piratininga,Piratininga - São Paulo,,,,,,,,,,,,,,
3539509,São Paulo,Pitangueiras,Pitangueiras - São Paulo,,,,,,,,,,,,,,
3539608,São Paulo,Planalto,Planalto - São Paulo,,,,,,,,,,,,,,
3539707,São Paulo,Platina,Platina - São Paulo,,,,,,,,,,,,,,
3539806,São Paulo,Poá,Poá - São Paulo,,,,,,,,,,,,,,
3539905,São Paulo,Poloni,Poloni - São Paulo,,,,,,,,,,,,,,
3540002,São Paulo,Pompéia,Pompéia - São Paulo,,,,,,,,,,,,,,
3540101,São Paulo,Pongaí,Pongaí - São Paulo,,,,,,,,,,,,,,
3540200,São Paulo,Pontal,Pontal - São Paulo,,,,,,,,,,,,,,
3540259,São Paulo,Pontalinda,Pontalinda - São Paulo,,,,,,,,,,,,,,
3540309,São Paulo,Pontes Gestal,Pontes Gestal - São Paulo,,,,,,,,,,,,,,
3540408,São Paulo,Populina,Populina - São Paulo,,,,,,,,,,,,,,
3540507,São Paulo,Porangaba,Porangaba - São Paulo,,,,,,,,,,,,,,
3540606,São Paulo,Porto Feliz,Porto Feliz - São Paulo,,,,,,,,,,,,,,
3540705,São Paulo,Porto Ferreira,Porto Ferreira - São Paulo,,,,,,,,,,,,,,
3540754,São Paulo,Potim,Potim - São Paulo,,,,,,,,,,,,,,
3540804,São Paulo,Potirendaba,Potirendaba - São Paulo,,,,,,,,,,,,,,
3540853,São Paulo,Pracinha,Pracinha - São Paulo,,,,,,,,,,,,,,
3540903,São Paulo,Pradópolis,Pradópolis - São Paulo,,,,,,,,,,,,,,
3541000,São Paulo,Praia Grande,Praia Grande - São Paulo,,,,,,,,,,,,,,
3541059,São Paulo,Pratânia,Pratânia - São Paulo,,,,,,,,,,,,,,
3541109,São Paulo,Presidente Alves,Presidente Alves - São Paulo,,,,,,,,,,,,,,
3541208,São Paulo,Presidente Bernardes,Presidente Bernardes - São Paulo,,,,,,,,,,,,,,
3541307,São Paulo,Presidente Epitácio,Presidente Epitácio - São Paulo,,,,,,,,,,,,,,
3541406,São Paulo,Presidente Prudente,Presidente Prudente - São Paulo,,,,,,,,,,,,,,
3541505,São Paulo,Presidente Venceslau,Presidente Venceslau - São Paulo,,,,,,,,,,,,,,
3541604,São Paulo,Promissão,Promissão - São Paulo,,,,,,,,,,,,,,
3541653,São Paulo,Quadra,Quadra - São Paulo,,,,,,,,,,,,,,
3541703,São Paulo,Quatá,Quatá - São Paulo,,,,,,,,,,,,,,
3541802,São Paulo,Queiroz,Queiroz - São Paulo,,,,,,,,,,,,,,
3541901,São Paulo,Queluz,Queluz - São Paulo,,,,,,,,,,,,,,
3542008,São Paulo,Quintana,Quintana - São Paulo,,,,,,,,,,,,,,
3542107,São Paulo,Rafard,Rafard - São Paulo,,,,,,,,,,,,,,
3542206,São Paulo,Rancharia,Rancharia - São Paulo,,,,,,,,,,,,,,
3542305,São Paulo,Redenção da Serra,Redenção da Serra - São Paulo,,,,,,,,,,,,,,
3542404,São Paulo,Regente Feijó,Regente Feijó - São Paulo,,,,,,,,,,,,,,
3542503,São Paulo,Reginópolis,Reginópolis - São Paulo,,,,,,,,,,,,,,
3542602,São Paulo,Registro,Registro - São Paulo,,,,,,,,,,,,,,
3542701,São Paulo,Restinga,Restinga - São Paulo,,,,,,,,,,,,,,
3542800,São Paulo,Ribeira,Ribeira - São Paulo,,,,,,,,,,,,,,
3542909,São Paulo,Ribeirão Bonito,Ribeirão Bonito - São Paulo,,,,,,,,,,,,,,
3543006,São Paulo,Ribeirão Branco,Ribeirão Branco - São Paulo,,,,,,,,,,,,,,
3543105,São Paulo,Ribeirão Corrente,Ribeirão Corrente - São Paulo,,,,,,,,,,,,,,
3543204,São Paulo,Ribeirão do Sul,Ribeirão do Sul - São Paulo,,,,,,,,,,,,,,
3543238,São Paulo,Ribeirão dos Índios,Ribeirão dos Índios - São Paulo,,,,,,,,,,,,,,
3543253,São Paulo,Ribeirão Grande,Ribeirão Grande - São Paulo,,,,,,,,,,,,,,
3543303,São Paulo,Ribeirão Pires,Ribeirão Pires - São Paulo,,,,,,,,,,,,,,
3543402,São Paulo,Ribeirão Preto,Ribeirão Preto - São Paulo,,,,,,,,,,,,,,
3543600,São Paulo,Rifaina,Rifaina - São Paulo,,,,,,,,,,,,,,
3543709,São Paulo,Rincão,Rincão - São Paulo,,,,,,,,,,,,,,
3543808,São Paulo,Rinópolis,Rinópolis - São Paulo,,,,,,,,,,,,,,
3543907,São Paulo,Rio Claro,Rio Claro - São Paulo,,,,,,,,,,,,,,
3544004,São Paulo,Rio das Pedras,Rio das Pedras - São Paulo,,,,,,,,,,,,,,
3544103,São Paulo,Rio Grande da Serra,Rio Grande da Serra - São Paulo,,,,,,,,,,,,,,
3544202,São Paulo,Riolândia,Riolândia - São Paulo,,,,,,,,,,,,,,
3543501,São Paulo,Riversul,Riversul - São Paulo,,,,,,,,,,,,,,
3544251,São Paulo,Rosana,Rosana - São Paulo,,,,,,,,,,,,,,
3544301,São Paulo,Roseira,Roseira - São Paulo,,,,,,,,,,,,,,
3544400,São Paulo,Rubiácea,Rubiácea - São Paulo,,,,,,,,,,,,,,
3544509,São Paulo,Rubinéia,Rubinéia - São Paulo,,,,,,,,,,,,,,
3544608,São Paulo,Sabino,Sabino - São Paulo,,,,,,,,,,,,,,
3544707,São Paulo,Sagres,Sagres - São Paulo,,,,,,,,,,,,,,
3544806,São Paulo,Sales,Sales - São Paulo,,,,,,,,,,,,,,
3544905,São Paulo,Sales Oliveira,Sales Oliveira - São Paulo,,,,,,,,,,,,,,
3545001,São Paulo,Salesópolis,Salesópolis - São Paulo,,,,,,,,,,,,,,
3545100,São Paulo,Salmourão,Salmourão - São Paulo,,,,,,,,,,,,,,
3545159,São Paulo,Saltinho,Saltinho - São Paulo,,,,,,,,,,,,,,
3545209,São Paulo,Salto,Salto - São Paulo,,,,,,,,,,,,,,
3545308,São Paulo,Salto de Pirapora,Salto de Pirapora - São Paulo,,,,,,,,,,,,,,
3545407,São Paulo,Salto Grande,Salto Grande - São Paulo,,,,,,,,,,,,,,
3545506,São Paulo,Sandovalina,Sandovalina - São Paulo,,,,,,,,,,,,,,
3545605,São Paulo,Santa Adélia,Santa Adélia - São Paulo,,,,,,,,,,,,,,
3545704,São Paulo,Santa Albertina,Santa Albertina - São Paulo,,,,,,,,,,,,,,
3545803,São Paulo,Santa Bárbara d'Oeste,Santa Bárbara d'Oeste - São Paulo,,,,,,,,,,,,,,
3546009,São Paulo,Santa Branca,Santa Branca - São Paulo,,,,,,,,,,,,,,
3546108,São Paulo,Santa Clara d'Oeste,Santa Clara d'Oeste - São Paulo,,,,,,,,,,,,,,
3546207,São Paulo,Santa Cruz da Conceição,Santa Cruz da Conceição - São Paulo,,,,,,,,,,,,,,
3546256,São Paulo,Santa Cruz da Esperança,Santa Cruz da Esperança - São Paulo,,,,,,,,,,,,,,
3546306,São Paulo,Santa Cruz das Palmeiras,Santa Cruz das Palmeiras - São Paulo,,,,,,,,,,,,,,
3546405,São Paulo,Santa Cruz do Rio Pardo,Santa Cruz do Rio Pardo - São Paulo,,,,,,,,,,,,,,
3546504,São Paulo,Santa Ernestina,Santa Ernestina - São Paulo,,,,,,,,,,,,,,
3546603,São Paulo,Santa Fé do Sul,Santa Fé do Sul - São Paulo,,,,,,,,,,,,,,
3546702,São Paulo,Santa Gertrudes,Santa Gertrudes - São Paulo,,,,,,,,,,,,,,
3546801,São Paulo,Santa Isabel,Santa Isabel - São Paulo,,,,,,,,,,,,,,
3546900,São Paulo,Santa Lúcia,Santa Lúcia - São Paulo,,,,,,,,,,,,,,
3547007,São Paulo,Santa Maria da Serra,Santa Maria da Serra - São Paulo,,,,,,,,,,,,,,
3547106,São Paulo,Santa Mercedes,Santa Mercedes - São Paulo,,,,,,,,,,,,,,
3547502,São Paulo,Santa Rita do Passa Quatro,Santa Rita do Passa Quatro - São Paulo,,,,,,,,,,,,,,
3547403,São Paulo,Santa Rita d'Oeste,Santa Rita d'Oeste - São Paulo,,,,,,,,,,,,,,
3547601,São Paulo,Santa Rosa de Viterbo,Santa Rosa de Viterbo - São Paulo,,,,,,,,,,,,,,
3547650,São Paulo,Santa Salete,Santa Salete - São Paulo,,,,,,,,,,,,,,
3547205,São Paulo,Santana da Ponte Pensa,Santana da Ponte Pensa - São Paulo,,,,,,,,,,,,,,
3547304,São Paulo,Santana de Parnaíba,Santana de Parnaíba - São Paulo,,,,,,,,,,,,,,
3547700,São Paulo,Santo Anastácio,Santo Anastácio - São Paulo,,,,,,,,,,,,,,
3547809,São Paulo,Santo André,Santo André - São Paulo,,,,,,,,,,,,,,
3547908,São Paulo,Santo Antônio da Alegria,Santo Antônio da Alegria - São Paulo,,,,,,,,,,,,,,
3548005,São Paulo,Santo Antônio de Posse,Santo Antônio de Posse - São Paulo,,,,,,,,,,,,,,
3548054,São Paulo,Santo Antônio do Aracanguá,Santo Antônio do Aracanguá - São Paulo,,,,,,,,,,,,,,
3548104,São Paulo,Santo Antônio do Jardim,Santo Antônio do Jardim - São Paulo,,,,,,,,,,,,,,
3548203,São Paulo,Santo Antônio do Pinhal,Santo Antônio do Pinhal - São Paulo,,,,,,,,,,,,,,
3548302,São Paulo,Santo Expedito,Santo Expedito - São Paulo,,,,,,,,,,,,,,
3548401,São Paulo,Santópolis do Aguapeí,Santópolis do Aguapeí - São Paulo,,,,,,,,,,,,,,
3548500,São Paulo,Santos,Santos - São Paulo,,,,,,,,,,,,,,
3548609,São Paulo,São Bento do Sapucaí,São Bento do Sapucaí - São Paulo,,,,,,,,,,,,,,
3548708,São Paulo,São Bernardo do Campo,São Bernardo do Campo - São Paulo,,,,,,,,,,,,,,
3548807,São Paulo,São Caetano do Sul,São Caetano do Sul - São Paulo,,,,,,,,,,,,,,
3548906,São Paulo,São Carlos,São Carlos - São Paulo,,,,,,,,,,,,,,
3549003,São Paulo,São Francisco,São Francisco - São Paulo,,,,,,,,,,,,,,
3549102,São Paulo,São João da Boa Vista,São João da Boa Vista - São Paulo,,,,,,,,,,,,,,
3549201,São Paulo,São João das Duas Pontes,São João das Duas Pontes - São Paulo,,,,,,,,,,,,,,
3549250,São Paulo,São João de Iracema,São João de Iracema - São Paulo,,,,,,,,,,,,,,
3549300,São Paulo,São João do Pau d'Alho,São João do Pau d'Alho - São Paulo,,,,,,,,,,,,,,
3549409,São Paulo,São Joaquim da Barra,São Joaquim da Barra - São Paulo,,,,,,,,,,,,,,
3549508,São Paulo,São José da Bela Vista,São José da Bela Vista - São Paulo,,,,,,,,,,,,,,
3549607,São Paulo,São José do Barreiro,São José do Barreiro - São Paulo,,,,,,,,,,,,,,
3549706,São Paulo,São José do Rio Pardo,São José do Rio Pardo - São Paulo,,,,,,,,,,,,,,
3549805,São Paulo,São José do Rio Preto,São José do Rio Preto - São Paulo,,,,,,,,,,,,,,
3549904,São Paulo,São José dos Campos,São José dos Campos - São Paulo,,,,,,,,,,,,,,
3549953,São Paulo,São Lourenço da Serra,São Lourenço da Serra - São Paulo,,,,,,,,,,,,,,
3550001,São Paulo,São Luiz do Paraitinga,São Luiz do Paraitinga - São Paulo,,,,,,,,,,,,,,
3550100,São Paulo,São Manuel,São Manuel - São Paulo,,,,,,,,,,,,,,
3550209,São Paulo,São Miguel Arcanjo,São Miguel Arcanjo - São Paulo,,,,,,,,,,,,,,
3550308,São Paulo,São Paulo,São Paulo - São Paulo,,,,,,,,,,,,,,
3550407,São Paulo,São Pedro,São Pedro - São Paulo,,,,,,,,,,,,,,
3550506,São Paulo,São Pedro do Turvo,São Pedro do Turvo - São Paulo,,,,,,,,,,,,,,
3550605,São Paulo,São Roque,São Roque - São Paulo,,,,,,,,,,,,,,
3550704,São Paulo,São Sebastião,São Sebastião - São Paulo,,,,,,,,,,,,,,
3550803,São Paulo,São Sebastião da Grama,São Sebastião da Grama - São Paulo,,,,,,,,,,,,,,
3550902,São Paulo,São Simão,São Simão - São Paulo,,,,,,,,,,,,,,
3551009,São Paulo,São Vicente,São Vicente - São Paulo,,,,,,,,,,,,,,
3551108,São Paulo,Sarapuí,Sarapuí - São Paulo,,,,,,,,,,,,,,
3551207,São Paulo,Sarutaiá,Sarutaiá - São Paulo,,,,,,,,,,,,,,
3551306,São Paulo,Sebastianópolis do Sul,Sebastianópolis do Sul - São Paulo,,,,,,,,,,,,,,
3551405,São Paulo,Serra Azul,Serra Azul - São Paulo,,,,,,,,,,,,,,
3551603,São Paulo,Serra Negra,Serra Negra - São Paulo,,,,,,,,,,,,,,
3551504,São Paulo,Serrana,Serrana - São Paulo,,,,,,,,,,,,,,
3551702,São Paulo,Sertãozinho,Sertãozinho - São Paulo,,,,,,,,,,,,,,
3551801,São Paulo,Sete Barras,Sete Barras - São Paulo,,,,,,,,,,,,,,
3551900,São Paulo,Severínia,Severínia - São Paulo,,,,,,,,,,,,,,
3552007,São Paulo,Silveiras,Silveiras - São Paulo,,,,,,,,,,,,,,
3552106,São Paulo,Socorro,Socorro - São Paulo,,,,,,,,,,,,,,
3552205,São Paulo,Sorocaba,Sorocaba - São Paulo,,,,,,,,,,,,,,
3552304,São Paulo,Sud Mennucci,Sud Mennucci - São Paulo,,,,,,,,,,,,,,
3552403,São Paulo,Sumaré,Sumaré - São Paulo,,,,,,,,,,,,,,
3552551,São Paulo,Suzanápolis,Suzanápolis - São Paulo,,,,,,,,,,,,,,
3552502,São Paulo,Suzano,Suzano - São Paulo,,,,,,,,,,,,,,
3552601,São Paulo,Tabapuã,Tabapuã - São Paulo,,,,,,,,,,,,,,
3552700,São Paulo,Tabatinga,Tabatinga - São Paulo,,,,,,,,,,,,,,
3552809,São Paulo,Taboão da Serra,Taboão da Serra - São Paulo,,,,,,,,,,,,,,
3552908,São Paulo,Taciba,Taciba - São Paulo,,,,,,,,,,,,,,
3553005,São Paulo,Taguaí,Taguaí - São Paulo,,,,,,,,,,,,,,
3553104,São Paulo,Taiaçu,Taiaçu - São Paulo,,,,,,,,,,,,,,
3553203,São Paulo,Taiúva,Taiúva - São Paulo,,,,,,,,,,,,,,
3553302,São Paulo,Tambaú,Tambaú - São Paulo,,,,,,,,,,,,,,
3553401,São Paulo,Tanabi,Tanabi - São Paulo,,,,,,,,,,,,,,
3553500,São Paulo,Tapiraí,Tapiraí - São Paulo,,,,,,,,,,,,,,
3553609,São Paulo,Tapiratiba,Tapiratiba - São Paulo,,,,,,,,,,,,,,
3553658,São Paulo,Taquaral,Taquaral - São Paulo,,,,,,,,,,,,,,
3553708,São Paulo,Taquaritinga,Taquaritinga - São Paulo,,,,,,,,,,,,,,
3553807,São Paulo,Taquarituba,Taquarituba - São Paulo,,,,,,,,,,,,,,
3553856,São Paulo,Taquarivaí,Taquarivaí - São Paulo,,,,,,,,,,,,,,
3553906,São Paulo,Tarabai,Tarabai - São Paulo,,,,,,,,,,,,,,
3553955,São Paulo,Tarumã,Tarumã - São Paulo,,,,,,,,,,,,,,
3554003,São Paulo,Tatuí,Tatuí - São Paulo,,,,,,,,,,,,,,
3554102,São Paulo,Taubaté,Taubaté - São Paulo,,,,,,,,,,,,,,
3554201,São Paulo,Tejupá,Tejupá - São Paulo,,,,,,,,,,,,,,
3554300,São Paulo,Teodoro Sampaio,Teodoro Sampaio - São Paulo,,,,,,,,,,,,,,
3554409,São Paulo,Terra Roxa,Terra Roxa - São Paulo,,,,,,,,,,,,,,
3554508,São Paulo,Tietê,Tietê - São Paulo,,,,,,,,,,,,,,
3554607,São Paulo,Timburi,Timburi - São Paulo,,,,,,,,,,,,,,
3554656,São Paulo,Torre de Pedra,Torre de Pedra - São Paulo,,,,,,,,,,,,,,
3554706,São Paulo,Torrinha,Torrinha - São Paulo,,,,,,,,,,,,,,
3554755,São Paulo,Trabiju,Trabiju - São Paulo,,,,,,,,,,,,,,
3554805,São Paulo,Tremembé,Tremembé - São Paulo,,,,,,,,,,,,,,
3554904,São Paulo,Três Fronteiras,Três Fronteiras - São Paulo,,,,,,,,,,,,,,
3554953,São Paulo,Tuiuti,Tuiuti - São Paulo,,,,,,,,,,,,,,
3555000,São Paulo,Tupã,Tupã - São Paulo,,,,,,,,,,,,,,
3555109,São Paulo,Tupi Paulista,Tupi Paulista - São Paulo,,,,,,,,,,,,,,
3555208,São Paulo,Turiúba,Turiúba - São Paulo,,,,,,,,,,,,,,
3555307,São Paulo,Turmalina,Turmalina - São Paulo,,,,,,,,,,,,,,
3555356,São Paulo,Ubarana,Ubarana - São Paulo,,,,,,,,,,,,,,
3555406,São Paulo,Ubatuba,Ubatuba - São Paulo,,,,,,,,,,,,,,
3555505,São Paulo,Ubirajara,Ubirajara - São Paulo,,,,,,,,,,,,,,
3555604,São Paulo,Uchoa,Uchoa - São Paulo,,,,,,,,,,,,,,
3555703,São Paulo,União Paulista,União Paulista - São Paulo,,,,,,,,,,,,,,
3555802,São Paulo,Urânia,Urânia - São Paulo,,,,,,,,,,,,,,
3555901,São Paulo,Uru,Uru - São Paulo,,,,,,,,,,,,,,
3556008,São Paulo,Urupês,Urupês - São Paulo,,,,,,,,,,,,,,
3556107,São Paulo,Valentim Gentil,Valentim Gentil - São Paulo,,,,,,,,,,,,,,
3556206,São Paulo,Valinhos,Valinhos - São Paulo,,,,,,,,,,,,,,
3556305,São Paulo,Valparaíso,Valparaíso - São Paulo,,,,,,,,,,,,,,
3556354,São Paulo,Vargem,Vargem - São Paulo,,,,,,,,,,,,,,
3556404,São Paulo,Vargem Grande do Sul,Vargem Grande do Sul - São Paulo,,,,,,,,,,,,,,
3556453,São Paulo,Vargem Grande Paulista,Vargem Grande Paulista - São Paulo,,,,,,,,,,,,,,
3556503,São Paulo,Várzea Paulista,Várzea Paulista - São Paulo,,,,,,,,,,,,,,
3556602,São Paulo,Vera Cruz,Vera Cruz - São Paulo,,,,,,,,,,,,,,
3556701,São Paulo,Vinhedo,Vinhedo - São Paulo,,,,,,,,,,,,,,
3556800,São Paulo,Viradouro,Viradouro - São Paulo,,,,,,,,,,,,,,
3556909,São Paulo,Vista Alegre do Alto,Vista Alegre do Alto - São Paulo,,,,,,,,,,,,,,
3556958,São Paulo,Vitória Brasil,Vitória Brasil - São Paulo,,,,,,,,,,,,,,
3557006,São Paulo,Votorantim,Votorantim - São Paulo,,,,,,,,,,,,,,
3557105,São Paulo,Votuporanga,Votuporanga - São Paulo,,,,,,,,,,,,,,
3557154,São Paulo,Zacarias,Zacarias - São Paulo,,,,,,,,,,,,,,
4100103,Paraná,Abatiá,Abatiá - Paraná,,,,,,,,,,,,,,
4100202,Paraná,Adrianópolis,Adrianópolis - Paraná,,,,,,,,,,,,,,
4100301,Paraná,Agudos do Sul,Agudos do Sul - Paraná,,,,,,,,,,,,,,
4100400,Paraná,Almirante Tamandaré,Almirante Tamandaré - Paraná,,,,,,,,,,,,,,
4100459,Paraná,Altamira do Paraná,Altamira do Paraná - Paraná,,,,,,,,,,,,,,
4128625,Paraná,Alto Paraíso,Alto Paraíso - Paraná,,,,,,,,,,,,,,
4100608,Paraná,Alto Paraná,Alto Paraná - Paraná,,,,,,,,,,,,,,
4100707,Paraná,Alto Piquiri,Alto Piquiri - Paraná,,,,,,,,,,,,,,
4100509,Paraná,Altônia,Altônia - Paraná,,,,,,,,,,,,,,
4100806,Paraná,Alvorada do Sul,Alvorada do Sul - Paraná,,,,,,,,,,,,,,
4100905,Paraná,Amaporã,Amaporã - Paraná,,,,,,,,,,,,,,
4101002,Paraná,Ampére,Ampére - Paraná,,,,,,,,,,,,,,
4101051,Paraná,Anahy,Anahy - Paraná,,,,,,,,,,,,,,
4101101,Paraná,Andirá,Andirá - Paraná,,,,,,,,,,,,,,
4101150,Paraná,Ângulo,Ângulo - Paraná,,,,,,,,,,,,,,
4101200,Paraná,Antonina,Antonina - Paraná,,,,,,,,,,,,,,
4101309,Paraná,Antônio Olinto,Antônio Olinto - Paraná,,,,,,,,,,,,,,
4101408,Paraná,Apucarana,Apucarana - Paraná,,,,,,,,,,,,,,
4101507,Paraná,Arapongas,Arapongas - Paraná,,,,,,,,,,,,,,
4101606,Paraná,Arapoti,Arapoti - Paraná,,,,,,,,,,,,,,
4101655,Paraná,Arapuã,Arapuã - Paraná,,,,,,,,,,,,,,
4101705,Paraná,Araruna,Araruna - Paraná,,,,,,,,,,,,,,
4101804,Paraná,Araucária,Araucária - Paraná,,,,,,,,,,,,,,
4101853,Paraná,Ariranha do Ivaí,Ariranha do Ivaí - Paraná,,,,,,,,,,,,,,
4101903,Paraná,Assaí,Assaí - Paraná,,,,,,,,,,,,,,
4102000,Paraná,Assis Chateaubriand,Assis Chateaubriand - Paraná,,,,,,,,,,,,,,
4102109,Paraná,Astorga,Astorga - Paraná,,,,,,,,,,,,,,
4102208,Paraná,Atalaia,Atalaia - Paraná,,,,,,,,,,,,,,
4102307,Paraná,Balsa Nova,Balsa Nova - Paraná,,,,,,,,,,,,,,
4102406,Paraná,Bandeirantes,Bandeirantes - Paraná,,,,,,,,,,,,,,
4102505,Paraná,Barbosa Ferraz,Barbosa Ferraz - Paraná,,,,,,,,,,,,,,
4102703,Paraná,Barra do Jacaré,Barra do Jacaré - Paraná,,,,,,,,,,,,,,
4102604,Paraná,Barracão,Barracão - Paraná,,,,,,,,,,,,,,
4102752,Paraná,Bela Vista da Caroba,Bela Vista da Caroba - Paraná,,,,,,,,,,,,,,
4102802,Paraná,Bela Vista do Paraíso,Bela Vista do Paraíso - Paraná,,,,,,,,,,,,,,
4102901,Paraná,Bituruna,Bituruna - Paraná,,,,,,,,,,,,,,
4103008,Paraná,Boa Esperança,Boa Esperança - Paraná,,,,,,,,,,,,,,
4103024,Paraná,Boa Esperança do Iguaçu,Boa Esperança do Iguaçu - Paraná,,,,,,,,,,,,,,
4103040,Paraná,Boa Ventura de São Roque,Boa Ventura de São Roque - Paraná,,,,,,,,,,,,,,
4103057,Paraná,Boa Vista da Aparecida,Boa Vista da Aparecida - Paraná,,,,,,,,,,,,,,
4103107,Paraná,Bocaiúva do Sul,Bocaiúva do Sul - Paraná,,,,,,,,,,,,,,
4103156,Paraná,Bom Jesus do Sul,Bom Jesus do Sul - Paraná,,,,,,,,,,,,,,
4103206,Paraná,Bom Sucesso,Bom Sucesso - Paraná,,,,,,,,,,,,,,
4103222,Paraná,Bom Sucesso do Sul,Bom Sucesso do Sul - Paraná,,,,,,,,,,,,,,
4103305,Paraná,Borrazópolis,Borrazópolis - Paraná,,,,,,,,,,,,,,
4103354,Paraná,Braganey,Braganey - Paraná,,,,,,,,,,,,,,
4103370,Paraná,Brasilândia do Sul,Brasilândia do Sul - Paraná,,,,,,,,,,,,,,
4103404,Paraná,Cafeara,Cafeara - Paraná,,,,,,,,,,,,,,
4103453,Paraná,Cafelândia,Cafelândia - Paraná,,,,,,,,,,,,,,
4103479,Paraná,Cafezal do Sul,Cafezal do Sul - Paraná,,,,,,,,,,,,,,
4103503,Paraná,Califórnia,Califórnia - Paraná,,,,,,,,,,,,,,
4103602,Paraná,Cambará,Cambará - Paraná,,,,,,,,,,,,,,
4103701,Paraná,Cambé,Cambé - Paraná,,,,,,,,,,,,,,
4103800,Paraná,Cambira,Cambira - Paraná,,,,,,,,,,,,,,
4103909,Paraná,Campina da Lagoa,Campina da Lagoa - Paraná,,,,,,,,,,,,,,
4103958,Paraná,Campina do Simão,Campina do Simão - Paraná,,,,,,,,,,,,,,
4104006,Paraná,Campina Grande do Sul,Campina Grande do Sul - Paraná,,,,,,,,,,,,,,
4104055,Paraná,Campo Bonito,Campo Bonito - Paraná,,,,,,,,,,,,,,
4104105,Paraná,Campo do Tenente,Campo do Tenente - Paraná,,,,,,,,,,,,,,
4104204,Paraná,Campo Largo,Campo Largo - Paraná,,,,,,,,,,,,,,
4104253,Paraná,Campo Magro,Campo Magro - Paraná,,,,,,,,,,,,,,
4104303,Paraná,Campo Mourão,Campo Mourão - Paraná,,,,,,,,,,,,,,
4104402,Paraná,Cândido de Abreu,Cândido de Abreu - Paraná,,,,,,,,,,,,,,
4104428,Paraná,Candói,Candói - Paraná,,,,,,,,,,,,,,
4104451,Paraná,Cantagalo,Cantagalo - Paraná,,,,,,,,,,,,,,
4104501,Paraná,Capanema,Capanema - Paraná,,,,,,,,,,,,,,
4104600,Paraná,Capitão Leônidas Marques,Capitão Leônidas Marques - Paraná,,,,,,,,,,,,,,
4104659,Paraná,Carambeí,Carambeí - Paraná,,,,,,,,,,,,,,
4104709,Paraná,Carlópolis,Carlópolis - Paraná,,,,,,,,,,,,,,
4104808,Paraná,Cascavel,Cascavel - Paraná,,,,,,,,,,,,,,
4104907,Paraná,Castro,Castro - Paraná,,,,,,,,,,,,,,
4105003,Paraná,Catanduvas,Catanduvas - Paraná,,,,,,,,,,,,,,
4105102,Paraná,Centenário do Sul,Centenário do Sul - Paraná,,,,,,,,,,,,,,
4105201,Paraná,Cerro Azul,Cerro Azul - Paraná,,,,,,,,,,,,,,
4105300,Paraná,Céu Azul,Céu Azul - Paraná,,,,,,,,,,,,,,
4105409,Paraná,Chopinzinho,Chopinzinho - Paraná,,,,,,,,,,,,,,
4105508,Paraná,Cianorte,Cianorte - Paraná,,,,,,,,,,,,,,
4105607,Paraná,Cidade Gaúcha,Cidade Gaúcha - Paraná,,,,,,,,,,,,,,
4105706,Paraná,Clevelândia,Clevelândia - Paraná,,,,,,,,,,,,,,
4105805,Paraná,Colombo,Colombo - Paraná,,,,,,,,,,,,,,
4105904,Paraná,Colorado,Colorado - Paraná,,,,,,,,,,,,,,
4106001,Paraná,Congonhinhas,Congonhinhas - Paraná,,,,,,,,,,,,,,
4106100,Paraná,Conselheiro Mairinck,Conselheiro Mairinck - Paraná,,,,,,,,,,,,,,
4106209,Paraná,Contenda,Contenda - Paraná,,,,,,,,,,,,,,
4106308,Paraná,Corbélia,Corbélia - Paraná,,,,,,,,,,,,,,
4106407,Paraná,Cornélio Procópio,Cornélio Procópio - Paraná,,,,,,,,,,,,,,
4106456,Paraná,Coronel Domingos Soares,Coronel Domingos Soares - Paraná,,,,,,,,,,,,,,
4106506,Paraná,Coronel Vivida,Coronel Vivida - Paraná,,,,,,,,,,,,,,
4106555,Paraná,Corumbataí do Sul,Corumbataí do Sul - Paraná,,,,,,,,,,,,,,
4106803,Paraná,Cruz Machado,Cruz Machado - Paraná,,,,,,,,,,,,,,
4106571,Paraná,Cruzeiro do Iguaçu,Cruzeiro do Iguaçu - Paraná,,,,,,,,,,,,,,
4106605,Paraná,Cruzeiro do Oeste,Cruzeiro do Oeste - Paraná,,,,,,,,,,,,,,
4106704,Paraná,Cruzeiro do Sul,Cruzeiro do Sul - Paraná,,,,,,,,,,,,,,
4106852,Paraná,Cruzmaltina,Cruzmaltina - Paraná,,,,,,,,,,,,,,
4106902,Paraná,Curitiba,Curitiba - Paraná,,,,,,,,,,,,,,
4107009,Paraná,Curiúva,Curiúva - Paraná,,,,,,,,,,,,,,
4107108,Paraná,Diamante do Norte,Diamante do Norte - Paraná,,,,,,,,,,,,,,
4107124,Paraná,Diamante do Sul,Diamante do Sul - Paraná,,,,,,,,,,,,,,
4107157,Paraná,Diamante D'Oeste,Diamante D'Oeste - Paraná,,,,,,,,,,,,,,
4107207,Paraná,Dois Vizinhos,Dois Vizinhos - Paraná,,,,,,,,,,,,,,
4107256,Paraná,Douradina,Douradina - Paraná,,,,,,,,,,,,,,
4107306,Paraná,Doutor Camargo,Doutor Camargo - Paraná,,,,,,,,,,,,,,
4128633,Paraná,Doutor Ulysses,Doutor Ulysses - Paraná,,,,,,,,,,,,,,
4107405,Paraná,Enéas Marques,Enéas Marques - Paraná,,,,,,,,,,,,,,
4107504,Paraná,Engenheiro Beltrão,Engenheiro Beltrão - Paraná,,,,,,,,,,,,,,
4107538,Paraná,Entre Rios do Oeste,Entre Rios do Oeste - Paraná,,,,,,,,,,,,,,
4107520,Paraná,Esperança Nova,Esperança Nova - Paraná,,,,,,,,,,,,,,
4107546,Paraná,Espigão Alto do Iguaçu,Espigão Alto do Iguaçu - Paraná,,,,,,,,,,,,,,
4107553,Paraná,Farol,Farol - Paraná,,,,,,,,,,,,,,
4107603,Paraná,Faxinal,Faxinal - Paraná,,,,,,,,,,,,,,
4107652,Paraná,Fazenda Rio Grande,Fazenda Rio Grande - Paraná,,,,,,,,,,,,,,
4107702,Paraná,Fênix,Fênix - Paraná,,,,,,,,,,,,,,
4107736,Paraná,Fernandes Pinheiro,Fernandes Pinheiro - Paraná,,,,,,,,,,,,,,
4107751,Paraná,Figueira,Figueira - Paraná,,,,,,,,,,,,,,
4107850,Paraná,Flor da Serra do Sul,Flor da Serra do Sul - Paraná,,,,,,,,,,,,,,
4107801,Paraná,Floraí,Floraí - Paraná,,,,,,,,,,,,,,
4107900,Paraná,Floresta,Floresta - Paraná,,,,,,,,,,,,,,
4108007,Paraná,Florestópolis,Florestópolis - Paraná,,,,,,,,,,,,,,
4108106,Paraná,Flórida,Flórida - Paraná,,,,,,,,,,,,,,
4108205,Paraná,Formosa do Oeste,Formosa do Oeste - Paraná,,,,,,,,,,,,,,
4108304,Paraná,Foz do Iguaçu,Foz do Iguaçu - Paraná,,,,,,,,,,,,,,
4108452,Paraná,Foz do Jordão,Foz do Jordão - Paraná,,,,,,,,,,,,,,
4108320,Paraná,Francisco Alves,Francisco Alves - Paraná,,,,,,,,,,,,,,
4108403,Paraná,Francisco Beltrão,Francisco Beltrão - Paraná,,,,,,,,,,,,,,
4108502,Paraná,General Carneiro,General Carneiro - Paraná,,,,,,,,,,,,,,
4108551,Paraná,Godoy Moreira,Godoy Moreira - Paraná,,,,,,,,,,,,,,
4108601,Paraná,Goioerê,Goioerê - Paraná,,,,,,,,,,,,,,
4108650,Paraná,Goioxim,Goioxim - Paraná,,,,,,,,,,,,,,
4108700,Paraná,Grandes Rios,Grandes Rios - Paraná,,,,,,,,,,,,,,
4108809,Paraná,Guaíra,Guaíra - Paraná,,,,,,,,,,,,,,
4108908,Paraná,Guairaçá,Guairaçá - Paraná,,,,,,,,,,,,,,
4108957,Paraná,Guamiranga,Guamiranga - Paraná,,,,,,,,,,,,,,
4109005,Paraná,Guapirama,Guapirama - Paraná,,,,,,,,,,,,,,
4109104,Paraná,Guaporema,Guaporema - Paraná,,,,,,,,,,,,,,
4109203,Paraná,Guaraci,Guaraci - Paraná,,,,,,,,,,,,,,
4109302,Paraná,Guaraniaçu,Guaraniaçu - Paraná,,,,,,,,,,,,,,
4109401,Paraná,Guarapuava,Guarapuava - Paraná,,,,,,,,,,,,,,
4109500,Paraná,Guaraqueçaba,Guaraqueçaba - Paraná,,,,,,,,,,,,,,
4109609,Paraná,Guaratuba,Guaratuba - Paraná,,,,,,,,,,,,,,
4109658,Paraná,Honório Serpa,Honório Serpa - Paraná,,,,,,,,,,,,,,
4109708,Paraná,Ibaiti,Ibaiti - Paraná,,,,,,,,,,,,,,
4109757,Paraná,Ibema,Ibema - Paraná,,,,,,,,,,,,,,
4109807,Paraná,Ibiporã,Ibiporã - Paraná,,,,,,,,,,,,,,
4109906,Paraná,Icaraíma,Icaraíma - Paraná,,,,,,,,,,,,,,
4110003,Paraná,Iguaraçu,Iguaraçu - Paraná,,,,,,,,,,,,,,
4110052,Paraná,Iguatu,Iguatu - Paraná,,,,,,,,,,,,,,
4110078,Paraná,Imbaú,Imbaú - Paraná,,,,,,,,,,,,,,
4110102,Paraná,Imbituva,Imbituva - Paraná,,,,,,,,,,,,,,
4110201,Paraná,Inácio Martins,Inácio Martins - Paraná,,,,,,,,,,,,,,
4110300,Paraná,Inajá,Inajá - Paraná,,,,,,,,,,,,,,
4110409,Paraná,Indianópolis,Indianópolis - Paraná,,,,,,,,,,,,,,
4110508,Paraná,Ipiranga,Ipiranga - Paraná,,,,,,,,,,,,,,
4110607,Paraná,Iporã,Iporã - Paraná,,,,,,,,,,,,,,
4110656,Paraná,Iracema do Oeste,Iracema do Oeste - Paraná,,,,,,,,,,,,,,
4110706,Paraná,Irati,Irati - Paraná,,,,,,,,,,,,,,
4110805,Paraná,Iretama,Iretama - Paraná,,,,,,,,,,,,,,
4110904,Paraná,Itaguajé,Itaguajé - Paraná,,,,,,,,,,,,,,
4110953,Paraná,Itaipulândia,Itaipulândia - Paraná,,,,,,,,,,,,,,
4111001,Paraná,Itambaracá,Itambaracá - Paraná,,,,,,,,,,,,,,
4111100,Paraná,Itambé,Itambé - Paraná,,,,,,,,,,,,,,
4111209,Paraná,Itapejara d'Oeste,Itapejara d'Oeste - Paraná,,,,,,,,,,,,,,
4111258,Paraná,Itaperuçu,Itaperuçu - Paraná,,,,,,,,,,,,,,
4111308,Paraná,Itaúna do Sul,Itaúna do Sul - Paraná,,,,,,,,,,,,,,
4111407,Paraná,Ivaí,Ivaí - Paraná,,,,,,,,,,,,,,
4111506,Paraná,Ivaiporã,Ivaiporã - Paraná,,,,,,,,,,,,,,
4111555,Paraná,Ivaté,Ivaté - Paraná,,,,,,,,,,,,,,
4111605,Paraná,Ivatuba,Ivatuba - Paraná,,,,,,,,,,,,,,
4111704,Paraná,Jaboti,Jaboti - Paraná,,,,,,,,,,,,,,
4111803,Paraná,Jacarezinho,Jacarezinho - Paraná,,,,,,,,,,,,,,
4111902,Paraná,Jaguapitã,Jaguapitã - Paraná,,,,,,,,,,,,,,
4112009,Paraná,Jaguariaíva,Jaguariaíva - Paraná,,,,,,,,,,,,,,
4112108,Paraná,Jandaia do Sul,Jandaia do Sul - Paraná,,,,,,,,,,,,,,
4112207,Paraná,Janiópolis,Janiópolis - Paraná,,,,,,,,,,,,,,
4112306,Paraná,Japira,Japira - Paraná,,,,,,,,,,,,,,
4112405,Paraná,Japurá,Japurá - Paraná,,,,,,,,,,,,,,
4112504,Paraná,Jardim Alegre,Jardim Alegre - Paraná,,,,,,,,,,,,,,
4112603,Paraná,Jardim Olinda,Jardim Olinda - Paraná,,,,,,,,,,,,,,
4112702,Paraná,Jataizinho,Jataizinho - Paraná,,,,,,,,,,,,,,
4112751,Paraná,Jesuítas,Jesuítas - Paraná,,,,,,,,,,,,,,
4112801,Paraná,Joaquim Távora,Joaquim Távora - Paraná,,,,,,,,,,,,,,
4112900,Paraná,Jundiaí do Sul,Jundiaí do Sul - Paraná,,,,,,,,,,,,,,
4112959,Paraná,Juranda,Juranda - Paraná,,,,,,,,,,,,,,
4113007,Paraná,Jussara,Jussara - Paraná,,,,,,,,,,,,,,
4113106,Paraná,Kaloré,Kaloré - Paraná,,,,,,,,,,,,,,
4113205,Paraná,Lapa,Lapa - Paraná,,,,,,,,,,,,,,
4113254,Paraná,Laranjal,Laranjal - Paraná,,,,,,,,,,,,,,
4113304,Paraná,Laranjeiras do Sul,Laranjeiras do Sul - Paraná,,,,,,,,,,,,,,
4113403,Paraná,Leópolis,Leópolis - Paraná,,,,,,,,,,,,,,
4113429,Paraná,Lidianópolis,Lidianópolis - Paraná,,,,,,,,,,,,,,
4113452,Paraná,Lindoeste,Lindoeste - Paraná,,,,,,,,,,,,,,
4113502,Paraná,Loanda,Loanda - Paraná,,,,,,,,,,,,,,
4113601,Paraná,Lobato,Lobato - Paraná,,,,,,,,,,,,,,
4113700,Paraná,Londrina,Londrina - Paraná,,,,,,,,,,,,,,
4113734,Paraná,Luiziana,Luiziana - Paraná,,,,,,,,,,,,,,
4113759,Paraná,Lunardelli,Lunardelli - Paraná,,,,,,,,,,,,,,
4113809,Paraná,Lupionópolis,Lupionópolis - Paraná,,,,,,,,,,,,,,
4113908,Paraná,Mallet,Mallet - Paraná,,,,,,,,,,,,,,
4114005,Paraná,Mamborê,Mamborê - Paraná,,,,,,,,,,,,,,
4114104,Paraná,Mandaguaçu,Mandaguaçu - Paraná,,,,,,,,,,,,,,
4114203,Paraná,Mandaguari,Mandaguari - Paraná,,,,,,,,,,,,,,
4114302,Paraná,Mandirituba,Mandirituba - Paraná,,,,,,,,,,,,,,
4114351,Paraná,Manfrinópolis,Manfrinópolis - Paraná,,,,,,,,,,,,,,
4114401,Paraná,Mangueirinha,Mangueirinha - Paraná,,,,,,,,,,,,,,
4114500,Paraná,Manoel Ribas,Manoel Ribas - Paraná,,,,,,,,,,,,,,
4114609,Paraná,Marechal Cândido Rondon,Marechal Cândido Rondon - Paraná,,,,,,,,,,,,,,
4114708,Paraná,Maria Helena,Maria Helena - Paraná,,,,,,,,,,,,,,
4114807,Paraná,Marialva,Marialva - Paraná,,,,,,,,,,,,,,
4114906,Paraná,Marilândia do Sul,Marilândia do Sul - Paraná,,,,,,,,,,,,,,
4115002,Paraná,Marilena,Marilena - Paraná,,,,,,,,,,,,,,
4115101,Paraná,Mariluz,Mariluz - Paraná,,,,,,,,,,,,,,
4115200,Paraná,Maringá,Maringá - Paraná,,,,,,,,,,,,,,
4115309,Paraná,Mariópolis,Mariópolis - Paraná,,,,,,,,,,,,,,
4115358,Paraná,Maripá,Maripá - Paraná,,,,,,,,,,,,,,
4115408,Paraná,Marmeleiro,Marmeleiro - Paraná,,,,,,,,,,,,,,
4115457,Paraná,Marquinho,Marquinho - Paraná,,,,,,,,,,,,,,
4115507,Paraná,Marumbi,Marumbi - Paraná,,,,,,,,,,,,,,
4115606,Paraná,Matelândia,Matelândia - Paraná,,,,,,,,,,,,,,
4115705,Paraná,Matinhos,Matinhos - Paraná,,,,,,,,,,,,,,
4115739,Paraná,Mato Rico,Mato Rico - Paraná,,,,,,,,,,,,,,
4115754,Paraná,Mauá da Serra,Mauá da Serra - Paraná,,,,,,,,,,,,,,
4115804,Paraná,Medianeira,Medianeira - Paraná,,,,,,,,,,,,,,
4115853,Paraná,Mercedes,Mercedes - Paraná,,,,,,,,,,,,,,
4115903,Paraná,Mirador,Mirador - Paraná,,,,,,,,,,,,,,
4116000,Paraná,Miraselva,Miraselva - Paraná,,,,,,,,,,,,,,
4116059,Paraná,Missal,Missal - Paraná,,,,,,,,,,,,,,
4116109,Paraná,Moreira Sales,Moreira Sales - Paraná,,,,,,,,,,,,,,
4116208,Paraná,Morretes,Morretes - Paraná,,,,,,,,,,,,,,
4116307,Paraná,Munhoz de Melo,Munhoz de Melo - Paraná,,,,,,,,,,,,,,
4116406,Paraná,Nossa Senhora das Graças,Nossa Senhora das Graças - Paraná,,,,,,,,,,,,,,
4116505,Paraná,Nova Aliança do Ivaí,Nova Aliança do Ivaí - Paraná,,,,,,,,,,,,,,
4116604,Paraná,Nova América da Colina,Nova América da Colina - Paraná,,,,,,,,,,,,,,
4116703,Paraná,Nova Aurora,Nova Aurora - Paraná,,,,,,,,,,,,,,
4116802,Paraná,Nova Cantu,Nova Cantu - Paraná,,,,,,,,,,,,,,
4116901,Paraná,Nova Esperança,Nova Esperança - Paraná,,,,,,,,,,,,,,
4116950,Paraná,Nova Esperança do Sudoeste,Nova Esperança do Sudoeste - Paraná,,,,,,,,,,,,,,
4117008,Paraná,Nova Fátima,Nova Fátima - Paraná,,,,,,,,,,,,,,
4117057,Paraná,Nova Laranjeiras,Nova Laranjeiras - Paraná,,,,,,,,,,,,,,
4117107,Paraná,Nova Londrina,Nova Londrina - Paraná,,,,,,,,,,,,,,
4117206,Paraná,Nova Olímpia,Nova Olímpia - Paraná,,,,,,,,,,,,,,
4117255,Paraná,Nova Prata do Iguaçu,Nova Prata do Iguaçu - Paraná,,,,,,,,,,,,,,
4117214,Paraná,Nova Santa Bárbara,Nova Santa Bárbara - Paraná,,,,,,,,,,,,,,
4117222,Paraná,Nova Santa Rosa,Nova Santa Rosa - Paraná,,,,,,,,,,,,,,
4117271,Paraná,Nova Tebas,Nova Tebas - Paraná,,,,,,,,,,,,,,
4117297,Paraná,Novo Itacolomi,Novo Itacolomi - Paraná,,,,,,,,,,,,,,
4117305,Paraná,Ortigueira,Ortigueira - Paraná,,,,,,,,,,,,,,
4117404,Paraná,Ourizona,Ourizona - Paraná,,,,,,,,,,,,,,
4117453,Paraná,Ouro Verde do Oeste,Ouro Verde do Oeste - Paraná,,,,,,,,,,,,,,
4117503,Paraná,Paiçandu,Paiçandu - Paraná,,,,,,,,,,,,,,
4117602,Paraná,Palmas,Palmas - Paraná,,,,,,,,,,,,,,
4117701,Paraná,Palmeira,Palmeira - Paraná,,,,,,,,,,,,,,
4117800,Paraná,Palmital,Palmital - Paraná,,,,,,,,,,,,,,
4117909,Paraná,Palotina,Palotina - Paraná,,,,,,,,,,,,,,
4118006,Paraná,Paraíso do Norte,Paraíso do Norte - Paraná,,,,,,,,,,,,,,
4118105,Paraná,Paranacity,Paranacity - Paraná,,,,,,,,,,,,,,
4118204,Paraná,Paranaguá,Paranaguá - Paraná,,,,,,,,,,,,,,
4118303,Paraná,Paranapoema,Paranapoema - Paraná,,,,,,,,,,,,,,
4118402,Paraná,Paranavaí,Paranavaí - Paraná,,,,,,,,,,,,,,
4118451,Paraná,Pato Bragado,Pato Bragado - Paraná,,,,,,,,,,,,,,
4118501,Paraná,Pato Branco,Pato Branco - Paraná,,,,,,,,,,,,,,
4118600,Paraná,Paula Freitas,Paula Freitas - Paraná,,,,,,,,,,,,,,
4118709,Paraná,Paulo Frontin,Paulo Frontin - Paraná,,,,,,,,,,,,,,
4118808,Paraná,Peabiru,Peabiru - Paraná,,,,,,,,,,,,,,
4118857,Paraná,Perobal,Perobal - Paraná,,,,,,,,,,,,,,
4118907,Paraná,Pérola,Pérola - Paraná,,,,,,,,,,,,,,
4119004,Paraná,Pérola d'Oeste,Pérola d'Oeste - Paraná,,,,,,,,,,,,,,
4119103,Paraná,Piên,Piên - Paraná,,,,,,,,,,,,,,
4119152,Paraná,Pinhais,Pinhais - Paraná,,,,,,,,,,,,,,
4119251,Paraná,Pinhal de São Bento,Pinhal de São Bento - Paraná,,,,,,,,,,,,,,
4119202,Paraná,Pinhalão,Pinhalão - Paraná,,,,,,,,,,,,,,
4119301,Paraná,Pinhão,Pinhão - Paraná,,,,,,,,,,,,,,
4119400,Paraná,Piraí do Sul,Piraí do Sul - Paraná,,,,,,,,,,,,,,
4119509,Paraná,Piraquara,Piraquara - Paraná,,,,,,,,,,,,,,
4119608,Paraná,Pitanga,Pitanga - Paraná,,,,,,,,,,,,,,
4119657,Paraná,Pitangueiras,Pitangueiras - Paraná,,,,,,,,,,,,,,
4119707,Paraná,Planaltina do Paraná,Planaltina do Paraná - Paraná,,,,,,,,,,,,,,
4119806,Paraná,Planalto,Planalto - Paraná,,,,,,,,,,,,,,
4119905,Paraná,Ponta Grossa,Ponta Grossa - Paraná,,,,,,,,,,,,,,
4119954,Paraná,Pontal do Paraná,Pontal do Paraná - Paraná,,,,,,,,,,,,,,
4120002,Paraná,Porecatu,Porecatu - Paraná,,,,,,,,,,,,,,
4120101,Paraná,Porto Amazonas,Porto Amazonas - Paraná,,,,,,,,,,,,,,
4120150,Paraná,Porto Barreiro,Porto Barreiro - Paraná,,,,,,,,,,,,,,
4120200,Paraná,Porto Rico,Porto Rico - Paraná,,,,,,,,,,,,,,
4120309,Paraná,Porto Vitória,Porto Vitória - Paraná,,,,,,,,,,,,,,
4120333,Paraná,Prado Ferreira,Prado Ferreira - Paraná,,,,,,,,,,,,,,
4120358,Paraná,Pranchita,Pranchita - Paraná,,,,,,,,,,,,,,
4120408,Paraná,Presidente Castelo Branco,Presidente Castelo Branco - Paraná,,,,,,,,,,,,,,
4120507,Paraná,Primeiro de Maio,Primeiro de Maio - Paraná,,,,,,,,,,,,,,
4120606,Paraná,Prudentópolis,Prudentópolis - Paraná,,,,,,,,,,,,,,
4120655,Paraná,Quarto Centenário,Quarto Centenário - Paraná,,,,,,,,,,,,,,
4120705,Paraná,Quatiguá,Quatiguá - Paraná,,,,,,,,,,,,,,
4120804,Paraná,Quatro Barras,Quatro Barras - Paraná,,,,,,,,,,,,,,
4120853,Paraná,Quatro Pontes,Quatro Pontes - Paraná,,,,,,,,,,,,,,
4120903,Paraná,Quedas do Iguaçu,Quedas do Iguaçu - Paraná,,,,,,,,,,,,,,
4121000,Paraná,Querência do Norte,Querência do Norte - Paraná,,,,,,,,,,,,,,
4121109,Paraná,Quinta do Sol,Quinta do Sol - Paraná,,,,,,,,,,,,,,
4121208,Paraná,Quitandinha,Quitandinha - Paraná,,,,,,,,,,,,,,
4121257,Paraná,Ramilândia,Ramilândia - Paraná,,,,,,,,,,,,,,
4121307,Paraná,Rancho Alegre,Rancho Alegre - Paraná,,,,,,,,,,,,,,
4121356,Paraná,Rancho Alegre D'Oeste,Rancho Alegre D'Oeste - Paraná,,,,,,,,,,,,,,
4121406,Paraná,Realeza,Realeza - Paraná,,,,,,,,,,,,,,
4121505,Paraná,Rebouças,Rebouças - Paraná,,,,,,,,,,,,,,
4121604,Paraná,Renascença,Renascença - Paraná,,,,,,,,,,,,,,
4121703,Paraná,Reserva,Reserva - Paraná,,,,,,,,,,,,,,
4121752,Paraná,Reserva do Iguaçu,Reserva do Iguaçu - Paraná,,,,,,,,,,,,,,
4121802,Paraná,Ribeirão Claro,Ribeirão Claro - Paraná,,,,,,,,,,,,,,
4121901,Paraná,Ribeirão do Pinhal,Ribeirão do Pinhal - Paraná,,,,,,,,,,,,,,
4122008,Paraná,Rio Azul,Rio Azul - Paraná,,,,,,,,,,,,,,
4122107,Paraná,Rio Bom,Rio Bom - Paraná,,,,,,,,,,,,,,
4122156,Paraná,Rio Bonito do Iguaçu,Rio Bonito do Iguaçu - Paraná,,,,,,,,,,,,,,
4122172,Paraná,Rio Branco do Ivaí,Rio Branco do Ivaí - Paraná,,,,,,,,,,,,,,
4122206,Paraná,Rio Branco do Sul,Rio Branco do Sul - Paraná,,,,,,,,,,,,,,
4122305,Paraná,Rio Negro,Rio Negro - Paraná,,,,,,,,,,,,,,
4122404,Paraná,Rolândia,Rolândia - Paraná,,,,,,,,,,,,,,
4122503,Paraná,Roncador,Roncador - Paraná,,,,,,,,,,,,,,
4122602,Paraná,Rondon,Rondon - Paraná,,,,,,,,,,,,,,
4122651,Paraná,Rosário do Ivaí,Rosário do Ivaí - Paraná,,,,,,,,,,,,,,
4122701,Paraná,Sabáudia,Sabáudia - Paraná,,,,,,,,,,,,,,
4122800,Paraná,Salgado Filho,Salgado Filho - Paraná,,,,,,,,,,,,,,
4122909,Paraná,Salto do Itararé,Salto do Itararé - Paraná,,,,,,,,,,,,,,
4123006,Paraná,Salto do Lontra,Salto do Lontra - Paraná,,,,,,,,,,,,,,
4123105,Paraná,Santa Amélia,Santa Amélia - Paraná,,,,,,,,,,,,,,
4123204,Paraná,Santa Cecília do Pavão,Santa Cecília do Pavão - Paraná,,,,,,,,,,,,,,
4123303,Paraná,Santa Cruz de Monte Castelo,Santa Cruz de Monte Castelo - Paraná,,,,,,,,,,,,,,
4123402,Paraná,Santa Fé,Santa Fé - Paraná,,,,,,,,,,,,,,
4123501,Paraná,Santa Helena,Santa Helena - Paraná,,,,,,,,,,,,,,
4123600,Paraná,Santa Inês,Santa Inês - Paraná,,,,,,,,,,,,,,
4123709,Paraná,Santa Isabel do Ivaí,Santa Isabel do Ivaí - Paraná,,,,,,,,,,,,,,
4123808,Paraná,Santa Izabel do Oeste,Santa Izabel do Oeste - Paraná,,,,,,,,,,,,,,
4123824,Paraná,Santa Lúcia,Santa Lúcia - Paraná,,,,,,,,,,,,,,
4123857,Paraná,Santa Maria do Oeste,Santa Maria do Oeste - Paraná,,,,,,,,,,,,,,
4123907,Paraná,Santa Mariana,Santa Mariana - Paraná,,,,,,,,,,,,,,
4123956,Paraná,Santa Mônica,Santa Mônica - Paraná,,,,,,,,,,,,,,
4124020,Paraná,Santa Tereza do Oeste,Santa Tereza do Oeste - Paraná,,,,,,,,,,,,,,
4124053,Paraná,Santa Terezinha de Itaipu,Santa Terezinha de Itaipu - Paraná,,,,,,,,,,,,,,
4124004,Paraná,Santana do Itararé,Santana do Itararé - Paraná,,,,,,,,,,,,,,
4124103,Paraná,Santo Antônio da Platina,Santo Antônio da Platina - Paraná,,,,,,,,,,,,,,
4124202,Paraná,Santo Antônio do Caiuá,Santo Antônio do Caiuá - Paraná,,,,,,,,,,,,,,
4124301,Paraná,Santo Antônio do Paraíso,Santo Antônio do Paraíso - Paraná,,,,,,,,,,,,,,
4124400,Paraná,Santo Antônio do Sudoeste,Santo Antônio do Sudoeste - Paraná,,,,,,,,,,,,,,
4124509,Paraná,Santo Inácio,Santo Inácio - Paraná,,,,,,,,,,,,,,
4124608,Paraná,São Carlos do Ivaí,São Carlos do Ivaí - Paraná,,,,,,,,,,,,,,
4124707,Paraná,São Jerônimo da Serra,São Jerônimo da Serra - Paraná,,,,,,,,,,,,,,
4124806,Paraná,São João,São João - Paraná,,,,,,,,,,,,,,
4124905,Paraná,São João do Caiuá,São João do Caiuá - Paraná,,,,,,,,,,,,,,
4125001,Paraná,São João do Ivaí,São João do Ivaí - Paraná,,,,,,,,,,,,,,
4125100,Paraná,São João do Triunfo,São João do Triunfo - Paraná,,,,,,,,,,,,,,
4125308,Paraná,São Jorge do Ivaí,São Jorge do Ivaí - Paraná,,,,,,,,,,,,,,
4125357,Paraná,São Jorge do Patrocínio,São Jorge do Patrocínio - Paraná,,,,,,,,,,,,,,
4125209,Paraná,São Jorge d'Oeste,São Jorge d'Oeste - Paraná,,,,,,,,,,,,,,
4125407,Paraná,São José da Boa Vista,São José da Boa Vista - Paraná,,,,,,,,,,,,,,
4125456,Paraná,São José das Palmeiras,São José das Palmeiras - Paraná,,,,,,,,,,,,,,
4125506,Paraná,São José dos Pinhais,São José dos Pinhais - Paraná,,,,,,,,,,,,,,
4125555,Paraná,São Manoel do Paraná,São Manoel do Paraná - Paraná,,,,,,,,,,,,,,
4125605,Paraná,São Mateus do Sul,São Mateus do Sul - Paraná,,,,,,,,,,,,,,
4125704,Paraná,São Miguel do Iguaçu,São Miguel do Iguaçu - Paraná,,,,,,,,,,,,,,
4125753,Paraná,São Pedro do Iguaçu,São Pedro do Iguaçu - Paraná,,,,,,,,,,,,,,
4125803,Paraná,São Pedro do Ivaí,São Pedro do Ivaí - Paraná,,,,,,,,,,,,,,
4125902,Paraná,São Pedro do Paraná,São Pedro do Paraná - Paraná,,,,,,,,,,,,,,
4126009,Paraná,São Sebastião da Amoreira,São Sebastião da Amoreira - Paraná,,,,,,,,,,,,,,
4126108,Paraná,São Tomé,São Tomé - Paraná,,,,,,,,,,,,,,
4126207,Paraná,Sapopema,Sapopema - Paraná,,,,,,,,,,,,,,
4126256,Paraná,Sarandi,Sarandi - Paraná,,,,,,,,,,,,,,
4126272,Paraná,Saudade do Iguaçu,Saudade do Iguaçu - Paraná,,,,,,,,,,,,,,
4126306,Paraná,Sengés,Sengés - Paraná,,,,,,,,,,,,,,
4126355,Paraná,Serranópolis do Iguaçu,Serranópolis do Iguaçu - Paraná,,,,,,,,,,,,,,
4126405,Paraná,Sertaneja,Sertaneja - Paraná,,,,,,,,,,,,,,
4126504,Paraná,Sertanópolis,Sertanópolis - Paraná,,,,,,,,,,,,,,
4126603,Paraná,Siqueira Campos,Siqueira Campos - Paraná,,,,,,,,,,,,,,
4126652,Paraná,Sulina,Sulina - Paraná,,,,,,,,,,,,,,
4126678,Paraná,Tamarana,Tamarana - Paraná,,,,,,,,,,,,,,
4126702,Paraná,Tamboara,Tamboara - Paraná,,,,,,,,,,,,,,
4126801,Paraná,Tapejara,Tapejara - Paraná,,,,,,,,,,,,,,
4126900,Paraná,Tapira,Tapira - Paraná,,,,,,,,,,,,,,
4127007,Paraná,Teixeira Soares,Teixeira Soares - Paraná,,,,,,,,,,,,,,
4127106,Paraná,Telêmaco Borba,Telêmaco Borba - Paraná,,,,,,,,,,,,,,
4127205,Paraná,Terra Boa,Terra Boa - Paraná,,,,,,,,,,,,,,
4127304,Paraná,Terra Rica,Terra Rica - Paraná,,,,,,,,,,,,,,
4127403,Paraná,Terra Roxa,Terra Roxa - Paraná,,,,,,,,,,,,,,
4127502,Paraná,Tibagi,Tibagi - Paraná,,,,,,,,,,,,,,
4127601,Paraná,Tijucas do Sul,Tijucas do Sul - Paraná,,,,,,,,,,,,,,
4127700,Paraná,Toledo,Toledo - Paraná,,,,,,,,,,,,,,
4127809,Paraná,Tomazina,Tomazina - Paraná,,,,,,,,,,,,,,
4127858,Paraná,Três Barras do Paraná,Três Barras do Paraná - Paraná,,,,,,,,,,,,,,
4127882,Paraná,Tunas do Paraná,Tunas do Paraná - Paraná,,,,,,,,,,,,,,
4127908,Paraná,Tuneiras do Oeste,Tuneiras do Oeste - Paraná,,,,,,,,,,,,,,
4127957,Paraná,Tupãssi,Tupãssi - Paraná,,,,,,,,,,,,,,
4127965,Paraná,Turvo,Turvo - Paraná,,,,,,,,,,,,,,
4128005,Paraná,Ubiratã,Ubiratã - Paraná,,,,,,,,,,,,,,
4128104,Paraná,Umuarama,Umuarama - Paraná,,,,,,,,,,,,,,
4128203,Paraná,União da Vitória,União da Vitória - Paraná,,,,,,,,,,,,,,
4128302,Paraná,Uniflor,Uniflor - Paraná,,,,,,,,,,,,,,
4128401,Paraná,Uraí,Uraí - Paraná,,,,,,,,,,,,,,
4128534,Paraná,Ventania,Ventania - Paraná,,,,,,,,,,,,,,
4128559,Paraná,Vera Cruz do Oeste,Vera Cruz do Oeste - Paraná,,,,,,,,,,,,,,
4128609,Paraná,Verê,Verê - Paraná,,,,,,,,,,,,,,
4128658,Paraná,Virmond,Virmond - Paraná,,,,,,,,,,,,,,
4128708,Paraná,Vitorino,Vitorino - Paraná,,,,,,,,,,,,,,
4128500,Paraná,Wenceslau Braz,Wenceslau Braz - Paraná,,,,,,,,,,,,,,
4128807,Paraná,Xambrê,Xambrê - Paraná,,,,,,,,,,,,,,
4200051,Santa Catarina,Abdon Batista,Abdon Batista - Santa Catarina,,,,,,,,,,,,,,
4200101,Santa Catarina,Abelardo Luz,Abelardo Luz - Santa Catarina,,,,,,,,,,,,,,
4200200,Santa Catarina,Agrolândia,Agrolândia - Santa Catarina,,,,,,,,,,,,,,
4200309,Santa Catarina,Agronômica,Agronômica - Santa Catarina,,,,,,,,,,,,,,
4200408,Santa Catarina,Água Doce,Água Doce - Santa Catarina,,,,,,,,,,,,,,
4200507,Santa Catarina,Águas de Chapecó,Águas de Chapecó - Santa Catarina,,,,,,,,,,,,,,
4200556,Santa Catarina,Águas Frias,Águas Frias - Santa Catarina,,,,,,,,,,,,,,
4200606,Santa Catarina,Águas Mornas,Águas Mornas - Santa Catarina,,,,,,,,,,,,,,
4200705,Santa Catarina,Alfredo Wagner,Alfredo Wagner - Santa Catarina,,,,,,,,,,,,,,
4200754,Santa Catarina,Alto Bela Vista,Alto Bela Vista - Santa Catarina,,,,,,,,,,,,,,
4200804,Santa Catarina,Anchieta,Anchieta - Santa Catarina,,,,,,,,,,,,,,
4200903,Santa Catarina,Angelina,Angelina - Santa Catarina,,,,,,,,,,,,,,
4201000,Santa Catarina,Anita Garibaldi,Anita Garibaldi - Santa Catarina,,,,,,,,,,,,,,
4201109,Santa Catarina,Anitápolis,Anitápolis - Santa Catarina,,,,,,,,,,,,,,
4201208,Santa Catarina,Antônio Carlos,Antônio Carlos - Santa Catarina,,,,,,,,,,,,,,
4201257,Santa Catarina,Apiúna,Apiúna - Santa Catarina,,,,,,,,,,,,,,
4201273,Santa Catarina,Arabutã,Arabutã - Santa Catarina,,,,,,,,,,,,,,
4201307,Santa Catarina,Araquari,Araquari - Santa Catarina,,,,,,,,,,,,,,
4201406,Santa Catarina,Araranguá,Araranguá - Santa Catarina,,,,,,,,,,,,,,
4201505,Santa Catarina,Armazém,Armazém - Santa Catarina,,,,,,,,,,,,,,
4201604,Santa Catarina,Arroio Trinta,Arroio Trinta - Santa Catarina,,,,,,,,,,,,,,
4201653,Santa Catarina,Arvoredo,Arvoredo - Santa Catarina,,,,,,,,,,,,,,
4201703,Santa Catarina,Ascurra,Ascurra - Santa Catarina,,,,,,,,,,,,,,
4201802,Santa Catarina,Atalanta,Atalanta - Santa Catarina,,,,,,,,,,,,,,
4201901,Santa Catarina,Aurora,Aurora - Santa Catarina,,,,,,,,,,,,,,
4201950,Santa Catarina,Balneário Arroio do Silva,Balneário Arroio do Silva - Santa Catarina,,,,,,,,,,,,,,
4202057,Santa Catarina,Balneário Barra do Sul,Balneário Barra do Sul - Santa Catarina,,,,,,,,,,,,,,
4202008,Santa Catarina,Balneário Camboriú,Balneário Camboriú - Santa Catarina,,,,,,,,,,,,,,
4202073,Santa Catarina,Balneário Gaivota,Balneário Gaivota - Santa Catarina,,,,,,,,,,,,,,
4212809,Santa Catarina,Balneário Piçarras,Balneário Piçarras - Santa Catarina,,,,,,,,,,,,,,
4220000,Santa Catarina,Balneário Rincão,Balneário Rincão - Santa Catarina,,,,,,,,,,,,,,
4202081,Santa Catarina,Bandeirante,Bandeirante - Santa Catarina,,,,,,,,,,,,,,
4202099,Santa Catarina,Barra Bonita,Barra Bonita - Santa Catarina,,,,,,,,,,,,,,
4202107,Santa Catarina,Barra Velha,Barra Velha - Santa Catarina,,,,,,,,,,,,,,
4202131,Santa Catarina,Bela Vista do Toldo,Bela Vista do Toldo - Santa Catarina,,,,,,,,,,,,,,
4202156,Santa Catarina,Belmonte,Belmonte - Santa Catarina,,,,,,,,,,,,,,
4202206,Santa Catarina,Benedito Novo,Benedito Novo - Santa Catarina,,,,,,,,,,,,,,
4202305,Santa Catarina,Biguaçu,Biguaçu - Santa Catarina,,,,,,,,,,,,,,
4202404,Santa Catarina,Blumenau,Blumenau - Santa Catarina,,,,,,,,,,,,,,
4202438,Santa Catarina,Bocaina do Sul,Bocaina do Sul - Santa Catarina,,,,,,,,,,,,,,
4202503,Santa Catarina,Bom Jardim da Serra,Bom Jardim da Serra - Santa Catarina,,,,,,,,,,,,,,
4202537,Santa Catarina,Bom Jesus,Bom Jesus - Santa Catarina,,,,,,,,,,,,,,
4202578,Santa Catarina,Bom Jesus do Oeste,Bom Jesus do Oeste - Santa Catarina,,,,,,,,,,,,,,
4202602,Santa Catarina,Bom Retiro,Bom Retiro - Santa Catarina,,,,,,,,,,,,,,
4202453,Santa Catarina,Bombinhas,Bombinhas - Santa Catarina,,,,,,,,,,,,,,
4202701,Santa Catarina,Botuverá,Botuverá - Santa Catarina,,,,,,,,,,,,,,
4202800,Santa Catarina,Braço do Norte,Braço do Norte - Santa Catarina,,,,,,,,,,,,,,
4202859,Santa Catarina,Braço do Trombudo,Braço do Trombudo - Santa Catarina,,,,,,,,,,,,,,
4202875,Santa Catarina,Brunópolis,Brunópolis - Santa Catarina,,,,,,,,,,,,,,
4202909,Santa Catarina,Brusque,Brusque - Santa Catarina,,,,,,,,,,,,,,
4203006,Santa Catarina,Caçador,Caçador - Santa Catarina,,,,,,,,,,,,,,
4203105,Santa Catarina,Caibi,Caibi - Santa Catarina,,,,,,,,,,,,,,
4203154,Santa Catarina,Calmon,Calmon - Santa Catarina,,,,,,,,,,,,,,
4203204,Santa Catarina,Camboriú,Camboriú - Santa Catarina,,,,,,,,,,,,,,
4203303,Santa Catarina,Campo Alegre,Campo Alegre - Santa Catarina,,,,,,,,,,,,,,
4203402,Santa Catarina,Campo Belo do Sul,Campo Belo do Sul - Santa Catarina,,,,,,,,,,,,,,
4203501,Santa Catarina,Campo Erê,Campo Erê - Santa Catarina,,,,,,,,,,,,,,
4203600,Santa Catarina,Campos Novos,Campos Novos - Santa Catarina,,,,,,,,,,,,,,
4203709,Santa Catarina,Canelinha,Canelinha - Santa Catarina,,,,,,,,,,,,,,
4203808,Santa Catarina,Canoinhas,Canoinhas - Santa Catarina,,,,,,,,,,,,,,
4203253,Santa Catarina,Capão Alto,Capão Alto - Santa Catarina,,,,,,,,,,,,,,
4203907,Santa Catarina,Capinzal,Capinzal - Santa Catarina,,,,,,,,,,,,,,
4203956,Santa Catarina,Capivari de Baixo,Capivari de Baixo - Santa Catarina,,,,,,,,,,,,,,
4204004,Santa Catarina,Catanduvas,Catanduvas - Santa Catarina,,,,,,,,,,,,,,
4204103,Santa Catarina,Caxambu do Sul,Caxambu do Sul - Santa Catarina,,,,,,,,,,,,,,
4204152,Santa Catarina,Celso Ramos,Celso Ramos - Santa Catarina,,,,,,,,,,,,,,
4204178,Santa Catarina,Cerro Negro,Cerro Negro - Santa Catarina,,,,,,,,,,,,,,
4204194,Santa Catarina,Chapadão do Lageado,Chapadão do Lageado - Santa Catarina,,,,,,,,,,,,,,
4204202,Santa Catarina,Chapecó,Chapecó - Santa Catarina,,,,,,,,,,,,,,
4204251,Santa Catarina,Cocal do Sul,Cocal do Sul - Santa Catarina,,,,,,,,,,,,,,
4204301,Santa Catarina,Concórdia,Concórdia - Santa Catarina,,,,,,,,,,,,,,
4204350,Santa Catarina,Cordilheira Alta,Cordilheira Alta - Santa Catarina,,,,,,,,,,,,,,
4204400,Santa Catarina,Coronel Freitas,Coronel Freitas - Santa Catarina,,,,,,,,,,,,,,
4204459,Santa Catarina,Coronel Martins,Coronel Martins - Santa Catarina,,,,,,,,,,,,,,
4204558,Santa Catarina,Correia Pinto,Correia Pinto - Santa Catarina,,,,,,,,,,,,,,
4204509,Santa Catarina,Corupá,Corupá - Santa Catarina,,,,,,,,,,,,,,
4204608,Santa Catarina,Criciúma,Criciúma - Santa Catarina,,,,,,,,,,,,,,
4204707,Santa Catarina,Cunha Porã,Cunha Porã - Santa Catarina,,,,,,,,,,,,,,
4204756,Santa Catarina,Cunhataí,Cunhataí - Santa Catarina,,,,,,,,,,,,,,
4204806,Santa Catarina,Curitibanos,Curitibanos - Santa Catarina,,,,,,,,,,,,,,
4204905,Santa Catarina,Descanso,Descanso - Santa Catarina,,,,,,,,,,,,,,
4205001,Santa Catarina,Dionísio Cerqueira,Dionísio Cerqueira - Santa Catarina,,,,,,,,,,,,,,
4205100,Santa Catarina,Dona Emma,Dona Emma - Santa Catarina,,,,,,,,,,,,,,
4205159,Santa Catarina,Doutor Pedrinho,Doutor Pedrinho - Santa Catarina,,,,,,,,,,,,,,
4205175,Santa Catarina,Entre Rios,Entre Rios - Santa Catarina,,,,,,,,,,,,,,
4205191,Santa Catarina,Ermo,Ermo - Santa Catarina,,,,,,,,,,,,,,
4205209,Santa Catarina,Erval Velho,Erval Velho - Santa Catarina,,,,,,,,,,,,,,
4205308,Santa Catarina,Faxinal dos Guedes,Faxinal dos Guedes - Santa Catarina,,,,,,,,,,,,,,
4205357,Santa Catarina,Flor do Sertão,Flor do Sertão - Santa Catarina,,,,,,,,,,,,,,
4205407,Santa Catarina,Florianópolis,Florianópolis - Santa Catarina,,,,,,,,,,,,,,
4205431,Santa Catarina,Formosa do Sul,Formosa do Sul - Santa Catarina,,,,,,,,,,,,,,
4205456,Santa Catarina,Forquilhinha,Forquilhinha - Santa Catarina,,,,,,,,,,,,,,
4205506,Santa Catarina,Fraiburgo,Fraiburgo - Santa Catarina,,,,,,,,,,,,,,
4205555,Santa Catarina,Frei Rogério,Frei Rogério - Santa Catarina,,,,,,,,,,,,,,
4205605,Santa Catarina,Galvão,Galvão - Santa Catarina,,,,,,,,,,,,,,
4205704,Santa Catarina,Garopaba,Garopaba - Santa Catarina,,,,,,,,,,,,,,
4205803,Santa Catarina,Garuva,Garuva - Santa Catarina,,,,,,,,,,,,,,
4205902,Santa Catarina,Gaspar,Gaspar - Santa Catarina,,,,,,,,,,,,,,
4206009,Santa Catarina,Governador Celso Ramos,Governador Celso Ramos - Santa Catarina,,,,,,,,,,,,,,
4206108,Santa Catarina,Grão-Pará,Grão-Pará - Santa Catarina,,,,,,,,,,,,,,
4206207,Santa Catarina,Gravatal,Gravatal - Santa Catarina,,,,,,,,,,,,,,
4206306,Santa Catarina,Guabiruba,Guabiruba - Santa Catarina,,,,,,,,,,,,,,
4206405,Santa Catarina,Guaraciaba,Guaraciaba - Santa Catarina,,,,,,,,,,,,,,
4206504,Santa Catarina,Guaramirim,Guaramirim - Santa Catarina,,,,,,,,,,,,,,
4206603,Santa Catarina,Guarujá do Sul,Guarujá do Sul - Santa Catarina,,,,,,,,,,,,,,
4206652,Santa Catarina,Guatambú,Guatambú - Santa Catarina,,,,,,,,,,,,,,
4206702,Santa Catarina,Herval d'Oeste,Herval d'Oeste - Santa Catarina,,,,,,,,,,,,,,
4206751,Santa Catarina,Ibiam,Ibiam - Santa Catarina,,,,,,,,,,,,,,
4206801,Santa Catarina,Ibicaré,Ibicaré - Santa Catarina,,,,,,,,,,,,,,
4206900,Santa Catarina,Ibirama,Ibirama - Santa Catarina,,,,,,,,,,,,,,
4207007,Santa Catarina,Içara,Içara - Santa Catarina,,,,,,,,,,,,,,
4207106,Santa Catarina,Ilhota,Ilhota - Santa Catarina,,,,,,,,,,,,,,
4207205,Santa Catarina,Imaruí,Imaruí - Santa Catarina,,,,,,,,,,,,,,
4207304,Santa Catarina,Imbituba,Imbituba - Santa Catarina,,,,,,,,,,,,,,
4207403,Santa Catarina,Imbuia,Imbuia - Santa Catarina,,,,,,,,,,,,,,
4207502,Santa Catarina,Indaial,Indaial - Santa Catarina,,,,,,,,,,,,,,
4207577,Santa Catarina,Iomerê,Iomerê - Santa Catarina,,,,,,,,,,,,,,
4207601,Santa Catarina,Ipira,Ipira - Santa Catarina,,,,,,,,,,,,,,
4207650,Santa Catarina,Iporã do Oeste,Iporã do Oeste - Santa Catarina,,,,,,,,,,,,,,
4207684,Santa Catarina,Ipuaçu,Ipuaçu - Santa Catarina,,,,,,,,,,,,,,
4207700,Santa Catarina,Ipumirim,Ipumirim - Santa Catarina,,,,,,,,,,,,,,
4207759,Santa Catarina,Iraceminha,Iraceminha - Santa Catarina,,,,,,,,,,,,,,
4207809,Santa Catarina,Irani,Irani - Santa Catarina,,,,,,,,,,,,,,
4207858,Santa Catarina,Irati,Irati - Santa Catarina,,,,,,,,,,,,,,
4207908,Santa Catarina,Irineópolis,Irineópolis - Santa Catarina,,,,,,,,,,,,,,
4208005,Santa Catarina,Itá,Itá - Santa Catarina,,,,,,,,,,,,,,
4208104,Santa Catarina,Itaiópolis,Itaiópolis - Santa Catarina,,,,,,,,,,,,,,
4208203,Santa Catarina,Itajaí,Itajaí - Santa Catarina,,,,,,,,,,,,,,
4208302,Santa Catarina,Itapema,Itapema - Santa Catarina,,,,,,,,,,,,,,
4208401,Santa Catarina,Itapiranga,Itapiranga - Santa Catarina,,,,,,,,,,,,,,
4208450,Santa Catarina,Itapoá,Itapoá - Santa Catarina,,,,,,,,,,,,,,
4208500,Santa Catarina,Ituporanga,Ituporanga - Santa Catarina,,,,,,,,,,,,,,
4208609,Santa Catarina,Jaborá,Jaborá - Santa Catarina,,,,,,,,,,,,,,
4208708,Santa Catarina,Jacinto Machado,Jacinto Machado - Santa Catarina,,,,,,,,,,,,,,
4208807,Santa Catarina,Jaguaruna,Jaguaruna - Santa Catarina,,,,,,,,,,,,,,
4208906,Santa Catarina,Jaraguá do Sul,Jaraguá do Sul - Santa Catarina,,,,,,,,,,,,,,
4208955,Santa Catarina,Jardinópolis,Jardinópolis - Santa Catarina,,,,,,,,,,,,,,
4209003,Santa Catarina,Joaçaba,Joaçaba - Santa Catarina,,,,,,,,,,,,,,
4209102,Santa Catarina,Joinville,Joinville - Santa Catarina,,,,,,,,,,,,,,
4209151,Santa Catarina,José Boiteux,José Boiteux - Santa Catarina,,,,,,,,,,,,,,
4209177,Santa Catarina,Jupiá,Jupiá - Santa Catarina,,,,,,,,,,,,,,
4209201,Santa Catarina,Lacerdópolis,Lacerdópolis - Santa Catarina,,,,,,,,,,,,,,
4209300,Santa Catarina,Lages,Lages - Santa Catarina,,,,,,,,,,,,,,
4209409,Santa Catarina,Laguna,Laguna - Santa Catarina,,,,,,,,,,,,,,
4209458,Santa Catarina,Lajeado Grande,Lajeado Grande - Santa Catarina,,,,,,,,,,,,,,
4209508,Santa Catarina,Laurentino,Laurentino - Santa Catarina,,,,,,,,,,,,,,
4209607,Santa Catarina,Lauro Müller,Lauro Müller - Santa Catarina,,,,,,,,,,,,,,
4209706,Santa Catarina,Lebon Régis,Lebon Régis - Santa Catarina,,,,,,,,,,,,,,
4209805,Santa Catarina,Leoberto Leal,Leoberto Leal - Santa Catarina,,,,,,,,,,,,,,
4209854,Santa Catarina,Lindóia do Sul,Lindóia do Sul - Santa Catarina,,,,,,,,,,,,,,
4209904,Santa Catarina,Lontras,Lontras - Santa Catarina,,,,,,,,,,,,,,
4210001,Santa Catarina,Luiz Alves,Luiz Alves - Santa Catarina,,,,,,,,,,,,,,
4210035,Santa Catarina,Luzerna,Luzerna - Santa Catarina,,,,,,,,,,,,,,
4210050,Santa Catarina,Macieira,Macieira - Santa Catarina,,,,,,,,,,,,,,
4210100,Santa Catarina,Mafra,Mafra - Santa Catarina,,,,,,,,,,,,,,
4210209,Santa Catarina,Major Gercino,Major Gercino - Santa Catarina,,,,,,,,,,,,,,
4210308,Santa Catarina,Major Vieira,Major Vieira - Santa Catarina,,,,,,,,,,,,,,
4210407,Santa Catarina,Maracajá,Maracajá - Santa Catarina,,,,,,,,,,,,,,
4210506,Santa Catarina,Maravilha,Maravilha - Santa Catarina,,,,,,,,,,,,,,
4210555,Santa Catarina,Marema,Marema - Santa Catarina,,,,,,,,,,,,,,
4210605,Santa Catarina,Massaranduba,Massaranduba - Santa Catarina,,,,,,,,,,,,,,
4210704,Santa Catarina,Matos Costa,Matos Costa - Santa Catarina,,,,,,,,,,,,,,
4210803,Santa Catarina,Meleiro,Meleiro - Santa Catarina,,,,,,,,,,,,,,
4210852,Santa Catarina,Mirim Doce,Mirim Doce - Santa Catarina,,,,,,,,,,,,,,
4210902,Santa Catarina,Modelo,Modelo - Santa Catarina,,,,,,,,,,,,,,
4211009,Santa Catarina,Mondaí,Mondaí - Santa Catarina,,,,,,,,,,,,,,
4211058,Santa Catarina,Monte Carlo,Monte Carlo - Santa Catarina,,,,,,,,,,,,,,
4211108,Santa Catarina,Monte Castelo,Monte Castelo - Santa Catarina,,,,,,,,,,,,,,
4211207,Santa Catarina,Morro da Fumaça,Morro da Fumaça - Santa Catarina,,,,,,,,,,,,,,
4211256,Santa Catarina,Morro Grande,Morro Grande - Santa Catarina,,,,,,,,,,,,,,
4211306,Santa Catarina,Navegantes,Navegantes - Santa Catarina,,,,,,,,,,,,,,
4211405,Santa Catarina,Nova Erechim,Nova Erechim - Santa Catarina,,,,,,,,,,,,,,
4211454,Santa Catarina,Nova Itaberaba,Nova Itaberaba - Santa Catarina,,,,,,,,,,,,,,
4211504,Santa Catarina,Nova Trento,Nova Trento - Santa Catarina,,,,,,,,,,,,,,
4211603,Santa Catarina,Nova Veneza,Nova Veneza - Santa Catarina,,,,,,,,,,,,,,
4211652,Santa Catarina,Novo Horizonte,Novo Horizonte - Santa Catarina,,,,,,,,,,,,,,
4211702,Santa Catarina,Orleans,Orleans - Santa Catarina,,,,,,,,,,,,,,
4211751,Santa Catarina,Otacílio Costa,Otacílio Costa - Santa Catarina,,,,,,,,,,,,,,
4211801,Santa Catarina,Ouro,Ouro - Santa Catarina,,,,,,,,,,,,,,
4211850,Santa Catarina,Ouro Verde,Ouro Verde - Santa Catarina,,,,,,,,,,,,,,
4211876,Santa Catarina,Paial,Paial - Santa Catarina,,,,,,,,,,,,,,
4211892,Santa Catarina,Painel,Painel - Santa Catarina,,,,,,,,,,,,,,
4211900,Santa Catarina,Palhoça,Palhoça - Santa Catarina,,,,,,,,,,,,,,
4212007,Santa Catarina,Palma Sola,Palma Sola - Santa Catarina,,,,,,,,,,,,,,
4212056,Santa Catarina,Palmeira,Palmeira - Santa Catarina,,,,,,,,,,,,,,
4212106,Santa Catarina,Palmitos,Palmitos - Santa Catarina,,,,,,,,,,,,,,
4212205,Santa Catarina,Papanduva,Papanduva - Santa Catarina,,,,,,,,,,,,,,
4212239,Santa Catarina,Paraíso,Paraíso - Santa Catarina,,,,,,,,,,,,,,
4212254,Santa Catarina,Passo de Torres,Passo de Torres - Santa Catarina,,,,,,,,,,,,,,
4212270,Santa Catarina,Passos Maia,Passos Maia - Santa Catarina,,,,,,,,,,,,,,
4212304,Santa Catarina,Paulo Lopes,Paulo Lopes - Santa Catarina,,,,,,,,,,,,,,
4212403,Santa Catarina,Pedras Grandes,Pedras Grandes - Santa Catarina,,,,,,,,,,,,,,
4212502,Santa Catarina,Penha,Penha - Santa Catarina,,,,,,,,,,,,,,
4212601,Santa Catarina,Peritiba,Peritiba - Santa Catarina,,,,,,,,,,,,,,
4212650,Santa Catarina,Pescaria Brava,Pescaria Brava - Santa Catarina,,,,,,,,,,,,,,
4212700,Santa Catarina,Petrolândia,Petrolândia - Santa Catarina,,,,,,,,,,,,,,
4212908,Santa Catarina,Pinhalzinho,Pinhalzinho - Santa Catarina,,,,,,,,,,,,,,
4213005,Santa Catarina,Pinheiro Preto,Pinheiro Preto - Santa Catarina,,,,,,,,,,,,,,
4213104,Santa Catarina,Piratuba,Piratuba - Santa Catarina,,,,,,,,,,,,,,
4213153,Santa Catarina,Planalto Alegre,Planalto Alegre - Santa Catarina,,,,,,,,,,,,,,
4213203,Santa Catarina,Pomerode,Pomerode - Santa Catarina,,,,,,,,,,,,,,
4213302,Santa Catarina,Ponte Alta,Ponte Alta - Santa Catarina,,,,,,,,,,,,,,
4213351,Santa Catarina,Ponte Alta do Norte,Ponte Alta do Norte - Santa Catarina,,,,,,,,,,,,,,
4213401,Santa Catarina,Ponte Serrada,Ponte Serrada - Santa Catarina,,,,,,,,,,,,,,
4213500,Santa Catarina,Porto Belo,Porto Belo - Santa Catarina,,,,,,,,,,,,,,
4213609,Santa Catarina,Porto União,Porto União - Santa Catarina,,,,,,,,,,,,,,
4213708,Santa Catarina,Pouso Redondo,Pouso Redondo - Santa Catarina,,,,,,,,,,,,,,
4213807,Santa Catarina,Praia Grande,Praia Grande - Santa Catarina,,,,,,,,,,,,,,
4213906,Santa Catarina,Presidente Castello Branco,Presidente Castello Branco - Santa Catarina,,,,,,,,,,,,,,
4214003,Santa Catarina,Presidente Getúlio,Presidente Getúlio - Santa Catarina,,,,,,,,,,,,,,
4214102,Santa Catarina,Presidente Nereu,Presidente Nereu - Santa Catarina,,,,,,,,,,,,,,
4214151,Santa Catarina,Princesa,Princesa - Santa Catarina,,,,,,,,,,,,,,
4214201,Santa Catarina,Quilombo,Quilombo - Santa Catarina,,,,,,,,,,,,,,
4214300,Santa Catarina,Rancho Queimado,Rancho Queimado - Santa Catarina,,,,,,,,,,,,,,
4214409,Santa Catarina,Rio das Antas,Rio das Antas - Santa Catarina,,,,,,,,,,,,,,
4214508,Santa Catarina,Rio do Campo,Rio do Campo - Santa Catarina,,,,,,,,,,,,,,
4214607,Santa Catarina,Rio do Oeste,Rio do Oeste - Santa Catarina,,,,,,,,,,,,,,
4214805,Santa Catarina,Rio do Sul,Rio do Sul - Santa Catarina,,,,,,,,,,,,,,
4214706,Santa Catarina,Rio dos Cedros,Rio dos Cedros - Santa Catarina,,,,,,,,,,,,,,
4214904,Santa Catarina,Rio Fortuna,Rio Fortuna - Santa Catarina,,,,,,,,,,,,,,
4215000,Santa Catarina,Rio Negrinho,Rio Negrinho - Santa Catarina,,,,,,,,,,,,,,
4215059,Santa Catarina,Rio Rufino,Rio Rufino - Santa Catarina,,,,,,,,,,,,,,
4215075,Santa Catarina,Riqueza,Riqueza - Santa Catarina,,,,,,,,,,,,,,
4215109,Santa Catarina,Rodeio,Rodeio - Santa Catarina,,,,,,,,,,,,,,
4215208,Santa Catarina,Romelândia,Romelândia - Santa Catarina,,,,,,,,,,,,,,
4215307,Santa Catarina,Salete,Salete - Santa Catarina,,,,,,,,,,,,,,
4215356,Santa Catarina,Saltinho,Saltinho - Santa Catarina,,,,,,,,,,,,,,
4215406,Santa Catarina,Salto Veloso,Salto Veloso - Santa Catarina,,,,,,,,,,,,,,
4215455,Santa Catarina,Sangão,Sangão - Santa Catarina,,,,,,,,,,,,,,
4215505,Santa Catarina,Santa Cecília,Santa Cecília - Santa Catarina,,,,,,,,,,,,,,
4215554,Santa Catarina,Santa Helena,Santa Helena - Santa Catarina,,,,,,,,,,,,,,
4215604,Santa Catarina,Santa Rosa de Lima,Santa Rosa de Lima - Santa Catarina,,,,,,,,,,,,,,
4215653,Santa Catarina,Santa Rosa do Sul,Santa Rosa do Sul - Santa Catarina,,,,,,,,,,,,,,
4215679,Santa Catarina,Santa Terezinha,Santa Terezinha - Santa Catarina,,,,,,,,,,,,,,
4215687,Santa Catarina,Santa Terezinha do Progresso,Santa Terezinha do Progresso - Santa Catarina,,,,,,,,,,,,,,
4215695,Santa Catarina,Santiago do Sul,Santiago do Sul - Santa Catarina,,,,,,,,,,,,,,
4215703,Santa Catarina,Santo Amaro da Imperatriz,Santo Amaro da Imperatriz - Santa Catarina,,,,,,,,,,,,,,
4215802,Santa Catarina,São Bento do Sul,São Bento do Sul - Santa Catarina,,,,,,,,,,,,,,
4215752,Santa Catarina,São Bernardino,São Bernardino - Santa Catarina,,,,,,,,,,,,,,
4215901,Santa Catarina,São Bonifácio,São Bonifácio - Santa Catarina,,,,,,,,,,,,,,
4216008,Santa Catarina,São Carlos,São Carlos - Santa Catarina,,,,,,,,,,,,,,
4216057,Santa Catarina,São Cristóvão do Sul,São Cristóvão do Sul - Santa Catarina,,,,,,,,,,,,,,
4216107,Santa Catarina,São Domingos,São Domingos - Santa Catarina,,,,,,,,,,,,,,
4216206,Santa Catarina,São Francisco do Sul,São Francisco do Sul - Santa Catarina,,,,,,,,,,,,,,
4216305,Santa Catarina,São João Batista,São João Batista - Santa Catarina,,,,,,,,,,,,,,
4216354,Santa Catarina,São João do Itaperiú,São João do Itaperiú - Santa Catarina,,,,,,,,,,,,,,
4216255,Santa Catarina,São João do Oeste,São João do Oeste - Santa Catarina,,,,,,,,,,,,,,
4216404,Santa Catarina,São João do Sul,São João do Sul - Santa Catarina,,,,,,,,,,,,,,
4216503,Santa Catarina,São Joaquim,São Joaquim - Santa Catarina,,,,,,,,,,,,,,
4216602,Santa Catarina,São José,São José - Santa Catarina,,,,,,,,,,,,,,
4216701,Santa Catarina,São José do Cedro,São José do Cedro - Santa Catarina,,,,,,,,,,,,,,
4216800,Santa Catarina,São José do Cerrito,São José do Cerrito - Santa Catarina,,,,,,,,,,,,,,
4216909,Santa Catarina,São Lourenço do Oeste,São Lourenço do Oeste - Santa Catarina,,,,,,,,,,,,,,
4217006,Santa Catarina,São Ludgero,São Ludgero - Santa Catarina,,,,,,,,,,,,,,
4217105,Santa Catarina,São Martinho,São Martinho - Santa Catarina,,,,,,,,,,,,,,
4217154,Santa Catarina,São Miguel da Boa Vista,São Miguel da Boa Vista - Santa Catarina,,,,,,,,,,,,,,
4217204,Santa Catarina,São Miguel do Oeste,São Miguel do Oeste - Santa Catarina,,,,,,,,,,,,,,
4217253,Santa Catarina,São Pedro de Alcântara,São Pedro de Alcântara - Santa Catarina,,,,,,,,,,,,,,
4217303,Santa Catarina,Saudades,Saudades - Santa Catarina,,,,,,,,,,,,,,
4217402,Santa Catarina,Schroeder,Schroeder - Santa Catarina,,,,,,,,,,,,,,
4217501,Santa Catarina,Seara,Seara - Santa Catarina,,,,,,,,,,,,,,
4217550,Santa Catarina,Serra Alta,Serra Alta - Santa Catarina,,,,,,,,,,,,,,
4217600,Santa Catarina,Siderópolis,Siderópolis - Santa Catarina,,,,,,,,,,,,,,
4217709,Santa Catarina,Sombrio,Sombrio - Santa Catarina,,,,,,,,,,,,,,
4217758,Santa Catarina,Sul Brasil,Sul Brasil - Santa Catarina,,,,,,,,,,,,,,
4217808,Santa Catarina,Taió,Taió - Santa Catarina,,,,,,,,,,,,,,
4217907,Santa Catarina,Tangará,Tangará - Santa Catarina,,,,,,,,,,,,,,
4217956,Santa Catarina,Tigrinhos,Tigrinhos - Santa Catarina,,,,,,,,,,,,,,
4218004,Santa Catarina,Tijucas,Tijucas - Santa Catarina,,,,,,,,,,,,,,
4218103,Santa Catarina,Timbé do Sul,Timbé do Sul - Santa Catarina,,,,,,,,,,,,,,
4218202,Santa Catarina,Timbó,Timbó - Santa Catarina,,,,,,,,,,,,,,
4218251,Santa Catarina,Timbó Grande,Timbó Grande - Santa Catarina,,,,,,,,,,,,,,
4218301,Santa Catarina,Três Barras,Três Barras - Santa Catarina,,,,,,,,,,,,,,
4218350,Santa Catarina,Treviso,Treviso - Santa Catarina,,,,,,,,,,,,,,
4218400,Santa Catarina,Treze de Maio,Treze de Maio - Santa Catarina,,,,,,,,,,,,,,
4218509,Santa Catarina,Treze Tílias,Treze Tílias - Santa Catarina,,,,,,,,,,,,,,
4218608,Santa Catarina,Trombudo Central,Trombudo Central - Santa Catarina,,,,,,,,,,,,,,
4218707,Santa Catarina,Tubarão,Tubarão - Santa Catarina,,,,,,,,,,,,,,
4218756,Santa Catarina,Tunápolis,Tunápolis - Santa Catarina,,,,,,,,,,,,,,
4218806,Santa Catarina,Turvo,Turvo - Santa Catarina,,,,,,,,,,,,,,
4218855,Santa Catarina,União do Oeste,União do Oeste - Santa Catarina,,,,,,,,,,,,,,
4218905,Santa Catarina,Urubici,Urubici - Santa Catarina,,,,,,,,,,,,,,
4218954,Santa Catarina,Urupema,Urupema - Santa Catarina,,,,,,,,,,,,,,
4219002,Santa Catarina,Urussanga,Urussanga - Santa Catarina,,,,,,,,,,,,,,
4219101,Santa Catarina,Vargeão,Vargeão - Santa Catarina,,,,,,,,,,,,,,
4219150,Santa Catarina,Vargem,Vargem - Santa Catarina,,,,,,,,,,,,,,
4219176,Santa Catarina,Vargem Bonita,Vargem Bonita - Santa Catarina,,,,,,,,,,,,,,
4219200,Santa Catarina,Vidal Ramos,Vidal Ramos - Santa Catarina,,,,,,,,,,,,,,
4219309,Santa Catarina,Videira,Videira - Santa Catarina,,,,,,,,,,,,,,
4219358,Santa Catarina,Vitor Meireles,Vitor Meireles - Santa Catarina,,,,,,,,,,,,,,
4219408,Santa Catarina,Witmarsum,Witmarsum - Santa Catarina,,,,,,,,,,,,,,
4219507,Santa Catarina,Xanxerê,Xanxerê - Santa Catarina,,,,,,,,,,,,,,
4219606,Santa Catarina,Xavantina,Xavantina - Santa Catarina,,,,,,,,,,,,,,
4219705,Santa Catarina,Xaxim,Xaxim - Santa Catarina,,,,,,,,,,,,,,
4219853,Santa Catarina,Zortéa,Zortéa - Santa Catarina,,,,,,,,,,,,,,
4300034,Rio Grande do Sul,Aceguá,Aceguá - Rio Grande do Sul,,,,,,,,,,,,,,
4300059,Rio Grande do Sul,Água Santa,Água Santa - Rio Grande do Sul,,,,,,,,,,,,,,
4300109,Rio Grande do Sul,Agudo,Agudo - Rio Grande do Sul,,,,,,,,,,,,,,
4300208,Rio Grande do Sul,Ajuricaba,Ajuricaba - Rio Grande do Sul,,,,,,,,,,,,,,
4300307,Rio Grande do Sul,Alecrim,Alecrim - Rio Grande do Sul,,,,,,,,,,,,,,
4300406,Rio Grande do Sul,Alegrete,Alegrete - Rio Grande do Sul,,,,,,,,,,,,,,
4300455,Rio Grande do Sul,Alegria,Alegria - Rio Grande do Sul,,,,,,,,,,,,,,
4300471,Rio Grande do Sul,Almirante Tamandaré do Sul,Almirante Tamandaré do Sul - Rio Grande do Sul,,,,,,,,,,,,,,
4300505,Rio Grande do Sul,Alpestre,Alpestre - Rio Grande do Sul,,,,,,,,,,,,,,
4300554,Rio Grande do Sul,Alto Alegre,Alto Alegre - Rio Grande do Sul,,,,,,,,,,,,,,
4300570,Rio Grande do Sul,Alto Feliz,Alto Feliz - Rio Grande do Sul,,,,,,,,,,,,,,
4300604,Rio Grande do Sul,Alvorada,Alvorada - Rio Grande do Sul,,,,,,,,,,,,,,
4300638,Rio Grande do Sul,Amaral Ferrador,Amaral Ferrador - Rio Grande do Sul,,,,,,,,,,,,,,
4300646,Rio Grande do Sul,Ametista do Sul,Ametista do Sul - Rio Grande do Sul,,,,,,,,,,,,,,
4300661,Rio Grande do Sul,André da Rocha,André da Rocha - Rio Grande do Sul,,,,,,,,,,,,,,
4300703,Rio Grande do Sul,Anta Gorda,Anta Gorda - Rio Grande do Sul,,,,,,,,,,,,,,
4300802,Rio Grande do Sul,Antônio Prado,Antônio Prado - Rio Grande do Sul,,,,,,,,,,,,,,
4300851,Rio Grande do Sul,Arambaré,Arambaré - Rio Grande do Sul,,,,,,,,,,,,,,
4300877,Rio Grande do Sul,Araricá,Araricá - Rio Grande do Sul,,,,,,,,,,,,,,
4300901,Rio Grande do Sul,Aratiba,Aratiba - Rio Grande do Sul,,,,,,,,,,,,,,
4301008,Rio Grande do Sul,Arroio do Meio,Arroio do Meio - Rio Grande do Sul,,,,,,,,,,,,,,
4301073,Rio Grande do Sul,Arroio do Padre,Arroio do Padre - Rio Grande do Sul,,,,,,,,,,,,,,
4301057,Rio Grande do Sul,Arroio do Sal,Arroio do Sal - Rio Grande do Sul,,,,,,,,,,,,,,
4301206,Rio Grande do Sul,Arroio do Tigre,Arroio do Tigre - Rio Grande do Sul,,,,,,,,,,,,,,
4301107,Rio Grande do Sul,Arroio dos Ratos,Arroio dos Ratos - Rio Grande do Sul,,,,,,,,,,,,,,
4301305,Rio Grande do Sul,Arroio Grande,Arroio Grande - Rio Grande do Sul,,,,,,,,,,,,,,
4301404,Rio Grande do Sul,Arvorezinha,Arvorezinha - Rio Grande do Sul,,,,,,,,,,,,,,
4301503,Rio Grande do Sul,Augusto Pestana,Augusto Pestana - Rio Grande do Sul,,,,,,,,,,,,,,
4301552,Rio Grande do Sul,Áurea,Áurea - Rio Grande do Sul,,,,,,,,,,,,,,
4301602,Rio Grande do Sul,Bagé,Bagé - Rio Grande do Sul,,,,,,,,,,,,,,
4301636,Rio Grande do Sul,Balneário Pinhal,Balneário Pinhal - Rio Grande do Sul,,,,,,,,,,,,,,
4301651,Rio Grande do Sul,Barão,Barão - Rio Grande do Sul,,,,,,,,,,,,,,
4301701,Rio Grande do Sul,Barão de Cotegipe,Barão de Cotegipe - Rio Grande do Sul,,,,,,,,,,,,,,
4301750,Rio Grande do Sul,Barão do Triunfo,Barão do Triunfo - Rio Grande do Sul,,,,,,,,,,,,,,
4301859,Rio Grande do Sul,Barra do Guarita,Barra do Guarita - Rio Grande do Sul,,,,,,,,,,,,,,
4301875,Rio Grande do Sul,Barra do Quaraí,Barra do Quaraí - Rio Grande do Sul,,,,,,,,,,,,,,
4301909,Rio Grande do Sul,Barra do Ribeiro,Barra do Ribeiro - Rio Grande do Sul,,,,,,,,,,,,,,
4301925,Rio Grande do Sul,Barra do Rio Azul,Barra do Rio Azul - Rio Grande do Sul,,,,,,,,,,,,,,
4301958,Rio Grande do Sul,Barra Funda,Barra Funda - Rio Grande do Sul,,,,,,,,,,,,,,
4301800,Rio Grande do Sul,Barracão,Barracão - Rio Grande do Sul,,,,,,,,,,,,,,
4302006,Rio Grande do Sul,Barros Cassal,Barros Cassal - Rio Grande do Sul,,,,,,,,,,,,,,
4302055,Rio Grande do Sul,Benjamin Constant do Sul,Benjamin Constant do Sul - Rio Grande do Sul,,,,,,,,,,,,,,
4302105,Rio Grande do Sul,Bento Gonçalves,Bento Gonçalves - Rio Grande do Sul,,,,,,,,,,,,,,
4302154,Rio Grande do Sul,Boa Vista das Missões,Boa Vista das Missões - Rio Grande do Sul,,,,,,,,,,,,,,
4302204,Rio Grande do Sul,Boa Vista do Buricá,Boa Vista do Buricá - Rio Grande do Sul,,,,,,,,,,,,,,
4302220,Rio Grande do Sul,Boa Vista do Cadeado,Boa Vista do Cadeado - Rio Grande do Sul,,,,,,,,,,,,,,
4302238,Rio Grande do Sul,Boa Vista do Incra,Boa Vista do Incra - Rio Grande do Sul,,,,,,,,,,,,,,
4302253,Rio Grande do Sul,Boa Vista do Sul,Boa Vista do Sul - Rio Grande do Sul,,,,,,,,,,,,,,
4302303,Rio Grande do Sul,Bom Jesus,Bom Jesus - Rio Grande do Sul,,,,,,,,,,,,,,
4302352,Rio Grande do Sul,Bom Princípio,Bom Princípio - Rio Grande do Sul,,,,,,,,,,,,,,
4302378,Rio Grande do Sul,Bom Progresso,Bom Progresso - Rio Grande do Sul,,,,,,,,,,,,,,
4302402,Rio Grande do Sul,Bom Retiro do Sul,Bom Retiro do Sul - Rio Grande do Sul,,,,,,,,,,,,,,
4302451,Rio Grande do Sul,Boqueirão do Leão,Boqueirão do Leão - Rio Grande do Sul,,,,,,,,,,,,,,
4302501,Rio Grande do Sul,Bossoroca,Bossoroca - Rio Grande do Sul,,,,,,,,,,,,,,
4302584,Rio Grande do Sul,Bozano,Bozano - Rio Grande do Sul,,,,,,,,,,,,,,
4302600,Rio Grande do Sul,Braga,Braga - Rio Grande do Sul,,,,,,,,,,,,,,
4302659,Rio Grande do Sul,Brochier,Brochier - Rio Grande do Sul,,,,,,,,,,,,,,
4302709,Rio Grande do Sul,Butiá,Butiá - Rio Grande do Sul,,,,,,,,,,,,,,
4302808,Rio Grande do Sul,Caçapava do Sul,Caçapava do Sul - Rio Grande do Sul,,,,,,,,,,,,,,
4302907,Rio Grande do Sul,Cacequi,Cacequi - Rio Grande do Sul,,,,,,,,,,,,,,
4303004,Rio Grande do Sul,Cachoeira do Sul,Cachoeira do Sul - Rio Grande do Sul,,,,,,,,,,,,,,
4303103,Rio Grande do Sul,Cachoeirinha,Cachoeirinha - Rio Grande do Sul,,,,,,,,,,,,,,
4303202,Rio Grande do Sul,Cacique Doble,Cacique Doble - Rio Grande do Sul,,,,,,,,,,,,,,
4303301,Rio Grande do Sul,Caibaté,Caibaté - Rio Grande do Sul,,,,,,,,,,,,,,
4303400,Rio Grande do Sul,Caiçara,Caiçara - Rio Grande do Sul,,,,,,,,,,,,,,
4303509,Rio Grande do Sul,Camaquã,Camaquã - Rio Grande do Sul,,,,,,,,,,,,,,
4303558,Rio Grande do Sul,Camargo,Camargo - Rio Grande do Sul,,,,,,,,,,,,,,
4303608,Rio Grande do Sul,Cambará do Sul,Cambará do Sul - Rio Grande do Sul,,,,,,,,,,,,,,
4303673,Rio Grande do Sul,Campestre da Serra,Campestre da Serra - Rio Grande do Sul,,,,,,,,,,,,,,
4303707,Rio Grande do Sul,Campina das Missões,Campina das Missões - Rio Grande do Sul,,,,,,,,,,,,,,
4303806,Rio Grande do Sul,Campinas do Sul,Campinas do Sul - Rio Grande do Sul,,,,,,,,,,,,,,
4303905,Rio Grande do Sul,Campo Bom,Campo Bom - Rio Grande do Sul,,,,,,,,,,,,,,
4304002,Rio Grande do Sul,Campo Novo,Campo Novo - Rio Grande do Sul,,,,,,,,,,,,,,
4304101,Rio Grande do Sul,Campos Borges,Campos Borges - Rio Grande do Sul,,,,,,,,,,,,,,
4304200,Rio Grande do Sul,Candelária,Candelária - Rio Grande do Sul,,,,,,,,,,,,,,
4304309,Rio Grande do Sul,Cândido Godói,Cândido Godói - Rio Grande do Sul,,,,,,,,,,,,,,
4304358,Rio Grande do Sul,Candiota,Candiota - Rio Grande do Sul,,,,,,,,,,,,,,
4304408,Rio Grande do Sul,Canela,Canela - Rio Grande do Sul,,,,,,,,,,,,,,
4304507,Rio Grande do Sul,Canguçu,Canguçu - Rio Grande do Sul,,,,,,,,,,,,,,
4304606,Rio Grande do Sul,Canoas,Canoas - Rio Grande do Sul,,,,,,,,,,,,,,
4304614,Rio Grande do Sul,Canudos do Vale,Canudos do Vale - Rio Grande do Sul,,,,,,,,,,,,,,
4304622,Rio Grande do Sul,Capão Bonito do Sul,Capão Bonito do Sul - Rio Grande do Sul,,,,,,,,,,,,,,
4304630,Rio Grande do Sul,Capão da Canoa,Capão da Canoa - Rio Grande do Sul,,,,,,,,,,,,,,
4304655,Rio Grande do Sul,Capão do Cipó,Capão do Cipó - Rio Grande do Sul,,,,,,,,,,,,,,
4304663,Rio Grande do Sul,Capão do Leão,Capão do Leão - Rio Grande do Sul,,,,,,,,,,,,,,
4304689,Rio Grande do Sul,Capela de Santana,Capela de Santana - Rio Grande do Sul,,,,,,,,,,,,,,
4304697,Rio Grande do Sul,Capitão,Capitão - Rio Grande do Sul,,,,,,,,,,,,,,
4304671,Rio Grande do Sul,Capivari do Sul,Capivari do Sul - Rio Grande do Sul,,,,,,,,,,,,,,
4304713,Rio Grande do Sul,Caraá,Caraá - Rio Grande do Sul,,,,,,,,,,,,,,
4304705,Rio Grande do Sul,Carazinho,Carazinho - Rio Grande do Sul,,,,,,,,,,,,,,
4304804,Rio Grande do Sul,Carlos Barbosa,Carlos Barbosa - Rio Grande do Sul,,,,,,,,,,,,,,
4304853,Rio Grande do Sul,Carlos Gomes,Carlos Gomes - Rio Grande do Sul,,,,,,,,,,,,,,
4304903,Rio Grande do Sul,Casca,Casca - Rio Grande do Sul,,,,,,,,,,,,,,
4304952,Rio Grande do Sul,Caseiros,Caseiros - Rio Grande do Sul,,,,,,,,,,,,,,
4305009,Rio Grande do Sul,Catuípe,Catuípe - Rio Grande do Sul,,,,,,,,,,,,,,
4305108,Rio Grande do Sul,Caxias do Sul,Caxias do Sul - Rio Grande do Sul,,,,,,,,,,,,,,
4305116,Rio Grande do Sul,Centenário,Centenário - Rio Grande do Sul,,,,,,,,,,,,,,
4305124,Rio Grande do Sul,Cerrito,Cerrito - Rio Grande do Sul,,,,,,,,,,,,,,
4305132,Rio Grande do Sul,Cerro Branco,Cerro Branco - Rio Grande do Sul,,,,,,,,,,,,,,
4305157,Rio Grande do Sul,Cerro Grande,Cerro Grande - Rio Grande do Sul,,,,,,,,,,,,,,
4305173,Rio Grande do Sul,Cerro Grande do Sul,Cerro Grande do Sul - Rio Grande do Sul,,,,,,,,,,,,,,
4305207,Rio Grande do Sul,Cerro Largo,Cerro Largo - Rio Grande do Sul,,,,,,,,,,,,,,
4305306,Rio Grande do Sul,Chapada,Chapada - Rio Grande do Sul,,,,,,,,,,,,,,
4305355,Rio Grande do Sul,Charqueadas,Charqueadas - Rio Grande do Sul,,,,,,,,,,,,,,
4305371,Rio Grande do Sul,Charrua,Charrua - Rio Grande do Sul,,,,,,,,,,,,,,
4305405,Rio Grande do Sul,Chiapetta,Chiapetta - Rio Grande do Sul,,,,,,,,,,,,,,
4305439,Rio Grande do Sul,Chuí,Chuí - Rio Grande do Sul,,,,,,,,,,,,,,
4305447,Rio Grande do Sul,Chuvisca,Chuvisca - Rio Grande do Sul,,,,,,,,,,,,,,
4305454,Rio Grande do Sul,Cidreira,Cidreira - Rio Grande do Sul,,,,,,,,,,,,,,
4305504,Rio Grande do Sul,Ciríaco,Ciríaco - Rio Grande do Sul,,,,,,,,,,,,,,
4305587,Rio Grande do Sul,Colinas,Colinas - Rio Grande do Sul,,,,,,,,,,,,,,
4305603,Rio Grande do Sul,Colorado,Colorado - Rio Grande do Sul,,,,,,,,,,,,,,
4305702,Rio Grande do Sul,Condor,Condor - Rio Grande do Sul,,,,,,,,,,,,,,
4305801,Rio Grande do Sul,Constantina,Constantina - Rio Grande do Sul,,,,,,,,,,,,,,
4305835,Rio Grande do Sul,Coqueiro Baixo,Coqueiro Baixo - Rio Grande do Sul,,,,,,,,,,,,,,
4305850,Rio Grande do Sul,Coqueiros do Sul,Coqueiros do Sul - Rio Grande do Sul,,,,,,,,,,,,,,
4305871,Rio Grande do Sul,Coronel Barros,Coronel Barros - Rio Grande do Sul,,,,,,,,,,,,,,
4305900,Rio Grande do Sul,Coronel Bicaco,Coronel Bicaco - Rio Grande do Sul,,,,,,,,,,,,,,
4305934,Rio Grande do Sul,Coronel Pilar,Coronel Pilar - Rio Grande do Sul,,,,,,,,,,,,,,
4305959,Rio Grande do Sul,Cotiporã,Cotiporã - Rio Grande do Sul,,,,,,,,,,,,,,
4305975,Rio Grande do Sul,Coxilha,Coxilha - Rio Grande do Sul,,,,,,,,,,,,,,
4306007,Rio Grande do Sul,Crissiumal,Crissiumal - Rio Grande do Sul,,,,,,,,,,,,,,
4306056,Rio Grande do Sul,Cristal,Cristal - Rio Grande do Sul,,,,,,,,,,,,,,
4306072,Rio Grande do Sul,Cristal do Sul,Cristal do Sul - Rio Grande do Sul,,,,,,,,,,,,,,
4306106,Rio Grande do Sul,Cruz Alta,Cruz Alta - Rio Grande do Sul,,,,,,,,,,,,,,
4306130,Rio Grande do Sul,Cruzaltense,Cruzaltense - Rio Grande do Sul,,,,,,,,,,,,,,
4306205,Rio Grande do Sul,Cruzeiro do Sul,Cruzeiro do Sul - Rio Grande do Sul,,,,,,,,,,,,,,
4306304,Rio Grande do Sul,David Canabarro,David Canabarro - Rio Grande do Sul,,,,,,,,,,,,,,
4306320,Rio Grande do Sul,Derrubadas,Derrubadas - Rio Grande do Sul,,,,,,,,,,,,,,
4306353,Rio Grande do Sul,Dezesseis de Novembro,Dezesseis de Novembro - Rio Grande do Sul,,,,,,,,,,,,,,
4306379,Rio Grande do Sul,Dilermando de Aguiar,Dilermando de Aguiar - Rio Grande do Sul,,,,,,,,,,,,,,
4306403,Rio Grande do Sul,Dois Irmãos,Dois Irmãos - Rio Grande do Sul,,,,,,,,,,,,,,
4306429,Rio Grande do Sul,Dois Irmãos das Missões,Dois Irmãos das Missões - Rio Grande do Sul,,,,,,,,,,,,,,
4306452,Rio Grande do Sul,Dois Lajeados,Dois Lajeados - Rio Grande do Sul,,,,,,,,,,,,,,
4306502,Rio Grande do Sul,Dom Feliciano,Dom Feliciano - Rio Grande do Sul,,,,,,,,,,,,,,
4306601,Rio Grande do Sul,Dom Pedrito,Dom Pedrito - Rio Grande do Sul,,,,,,,,,,,,,,
4306551,Rio Grande do Sul,Dom Pedro de Alcântara,Dom Pedro de Alcântara - Rio Grande do Sul,,,,,,,,,,,,,,
4306700,Rio Grande do Sul,Dona Francisca,Dona Francisca - Rio Grande do Sul,,,,,,,,,,,,,,
4306734,Rio Grande do Sul,Doutor Maurício Cardoso,Doutor Maurício Cardoso - Rio Grande do Sul,,,,,,,,,,,,,,
4306759,Rio Grande do Sul,Doutor Ricardo,Doutor Ricardo - Rio Grande do Sul,,,,,,,,,,,,,,
4306767,Rio Grande do Sul,Eldorado do Sul,Eldorado do Sul - Rio Grande do Sul,,,,,,,,,,,,,,
4306809,Rio Grande do Sul,Encantado,Encantado - Rio Grande do Sul,,,,,,,,,,,,,,
4306908,Rio Grande do Sul,Encruzilhada do Sul,Encruzilhada do Sul - Rio Grande do Sul,,,,,,,,,,,,,,
4306924,Rio Grande do Sul,Engenho Velho,Engenho Velho - Rio Grande do Sul,,,,,,,,,,,,,,
4306957,Rio Grande do Sul,Entre Rios do Sul,Entre Rios do Sul - Rio Grande do Sul,,,,,,,,,,,,,,
4306932,Rio Grande do Sul,Entre-Ijuís,Entre-Ijuís - Rio Grande do Sul,,,,,,,,,,,,,,
4306973,Rio Grande do Sul,Erebango,Erebango - Rio Grande do Sul,,,,,,,,,,,,,,
4307005,Rio Grande do Sul,Erechim,Erechim - Rio Grande do Sul,,,,,,,,,,,,,,
4307054,Rio Grande do Sul,Ernestina,Ernestina - Rio Grande do Sul,,,,,,,,,,,,,,
4307203,Rio Grande do Sul,Erval Grande,Erval Grande - Rio Grande do Sul,,,,,,,,,,,,,,
4307302,Rio Grande do Sul,Erval Seco,Erval Seco - Rio Grande do Sul,,,,,,,,,,,,,,
4307401,Rio Grande do Sul,Esmeralda,Esmeralda - Rio Grande do Sul,,,,,,,,,,,,,,
4307450,Rio Grande do Sul,Esperança do Sul,Esperança do Sul - Rio Grande do Sul,,,,,,,,,,,,,,
4307500,Rio Grande do Sul,Espumoso,Espumoso - Rio Grande do Sul,,,,,,,,,,,,,,
4307559,Rio Grande do Sul,Estação,Estação - Rio Grande do Sul,,,,,,,,,,,,,,
4307609,Rio Grande do Sul,Estância Velha,Estância Velha - Rio Grande do Sul,,,,,,,,,,,,,,
4307708,Rio Grande do Sul,Esteio,Esteio - Rio Grande do Sul,,,,,,,,,,,,,,
4307807,Rio Grande do Sul,Estrela,Estrela - Rio Grande do Sul,,,,,,,,,,,,,,
4307815,Rio Grande do Sul,Estrela Velha,Estrela Velha - Rio Grande do Sul,,,,,,,,,,,,,,
4307831,Rio Grande do Sul,Eugênio de Castro,Eugênio de Castro - Rio Grande do Sul,,,,,,,,,,,,,,
4307864,Rio Grande do Sul,Fagundes Varela,Fagundes Varela - Rio Grande do Sul,,,,,,,,,,,,,,
4307906,Rio Grande do Sul,Farroupilha,Farroupilha - Rio Grande do Sul,,,,,,,,,,,,,,
4308003,Rio Grande do Sul,Faxinal do Soturno,Faxinal do Soturno - Rio Grande do Sul,,,,,,,,,,,,,,
4308052,Rio Grande do Sul,Faxinalzinho,Faxinalzinho - Rio Grande do Sul,,,,,,,,,,,,,,
4308078,Rio Grande do Sul,Fazenda Vilanova,Fazenda Vilanova - Rio Grande do Sul,,,,,,,,,,,,,,
4308102,Rio Grande do Sul,Feliz,Feliz - Rio Grande do Sul,,,,,,,,,,,,,,
4308201,Rio Grande do Sul,Flores da Cunha,Flores da Cunha - Rio Grande do Sul,,,,,,,,,,,,,,
4308250,Rio Grande do Sul,Floriano Peixoto,Floriano Peixoto - Rio Grande do Sul,,,,,,,,,,,,,,
4308300,Rio Grande do Sul,Fontoura Xavier,Fontoura Xavier - Rio Grande do Sul,,,,,,,,,,,,,,
4308409,Rio Grande do Sul,Formigueiro,Formigueiro - Rio Grande do Sul,,,,,,,,,,,,,,
4308433,Rio Grande do Sul,Forquetinha,Forquetinha - Rio Grande do Sul,,,,,,,,,,,,,,
4308458,Rio Grande do Sul,Fortaleza dos Valos,Fortaleza dos Valos - Rio Grande do Sul,,,,,,,,,,,,,,
4308508,Rio Grande do Sul,Frederico Westphalen,Frederico Westphalen - Rio Grande do Sul,,,,,,,,,,,,,,
4308607,Rio Grande do Sul,Garibaldi,Garibaldi - Rio Grande do Sul,,,,,,,,,,,,,,
4308656,Rio Grande do Sul,Garruchos,Garruchos - Rio Grande do Sul,,,,,,,,,,,,,,
4308706,Rio Grande do Sul,Gaurama,Gaurama - Rio Grande do Sul,,,,,,,,,,,,,,
4308805,Rio Grande do Sul,General Câmara,General Câmara - Rio Grande do Sul,,,,,,,,,,,,,,
4308854,Rio Grande do Sul,Gentil,Gentil - Rio Grande do Sul,,,,,,,,,,,,,,
4308904,Rio Grande do Sul,Getúlio Vargas,Getúlio Vargas - Rio Grande do Sul,,,,,,,,,,,,,,
4309001,Rio Grande do Sul,Giruá,Giruá - Rio Grande do Sul,,,,,,,,,,,,,,
4309050,Rio Grande do Sul,Glorinha,Glorinha - Rio Grande do Sul,,,,,,,,,,,,,,
4309100,Rio Grande do Sul,Gramado,Gramado - Rio Grande do Sul,,,,,,,,,,,,,,
4309126,Rio Grande do Sul,Gramado dos Loureiros,Gramado dos Loureiros - Rio Grande do Sul,,,,,,,,,,,,,,
4309159,Rio Grande do Sul,Gramado Xavier,Gramado Xavier - Rio Grande do Sul,,,,,,,,,,,,,,
4309209,Rio Grande do Sul,Gravataí,Gravataí - Rio Grande do Sul,,,,,,,,,,,,,,
4309258,Rio Grande do Sul,Guabiju,Guabiju - Rio Grande do Sul,,,,,,,,,,,,,,
4309308,Rio Grande do Sul,Guaíba,Guaíba - Rio Grande do Sul,,,,,,,,,,,,,,
4309407,Rio Grande do Sul,Guaporé,Guaporé - Rio Grande do Sul,,,,,,,,,,,,,,
4309506,Rio Grande do Sul,Guarani das Missões,Guarani das Missões - Rio Grande do Sul,,,,,,,,,,,,,,
4309555,Rio Grande do Sul,Harmonia,Harmonia - Rio Grande do Sul,,,,,,,,,,,,,,
4307104,Rio Grande do Sul,Herval,Herval - Rio Grande do Sul,,,,,,,,,,,,,,
4309571,Rio Grande do Sul,Herveiras,Herveiras - Rio Grande do Sul,,,,,,,,,,,,,,
4309605,Rio Grande do Sul,Horizontina,Horizontina - Rio Grande do Sul,,,,,,,,,,,,,,
4309654,Rio Grande do Sul,Hulha Negra,Hulha Negra - Rio Grande do Sul,,,,,,,,,,,,,,
4309704,Rio Grande do Sul,Humaitá,Humaitá - Rio Grande do Sul,,,,,,,,,,,,,,
4309753,Rio Grande do Sul,Ibarama,Ibarama - Rio Grande do Sul,,,,,,,,,,,,,,
4309803,Rio Grande do Sul,Ibiaçá,Ibiaçá - Rio Grande do Sul,,,,,,,,,,,,,,
4309902,Rio Grande do Sul,Ibiraiaras,Ibiraiaras - Rio Grande do Sul,,,,,,,,,,,,,,
4309951,Rio Grande do Sul,Ibirapuitã,Ibirapuitã - Rio Grande do Sul,,,,,,,,,,,,,,
4310009,Rio Grande do Sul,Ibirubá,Ibirubá - Rio Grande do Sul,,,,,,,,,,,,,,
4310108,Rio Grande do Sul,Igrejinha,Igrejinha - Rio Grande do Sul,,,,,,,,,,,,,,
4310207,Rio Grande do Sul,Ijuí,Ijuí - Rio Grande do Sul,,,,,,,,,,,,,,
4310306,Rio Grande do Sul,Ilópolis,Ilópolis - Rio Grande do Sul,,,,,,,,,,,,,,
4310330,Rio Grande do Sul,Imbé,Imbé - Rio Grande do Sul,,,,,,,,,,,,,,
4310363,Rio Grande do Sul,Imigrante,Imigrante - Rio Grande do Sul,,,,,,,,,,,,,,
4310405,Rio Grande do Sul,Independência,Independência - Rio Grande do Sul,,,,,,,,,,,,,,
4310413,Rio Grande do Sul,Inhacorá,Inhacorá - Rio Grande do Sul,,,,,,,,,,,,,,
4310439,Rio Grande do Sul,Ipê,Ipê - Rio Grande do Sul,,,,,,,,,,,,,,
4310462,Rio Grande do Sul,Ipiranga do Sul,Ipiranga do Sul - Rio Grande do Sul,,,,,,,,,,,,,,
4310504,Rio Grande do Sul,Iraí,Iraí - Rio Grande do Sul,,,,,,,,,,,,,,
4310538,Rio Grande do Sul,Itaara,Itaara - Rio Grande do Sul,,,,,,,,,,,,,,
4310553,Rio Grande do Sul,Itacurubi,Itacurubi - Rio Grande do Sul,,,,,,,,,,,,,,
4310579,Rio Grande do Sul,Itapuca,Itapuca - Rio Grande do Sul,,,,,,,,,,,,,,
4310603,Rio Grande do Sul,Itaqui,Itaqui - Rio Grande do Sul,,,,,,,,,,,,,,
4310652,Rio Grande do Sul,Itati,Itati - Rio Grande do Sul,,,,,,,,,,,,,,
4310702,Rio Grande do Sul,Itatiba do Sul,Itatiba do Sul - Rio Grande do Sul,,,,,,,,,,,,,,
4310751,Rio Grande do Sul,Ivorá,Ivorá - Rio Grande do Sul,,,,,,,,,,,,,,
4310801,Rio Grande do Sul,Ivoti,Ivoti - Rio Grande do Sul,,,,,,,,,,,,,,
4310850,Rio Grande do Sul,Jaboticaba,Jaboticaba - Rio Grande do Sul,,,,,,,,,,,,,,
4310876,Rio Grande do Sul,Jacuizinho,Jacuizinho - Rio Grande do Sul,,,,,,,,,,,,,,
4310900,Rio Grande do Sul,Jacutinga,Jacutinga - Rio Grande do Sul,,,,,,,,,,,,,,
4311007,Rio Grande do Sul,Jaguarão,Jaguarão - Rio Grande do Sul,,,,,,,,,,,,,,
4311106,Rio Grande do Sul,Jaguari,Jaguari - Rio Grande do Sul,,,,,,,,,,,,,,
4311122,Rio Grande do Sul,Jaquirana,Jaquirana - Rio Grande do Sul,,,,,,,,,,,,,,
4311130,Rio Grande do Sul,Jari,Jari - Rio Grande do Sul,,,,,,,,,,,,,,
4311155,Rio Grande do Sul,Jóia,Jóia - Rio Grande do Sul,,,,,,,,,,,,,,
4311205,Rio Grande do Sul,Júlio de Castilhos,Júlio de Castilhos - Rio Grande do Sul,,,,,,,,,,,,,,
4311239,Rio Grande do Sul,Lagoa Bonita do Sul,Lagoa Bonita do Sul - Rio Grande do Sul,,,,,,,,,,,,,,
4311270,Rio Grande do Sul,Lagoa dos Três Cantos,Lagoa dos Três Cantos - Rio Grande do Sul,,,,,,,,,,,,,,
4311304,Rio Grande do Sul,Lagoa Vermelha,Lagoa Vermelha - Rio Grande do Sul,,,,,,,,,,,,,,
4311254,Rio Grande do Sul,Lagoão,Lagoão - Rio Grande do Sul,,,,,,,,,,,,,,
4311403,Rio Grande do Sul,Lajeado,Lajeado - Rio Grande do Sul,,,,,,,,,,,,,,
4311429,Rio Grande do Sul,Lajeado do Bugre,Lajeado do Bugre - Rio Grande do Sul,,,,,,,,,,,,,,
4311502,Rio Grande do Sul,Lavras do Sul,Lavras do Sul - Rio Grande do Sul,,,,,,,,,,,,,,
4311601,Rio Grande do Sul,Liberato Salzano,Liberato Salzano - Rio Grande do Sul,,,,,,,,,,,,,,
4311627,Rio Grande do Sul,Lindolfo Collor,Lindolfo Collor - Rio Grande do Sul,,,,,,,,,,,,,,
4311643,Rio Grande do Sul,Linha Nova,Linha Nova - Rio Grande do Sul,,,,,,,,,,,,,,
4311718,Rio Grande do Sul,Maçambará,Maçambará - Rio Grande do Sul,,,,,,,,,,,,,,
4311700,Rio Grande do Sul,Machadinho,Machadinho - Rio Grande do Sul,,,,,,,,,,,,,,
4311734,Rio Grande do Sul,Mampituba,Mampituba - Rio Grande do Sul,,,,,,,,,,,,,,
4311759,Rio Grande do Sul,Manoel Viana,Manoel Viana - Rio Grande do Sul,,,,,,,,,,,,,,
4311775,Rio Grande do Sul,Maquiné,Maquiné - Rio Grande do Sul,,,,,,,,,,,,,,
4311791,Rio Grande do Sul,Maratá,Maratá - Rio Grande do Sul,,,,,,,,,,,,,,
4311809,Rio Grande do Sul,Marau,Marau - Rio Grande do Sul,,,,,,,,,,,,,,
4311908,Rio Grande do Sul,Marcelino Ramos,Marcelino Ramos - Rio Grande do Sul,,,,,,,,,,,,,,
4311981,Rio Grande do Sul,Mariana Pimentel,Mariana Pimentel - Rio Grande do Sul,,,,,,,,,,,,,,
4312005,Rio Grande do Sul,Mariano Moro,Mariano Moro - Rio Grande do Sul,,,,,,,,,,,,,,
4312054,Rio Grande do Sul,Marques de Souza,Marques de Souza - Rio Grande do Sul,,,,,,,,,,,,,,
4312104,Rio Grande do Sul,Mata,Mata - Rio Grande do Sul,,,,,,,,,,,,,,
4312138,Rio Grande do Sul,Mato Castelhano,Mato Castelhano - Rio Grande do Sul,,,,,,,,,,,,,,
4312153,Rio Grande do Sul,Mato Leitão,Mato Leitão - Rio Grande do Sul,,,,,,,,,,,,,,
4312179,Rio Grande do Sul,Mato Queimado,Mato Queimado - Rio Grande do Sul,,,,,,,,,,,,,,
4312203,Rio Grande do Sul,Maximiliano de Almeida,Maximiliano de Almeida - Rio Grande do Sul,,,,,,,,,,,,,,
4312252,Rio Grande do Sul,Minas do Leão,Minas do Leão - Rio Grande do Sul,,,,,,,,,,,,,,
4312302,Rio Grande do Sul,Miraguaí,Miraguaí - Rio Grande do Sul,,,,,,,,,,,,,,
4312351,Rio Grande do Sul,Montauri,Montauri - Rio Grande do Sul,,,,,,,,,,,,,,
4312377,Rio Grande do Sul,Monte Alegre dos Campos,Monte Alegre dos Campos - Rio Grande do Sul,,,,,,,,,,,,,,
4312385,Rio Grande do Sul,Monte Belo do Sul,Monte Belo do Sul - Rio Grande do Sul,,,,,,,,,,,,,,
4312401,Rio Grande do Sul,Montenegro,Montenegro - Rio Grande do Sul,,,,,,,,,,,,,,
4312427,Rio Grande do Sul,Mormaço,Mormaço - Rio Grande do Sul,,,,,,,,,,,,,,
4312443,Rio Grande do Sul,Morrinhos do Sul,Morrinhos do Sul - Rio Grande do Sul,,,,,,,,,,,,,,
4312450,Rio Grande do Sul,Morro Redondo,Morro Redondo - Rio Grande do Sul,,,,,,,,,,,,,,
4312476,Rio Grande do Sul,Morro Reuter,Morro Reuter - Rio Grande do Sul,,,,,,,,,,,,,,
4312500,Rio Grande do Sul,Mostardas,Mostardas - Rio Grande do Sul,,,,,,,,,,,,,,
4312609,Rio Grande do Sul,Muçum,Muçum - Rio Grande do Sul,,,,,,,,,,,,,,
4312617,Rio Grande do Sul,Muitos Capões,Muitos Capões - Rio Grande do Sul,,,,,,,,,,,,,,
4312625,Rio Grande do Sul,Muliterno,Muliterno - Rio Grande do Sul,,,,,,,,,,,,,,
4312658,Rio Grande do Sul,Não-Me-Toque,Não-Me-Toque - Rio Grande do Sul,,,,,,,,,,,,,,
4312674,Rio Grande do Sul,Nicolau Vergueiro,Nicolau Vergueiro - Rio Grande do Sul,,,,,,,,,,,,,,
4312708,Rio Grande do Sul,Nonoai,Nonoai - Rio Grande do Sul,,,,,,,,,,,,,,
4312757,Rio Grande do Sul,Nova Alvorada,Nova Alvorada - Rio Grande do Sul,,,,,,,,,,,,,,
4312807,Rio Grande do Sul,Nova Araçá,Nova Araçá - Rio Grande do Sul,,,,,,,,,,,,,,
4312906,Rio Grande do Sul,Nova Bassano,Nova Bassano - Rio Grande do Sul,,,,,,,,,,,,,,
4312955,Rio Grande do Sul,Nova Boa Vista,Nova Boa Vista - Rio Grande do Sul,,,,,,,,,,,,,,
4313003,Rio Grande do Sul,Nova Bréscia,Nova Bréscia - Rio Grande do Sul,,,,,,,,,,,,,,
4313011,Rio Grande do Sul,Nova Candelária,Nova Candelária - Rio Grande do Sul,,,,,,,,,,,,,,
4313037,Rio Grande do Sul,Nova Esperança do Sul,Nova Esperança do Sul - Rio Grande do Sul,,,,,,,,,,,,,,
4313060,Rio Grande do Sul,Nova Hartz,Nova Hartz - Rio Grande do Sul,,,,,,,,,,,,,,
4313086,Rio Grande do Sul,Nova Pádua,Nova Pádua - Rio Grande do Sul,,,,,,,,,,,,,,
4313102,Rio Grande do Sul,Nova Palma,Nova Palma - Rio Grande do Sul,,,,,,,,,,,,,,
4313201,Rio Grande do Sul,Nova Petrópolis,Nova Petrópolis - Rio Grande do Sul,,,,,,,,,,,,,,
4313300,Rio Grande do Sul,Nova Prata,Nova Prata - Rio Grande do Sul,,,,,,,,,,,,,,
4313334,Rio Grande do Sul,Nova Ramada,Nova Ramada - Rio Grande do Sul,,,,,,,,,,,,,,
4313359,Rio Grande do Sul,Nova Roma do Sul,Nova Roma do Sul - Rio Grande do Sul,,,,,,,,,,,,,,
4313375,Rio Grande do Sul,Nova Santa Rita,Nova Santa Rita - Rio Grande do Sul,,,,,,,,,,,,,,
4313490,Rio Grande do Sul,Novo Barreiro,Novo Barreiro - Rio Grande do Sul,,,,,,,,,,,,,,
4313391,Rio Grande do Sul,Novo Cabrais,Novo Cabrais - Rio Grande do Sul,,,,,,,,,,,,,,
4313409,Rio Grande do Sul,Novo Hamburgo,Novo Hamburgo - Rio Grande do Sul,,,,,,,,,,,,,,
4313425,Rio Grande do Sul,Novo Machado,Novo Machado - Rio Grande do Sul,,,,,,,,,,,,,,
4313441,Rio Grande do Sul,Novo Tiradentes,Novo Tiradentes - Rio Grande do Sul,,,,,,,,,,,,,,
4313466,Rio Grande do Sul,Novo Xingu,Novo Xingu - Rio Grande do Sul,,,,,,,,,,,,,,
4313508,Rio Grande do Sul,Osório,Osório - Rio Grande do Sul,,,,,,,,,,,,,,
4313607,Rio Grande do Sul,Paim Filho,Paim Filho - Rio Grande do Sul,,,,,,,,,,,,,,
4313656,Rio Grande do Sul,Palmares do Sul,Palmares do Sul - Rio Grande do Sul,,,,,,,,,,,,,,
4313706,Rio Grande do Sul,Palmeira das Missões,Palmeira das Missões - Rio Grande do Sul,,,,,,,,,,,,,,
4313805,Rio Grande do Sul,Palmitinho,Palmitinho - Rio Grande do Sul,,,,,,,,,,,,,,
4313904,Rio Grande do Sul,Panambi,Panambi - Rio Grande do Sul,,,,,,,,,,,,,,
4313953,Rio Grande do Sul,Pantano Grande,Pantano Grande - Rio Grande do Sul,,,,,,,,,,,,,,
4314001,Rio Grande do Sul,Paraí,Paraí - Rio Grande do Sul,,,,,,,,,,,,,,
4314027,Rio Grande do Sul,Paraíso do Sul,Paraíso do Sul - Rio Grande do Sul,,,,,,,,,,,,,,
4314035,Rio Grande do Sul,Pareci Novo,Pareci Novo - Rio Grande do Sul,,,,,,,,,,,,,,
4314050,Rio Grande do Sul,Parobé,Parobé - Rio Grande do Sul,,,,,,,,,,,,,,
4314068,Rio Grande do Sul,Passa Sete,Passa Sete - Rio Grande do Sul,,,,,,,,,,,,,,
4314076,Rio Grande do Sul,Passo do Sobrado,Passo do Sobrado - Rio Grande do Sul,,,,,,,,,,,,,,
4314100,Rio Grande do Sul,Passo Fundo,Passo Fundo - Rio Grande do Sul,,,,,,,,,,,,,,
4314134,Rio Grande do Sul,Paulo Bento,Paulo Bento - Rio Grande do Sul,,,,,,,,,,,,,,
4314159,Rio Grande do Sul,Paverama,Paverama - Rio Grande do Sul,,,,,,,,,,,,,,
4314175,Rio Grande do Sul,Pedras Altas,Pedras Altas - Rio Grande do Sul,,,,,,,,,,,,,,
4314209,Rio Grande do Sul,Pedro Osório,Pedro Osório - Rio Grande do Sul,,,,,,,,,,,,,,
4314308,Rio Grande do Sul,Pejuçara,Pejuçara - Rio Grande do Sul,,,,,,,,,,,,,,
4314407,Rio Grande do Sul,Pelotas,Pelotas - Rio Grande do Sul,,,,,,,,,,,,,,
4314423,Rio Grande do Sul,Picada Café,Picada Café - Rio Grande do Sul,,,,,,,,,,,,,,
4314456,Rio Grande do Sul,Pinhal,Pinhal - Rio Grande do Sul,,,,,,,,,,,,,,
4314464,Rio Grande do Sul,Pinhal da Serra,Pinhal da Serra - Rio Grande do Sul,,,,,,,,,,,,,,
4314472,Rio Grande do Sul,Pinhal Grande,Pinhal Grande - Rio Grande do Sul,,,,,,,,,,,,,,
4314498,Rio Grande do Sul,Pinheirinho do Vale,Pinheirinho do Vale - Rio Grande do Sul,,,,,,,,,,,,,,
4314506,Rio Grande do Sul,Pinheiro Machado,Pinheiro Machado - Rio Grande do Sul,,,,,,,,,,,,,,
4314548,Rio Grande do Sul,Pinto Bandeira,Pinto Bandeira - Rio Grande do Sul,,,,,,,,,,,,,,
4314555,Rio Grande do Sul,Pirapó,Pirapó - Rio Grande do Sul,,,,,,,,,,,,,,
4314605,Rio Grande do Sul,Piratini,Piratini - Rio Grande do Sul,,,,,,,,,,,,,,
4314704,Rio Grande do Sul,Planalto,Planalto - Rio Grande do Sul,,,,,,,,,,,,,,
4314753,Rio Grande do Sul,Poço das Antas,Poço das Antas - Rio Grande do Sul,,,,,,,,,,,,,,
4314779,Rio Grande do Sul,Pontão,Pontão - Rio Grande do Sul,,,,,,,,,,,,,,
4314787,Rio Grande do Sul,Ponte Preta,Ponte Preta - Rio Grande do Sul,,,,,,,,,,,,,,
4314803,Rio Grande do Sul,Portão,Portão - Rio Grande do Sul,,,,,,,,,,,,,,
4314902,Rio Grande do Sul,Porto Alegre,Porto Alegre - Rio Grande do Sul,,,,,,,,,,,,,,
4315008,Rio Grande do Sul,Porto Lucena,Porto Lucena - Rio Grande do Sul,,,,,,,,,,,,,,
4315057,Rio Grande do Sul,Porto Mauá,Porto Mauá - Rio Grande do Sul,,,,,,,,,,,,,,
4315073,Rio Grande do Sul,Porto Vera Cruz,Porto Vera Cruz - Rio Grande do Sul,,,,,,,,,,,,,,
4315107,Rio Grande do Sul,Porto Xavier,Porto Xavier - Rio Grande do Sul,,,,,,,,,,,,,,
4315131,Rio Grande do Sul,Pouso Novo,Pouso Novo - Rio Grande do Sul,,,,,,,,,,,,,,
4315149,Rio Grande do Sul,Presidente Lucena,Presidente Lucena - Rio Grande do Sul,,,,,,,,,,,,,,
4315156,Rio Grande do Sul,Progresso,Progresso - Rio Grande do Sul,,,,,,,,,,,,,,
4315172,Rio Grande do Sul,Protásio Alves,Protásio Alves - Rio Grande do Sul,,,,,,,,,,,,,,
4315206,Rio Grande do Sul,Putinga,Putinga - Rio Grande do Sul,,,,,,,,,,,,,,
4315305,Rio Grande do Sul,Quaraí,Quaraí - Rio Grande do Sul,,,,,,,,,,,,,,
4315313,Rio Grande do Sul,Quatro Irmãos,Quatro Irmãos - Rio Grande do Sul,,,,,,,,,,,,,,
4315321,Rio Grande do Sul,Quevedos,Quevedos - Rio Grande do Sul,,,,,,,,,,,,,,
4315354,Rio Grande do Sul,Quinze de Novembro,Quinze de Novembro - Rio Grande do Sul,,,,,,,,,,,,,,
4315404,Rio Grande do Sul,Redentora,Redentora - Rio Grande do Sul,,,,,,,,,,,,,,
4315453,Rio Grande do Sul,Relvado,Relvado - Rio Grande do Sul,,,,,,,,,,,,,,
4315503,Rio Grande do Sul,Restinga Sêca,Restinga Sêca - Rio Grande do Sul,,,,,,,,,,,,,,
4315552,Rio Grande do Sul,Rio dos Índios,Rio dos Índios - Rio Grande do Sul,,,,,,,,,,,,,,
4315602,Rio Grande do Sul,Rio Grande,Rio Grande - Rio Grande do Sul,,,,,,,,,,,,,,
4315701,Rio Grande do Sul,Rio Pardo,Rio Pardo - Rio Grande do Sul,,,,,,,,,,,,,,
4315750,Rio Grande do Sul,Riozinho,Riozinho - Rio Grande do Sul,,,,,,,,,,,,,,
4315800,Rio Grande do Sul,Roca Sales,Roca Sales - Rio Grande do Sul,,,,,,,,,,,,,,
4315909,Rio Grande do Sul,Rodeio Bonito,Rodeio Bonito - Rio Grande do Sul,,,,,,,,,,,,,,
4315958,Rio Grande do Sul,Rolador,Rolador - Rio Grande do Sul,,,,,,,,,,,,,,
4316006,Rio Grande do Sul,Rolante,Rolante - Rio Grande do Sul,,,,,,,,,,,,,,
4316105,Rio Grande do Sul,Ronda Alta,Ronda Alta - Rio Grande do Sul,,,,,,,,,,,,,,
4316204,Rio Grande do Sul,Rondinha,Rondinha - Rio Grande do Sul,,,,,,,,,,,,,,
4316303,Rio Grande do Sul,Roque Gonzales,Roque Gonzales - Rio Grande do Sul,,,,,,,,,,,,,,
4316402,Rio Grande do Sul,Rosário do Sul,Rosário do Sul - Rio Grande do Sul,,,,,,,,,,,,,,
4316428,Rio Grande do Sul,Sagrada Família,Sagrada Família - Rio Grande do Sul,,,,,,,,,,,,,,
4316436,Rio Grande do Sul,Saldanha Marinho,Saldanha Marinho - Rio Grande do Sul,,,,,,,,,,,,,,
4316451,Rio Grande do Sul,Salto do Jacuí,Salto do Jacuí - Rio Grande do Sul,,,,,,,,,,,,,,
4316477,Rio Grande do Sul,Salvador das Missões,Salvador das Missões - Rio Grande do Sul,,,,,,,,,,,,,,
4316501,Rio Grande do Sul,Salvador do Sul,Salvador do Sul - Rio Grande do Sul,,,,,,,,,,,,,,
4316600,Rio Grande do Sul,Sananduva,Sananduva - Rio Grande do Sul,,,,,,,,,,,,,,
4316709,Rio Grande do Sul,Santa Bárbara do Sul,Santa Bárbara do Sul - Rio Grande do Sul,,,,,,,,,,,,,,
4316733,Rio Grande do Sul,Santa Cecília do Sul,Santa Cecília do Sul - Rio Grande do Sul,,,,,,,,,,,,,,
4316758,Rio Grande do Sul,Santa Clara do Sul,Santa Clara do Sul - Rio Grande do Sul,,,,,,,,,,,,,,
4316808,Rio Grande do Sul,Santa Cruz do Sul,Santa Cruz do Sul - Rio Grande do Sul,,,,,,,,,,,,,,
4316972,Rio Grande do Sul,Santa Margarida do Sul,Santa Margarida do Sul - Rio Grande do Sul,,,,,,,,,,,,,,
4316907,Rio Grande do Sul,Santa Maria,Santa Maria - Rio Grande do Sul,,,,,,,,,,,,,,
4316956,Rio Grande do Sul,Santa Maria do Herval,Santa Maria do Herval - Rio Grande do Sul,,,,,,,,,,,,,,
4317202,Rio Grande do Sul,Santa Rosa,Santa Rosa - Rio Grande do Sul,,,,,,,,,,,,,,
4317251,Rio Grande do Sul,Santa Tereza,Santa Tereza - Rio Grande do Sul,,,,,,,,,,,,,,
4317301,Rio Grande do Sul,Santa Vitória do Palmar,Santa Vitória do Palmar - Rio Grande do Sul,,,,,,,,,,,,,,
4317004,Rio Grande do Sul,Santana da Boa Vista,Santana da Boa Vista - Rio Grande do Sul,,,,,,,,,,,,,,
4317103,Rio Grande do Sul,Sant'Ana do Livramento,Sant'Ana do Livramento - Rio Grande do Sul,,,,,,,,,,,,,,
4317400,Rio Grande do Sul,Santiago,Santiago - Rio Grande do Sul,,,,,,,,,,,,,,
4317509,Rio Grande do Sul,Santo Ângelo,Santo Ângelo - Rio Grande do Sul,,,,,,,,,,,,,,
4317608,Rio Grande do Sul,Santo Antônio da Patrulha,Santo Antônio da Patrulha - Rio Grande do Sul,,,,,,,,,,,,,,
4317707,Rio Grande do Sul,Santo Antônio das Missões,Santo Antônio das Missões - Rio Grande do Sul,,,,,,,,,,,,,,
4317558,Rio Grande do Sul,Santo Antônio do Palma,Santo Antônio do Palma - Rio Grande do Sul,,,,,,,,,,,,,,
4317756,Rio Grande do Sul,Santo Antônio do Planalto,Santo Antônio do Planalto - Rio Grande do Sul,,,,,,,,,,,,,,
4317806,Rio Grande do Sul,Santo Augusto,Santo Augusto - Rio Grande do Sul,,,,,,,,,,,,,,
4317905,Rio Grande do Sul,Santo Cristo,Santo Cristo - Rio Grande do Sul,,,,,,,,,,,,,,
4317954,Rio Grande do Sul,Santo Expedito do Sul,Santo Expedito do Sul - Rio Grande do Sul,,,,,,,,,,,,,,
4318002,Rio Grande do Sul,São Borja,São Borja - Rio Grande do Sul,,,,,,,,,,,,,,
4318051,Rio Grande do Sul,São Domingos do Sul,São Domingos do Sul - Rio Grande do Sul,,,,,,,,,,,,,,
4318101,Rio Grande do Sul,São Francisco de Assis,São Francisco de Assis - Rio Grande do Sul,,,,,,,,,,,,,,
4318200,Rio Grande do Sul,São Francisco de Paula,São Francisco de Paula - Rio Grande do Sul,,,,,,,,,,,,,,
4318309,Rio Grande do Sul,São Gabriel,São Gabriel - Rio Grande do Sul,,,,,,,,,,,,,,
4318408,Rio Grande do Sul,São Jerônimo,São Jerônimo - Rio Grande do Sul,,,,,,,,,,,,,,
4318424,Rio Grande do Sul,São João da Urtiga,São João da Urtiga - Rio Grande do Sul,,,,,,,,,,,,,,
4318432,Rio Grande do Sul,São João do Polêsine,São João do Polêsine - Rio Grande do Sul,,,,,,,,,,,,,,
4318440,Rio Grande do Sul,São Jorge,São Jorge - Rio Grande do Sul,,,,,,,,,,,,,,
4318457,Rio Grande do Sul,São José das Missões,São José das Missões - Rio Grande do Sul,,,,,,,,,,,,,,
4318465,Rio Grande do Sul,São José do Herval,São José do Herval - Rio Grande do Sul,,,,,,,,,,,,,,
4318481,Rio Grande do Sul,São José do Hortêncio,São José do Hortêncio - Rio Grande do Sul,,,,,,,,,,,,,,
4318499,Rio Grande do Sul,São José do Inhacorá,São José do Inhacorá - Rio Grande do Sul,,,,,,,,,,,,,,
4318507,Rio Grande do Sul,São José do Norte,São José do Norte - Rio Grande do Sul,,,,,,,,,,,,,,
4318606,Rio Grande do Sul,São José do Ouro,São José do Ouro - Rio Grande do Sul,,,,,,,,,,,,,,
4318614,Rio Grande do Sul,São José do Sul,São José do Sul - Rio Grande do Sul,,,,,,,,,,,,,,
4318622,Rio Grande do Sul,São José dos Ausentes,São José dos Ausentes - Rio Grande do Sul,,,,,,,,,,,,,,
4318705,Rio Grande do Sul,São Leopoldo,São Leopoldo - Rio Grande do Sul,,,,,,,,,,,,,,
4318804,Rio Grande do Sul,São Lourenço do Sul,São Lourenço do Sul - Rio Grande do Sul,,,,,,,,,,,,,,
4318903,Rio Grande do Sul,São Luiz Gonzaga,São Luiz Gonzaga - Rio Grande do Sul,,,,,,,,,,,,,,
4319000,Rio Grande do Sul,São Marcos,São Marcos - Rio Grande do Sul,,,,,,,,,,,,,,
4319109,Rio Grande do Sul,São Martinho,São Martinho - Rio Grande do Sul,,,,,,,,,,,,,,
4319125,Rio Grande do Sul,São Martinho da Serra,São Martinho da Serra - Rio Grande do Sul,,,,,,,,,,,,,,
4319158,Rio Grande do Sul,São Miguel das Missões,São Miguel das Missões - Rio Grande do Sul,,,,,,,,,,,,,,
4319208,Rio Grande do Sul,São Nicolau,São Nicolau - Rio Grande do Sul,,,,,,,,,,,,,,
4319307,Rio Grande do Sul,São Paulo das Missões,São Paulo das Missões - Rio Grande do Sul,,,,,,,,,,,,,,
4319356,Rio Grande do Sul,São Pedro da Serra,São Pedro da Serra - Rio Grande do Sul,,,,,,,,,,,,,,
4319364,Rio Grande do Sul,São Pedro das Missões,São Pedro das Missões - Rio Grande do Sul,,,,,,,,,,,,,,
4319372,Rio Grande do Sul,São Pedro do Butiá,São Pedro do Butiá - Rio Grande do Sul,,,,,,,,,,,,,,
4319406,Rio Grande do Sul,São Pedro do Sul,São Pedro do Sul - Rio Grande do Sul,,,,,,,,,,,,,,
4319505,Rio Grande do Sul,São Sebastião do Caí,São Sebastião do Caí - Rio Grande do Sul,,,,,,,,,,,,,,
4319604,Rio Grande do Sul,São Sepé,São Sepé - Rio Grande do Sul,,,,,,,,,,,,,,
4319703,Rio Grande do Sul,São Valentim,São Valentim - Rio Grande do Sul,,,,,,,,,,,,,,
4319711,Rio Grande do Sul,São Valentim do Sul,São Valentim do Sul - Rio Grande do Sul,,,,,,,,,,,,,,
4319737,Rio Grande do Sul,São Valério do Sul,São Valério do Sul - Rio Grande do Sul,,,,,,,,,,,,,,
4319752,Rio Grande do Sul,São Vendelino,São Vendelino - Rio Grande do Sul,,,,,,,,,,,,,,
4319802,Rio Grande do Sul,São Vicente do Sul,São Vicente do Sul - Rio Grande do Sul,,,,,,,,,,,,,,
4319901,Rio Grande do Sul,Sapiranga,Sapiranga - Rio Grande do Sul,,,,,,,,,,,,,,
4320008,Rio Grande do Sul,Sapucaia do Sul,Sapucaia do Sul - Rio Grande do Sul,,,,,,,,,,,,,,
4320107,Rio Grande do Sul,Sarandi,Sarandi - Rio Grande do Sul,,,,,,,,,,,,,,
4320206,Rio Grande do Sul,Seberi,Seberi - Rio Grande do Sul,,,,,,,,,,,,,,
4320230,Rio Grande do Sul,Sede Nova,Sede Nova - Rio Grande do Sul,,,,,,,,,,,,,,
4320263,Rio Grande do Sul,Segredo,Segredo - Rio Grande do Sul,,,,,,,,,,,,,,
4320305,Rio Grande do Sul,Selbach,Selbach - Rio Grande do Sul,,,,,,,,,,,,,,
4320321,Rio Grande do Sul,Senador Salgado Filho,Senador Salgado Filho - Rio Grande do Sul,,,,,,,,,,,,,,
4320354,Rio Grande do Sul,Sentinela do Sul,Sentinela do Sul - Rio Grande do Sul,,,,,,,,,,,,,,
4320404,Rio Grande do Sul,Serafina Corrêa,Serafina Corrêa - Rio Grande do Sul,,,,,,,,,,,,,,
4320453,Rio Grande do Sul,Sério,Sério - Rio Grande do Sul,,,,,,,,,,,,,,
4320503,Rio Grande do Sul,Sertão,Sertão - Rio Grande do Sul,,,,,,,,,,,,,,
4320552,Rio Grande do Sul,Sertão Santana,Sertão Santana - Rio Grande do Sul,,,,,,,,,,,,,,
4320578,Rio Grande do Sul,Sete de Setembro,Sete de Setembro - Rio Grande do Sul,,,,,,,,,,,,,,
4320602,Rio Grande do Sul,Severiano de Almeida,Severiano de Almeida - Rio Grande do Sul,,,,,,,,,,,,,,
4320651,Rio Grande do Sul,Silveira Martins,Silveira Martins - Rio Grande do Sul,,,,,,,,,,,,,,
4320677,Rio Grande do Sul,Sinimbu,Sinimbu - Rio Grande do Sul,,,,,,,,,,,,,,
4320701,Rio Grande do Sul,Sobradinho,Sobradinho - Rio Grande do Sul,,,,,,,,,,,,,,
4320800,Rio Grande do Sul,Soledade,Soledade - Rio Grande do Sul,,,,,,,,,,,,,,
4320859,Rio Grande do Sul,Tabaí,Tabaí - Rio Grande do Sul,,,,,,,,,,,,,,
4320909,Rio Grande do Sul,Tapejara,Tapejara - Rio Grande do Sul,,,,,,,,,,,,,,
4321006,Rio Grande do Sul,Tapera,Tapera - Rio Grande do Sul,,,,,,,,,,,,,,
4321105,Rio Grande do Sul,Tapes,Tapes - Rio Grande do Sul,,,,,,,,,,,,,,
4321204,Rio Grande do Sul,Taquara,Taquara - Rio Grande do Sul,,,,,,,,,,,,,,
4321303,Rio Grande do Sul,Taquari,Taquari - Rio Grande do Sul,,,,,,,,,,,,,,
4321329,Rio Grande do Sul,Taquaruçu do Sul,Taquaruçu do Sul - Rio Grande do Sul,,,,,,,,,,,,,,
4321352,Rio Grande do Sul,Tavares,Tavares - Rio Grande do Sul,,,,,,,,,,,,,,
4321402,Rio Grande do Sul,Tenente Portela,Tenente Portela - Rio Grande do Sul,,,,,,,,,,,,,,
4321436,Rio Grande do Sul,Terra de Areia,Terra de Areia - Rio Grande do Sul,,,,,,,,,,,,,,
4321451,Rio Grande do Sul,Teutônia,Teutônia - Rio Grande do Sul,,,,,,,,,,,,,,
4321469,Rio Grande do Sul,Tio Hugo,Tio Hugo - Rio Grande do Sul,,,,,,,,,,,,,,
4321477,Rio Grande do Sul,Tiradentes do Sul,Tiradentes do Sul - Rio Grande do Sul,,,,,,,,,,,,,,
4321493,Rio Grande do Sul,Toropi,Toropi - Rio Grande do Sul,,,,,,,,,,,,,,
4321501,Rio Grande do Sul,Torres,Torres - Rio Grande do Sul,,,,,,,,,,,,,,
4321600,Rio Grande do Sul,Tramandaí,Tramandaí - Rio Grande do Sul,,,,,,,,,,,,,,
4321626,Rio Grande do Sul,Travesseiro,Travesseiro - Rio Grande do Sul,,,,,,,,,,,,,,
4321634,Rio Grande do Sul,Três Arroios,Três Arroios - Rio Grande do Sul,,,,,,,,,,,,,,
4321667,Rio Grande do Sul,Três Cachoeiras,Três Cachoeiras - Rio Grande do Sul,,,,,,,,,,,,,,
4321709,Rio Grande do Sul,Três Coroas,Três Coroas - Rio Grande do Sul,,,,,,,,,,,,,,
4321808,Rio Grande do Sul,Três de Maio,Três de Maio - Rio Grande do Sul,,,,,,,,,,,,,,
4321832,Rio Grande do Sul,Três Forquilhas,Três Forquilhas - Rio Grande do Sul,,,,,,,,,,,,,,
4321857,Rio Grande do Sul,Três Palmeiras,Três Palmeiras - Rio Grande do Sul,,,,,,,,,,,,,,
4321907,Rio Grande do Sul,Três Passos,Três Passos - Rio Grande do Sul,,,,,,,,,,,,,,
4321956,Rio Grande do Sul,Trindade do Sul,Trindade do Sul - Rio Grande do Sul,,,,,,,,,,,,,,
4322004,Rio Grande do Sul,Triunfo,Triunfo - Rio Grande do Sul,,,,,,,,,,,,,,
4322103,Rio Grande do Sul,Tucunduva,Tucunduva - Rio Grande do Sul,,,,,,,,,,,,,,
4322152,Rio Grande do Sul,Tunas,Tunas - Rio Grande do Sul,,,,,,,,,,,,,,
4322186,Rio Grande do Sul,Tupanci do Sul,Tupanci do Sul - Rio Grande do Sul,,,,,,,,,,,,,,
4322202,Rio Grande do Sul,Tupanciretã,Tupanciretã - Rio Grande do Sul,,,,,,,,,,,,,,
4322251,Rio Grande do Sul,Tupandi,Tupandi - Rio Grande do Sul,,,,,,,,,,,,,,
4322301,Rio Grande do Sul,Tuparendi,Tuparendi - Rio Grande do Sul,,,,,,,,,,,,,,
4322327,Rio Grande do Sul,Turuçu,Turuçu - Rio Grande do Sul,,,,,,,,,,,,,,
4322343,Rio Grande do Sul,Ubiretama,Ubiretama - Rio Grande do Sul,,,,,,,,,,,,,,
4322350,Rio Grande do Sul,União da Serra,União da Serra - Rio Grande do Sul,,,,,,,,,,,,,,
4322376,Rio Grande do Sul,Unistalda,Unistalda - Rio Grande do Sul,,,,,,,,,,,,,,
4322400,Rio Grande do Sul,Uruguaiana,Uruguaiana - Rio Grande do Sul,,,,,,,,,,,,,,
4322509,Rio Grande do Sul,Vacaria,Vacaria - Rio Grande do Sul,,,,,,,,,,,,,,
4322533,Rio Grande do Sul,Vale do Sol,Vale do Sol - Rio Grande do Sul,,,,,,,,,,,,,,
4322541,Rio Grande do Sul,Vale Real,Vale Real - Rio Grande do Sul,,,,,,,,,,,,,,
4322525,Rio Grande do Sul,Vale Verde,Vale Verde - Rio Grande do Sul,,,,,,,,,,,,,,
4322558,Rio Grande do Sul,Vanini,Vanini - Rio Grande do Sul,,,,,,,,,,,,,,
4322608,Rio Grande do Sul,Venâncio Aires,Venâncio Aires - Rio Grande do Sul,,,,,,,,,,,,,,
4322707,Rio Grande do Sul,Vera Cruz,Vera Cruz - Rio Grande do Sul,,,,,,,,,,,,,,
4322806,Rio Grande do Sul,Veranópolis,Veranópolis - Rio Grande do Sul,,,,,,,,,,,,,,
4322855,Rio Grande do Sul,Vespasiano Corrêa,Vespasiano Corrêa - Rio Grande do Sul,,,,,,,,,,,,,,
4322905,Rio Grande do Sul,Viadutos,Viadutos - Rio Grande do Sul,,,,,,,,,,,,,,
4323002,Rio Grande do Sul,Viamão,Viamão - Rio Grande do Sul,,,,,,,,,,,,,,
4323101,Rio Grande do Sul,Vicente Dutra,Vicente Dutra - Rio Grande do Sul,,,,,,,,,,,,,,
4323200,Rio Grande do Sul,Victor Graeff,Victor Graeff - Rio Grande do Sul,,,,,,,,,,,,,,
4323309,Rio Grande do Sul,Vila Flores,Vila Flores - Rio Grande do Sul,,,,,,,,,,,,,,
4323358,Rio Grande do Sul,Vila Lângaro,Vila Lângaro - Rio Grande do Sul,,,,,,,,,,,,,,
4323408,Rio Grande do Sul,Vila Maria,Vila Maria - Rio Grande do Sul,,,,,,,,,,,,,,
4323457,Rio Grande do Sul,Vila Nova do Sul,Vila Nova do Sul - Rio Grande do Sul,,,,,,,,,,,,,,
4323507,Rio Grande do Sul,Vista Alegre,Vista Alegre - Rio Grande do Sul,,,,,,,,,,,,,,
4323606,Rio Grande do Sul,Vista Alegre do Prata,Vista Alegre do Prata - Rio Grande do Sul,,,,,,,,,,,,,,
4323705,Rio Grande do Sul,Vista Gaúcha,Vista Gaúcha - Rio Grande do Sul,,,,,,,,,,,,,,
4323754,Rio Grande do Sul,Vitória das Missões,Vitória das Missões - Rio Grande do Sul,,,,,,,,,,,,,,
4323770,Rio Grande do Sul,Westfália,Westfália - Rio Grande do Sul,,,,,,,,,,,,,,
4323804,Rio Grande do Sul,Xangri-lá,Xangri-lá - Rio Grande do Sul,,,,,,,,,,,,,,
5000203,Mato Grosso do Sul,Água Clara,Água Clara - Mato Grosso do Sul,,,,,,,,,,,,,,
5000252,Mato Grosso do Sul,Alcinópolis,Alcinópolis - Mato Grosso do Sul,,,,,,,,,,,,,,
5000609,Mato Grosso do Sul,Amambai,Amambai - Mato Grosso do Sul,,,,,,,,,,,,,,
5000708,Mato Grosso do Sul,Anastácio,Anastácio - Mato Grosso do Sul,,,,,,,,,,,,,,
5000807,Mato Grosso do Sul,Anaurilândia,Anaurilândia - Mato Grosso do Sul,,,,,,,,,,,,,,
5000856,Mato Grosso do Sul,Angélica,Angélica - Mato Grosso do Sul,,,,,,,,,,,,,,
5000906,Mato Grosso do Sul,Antônio João,Antônio João - Mato Grosso do Sul,,,,,,,,,,,,,,
5001003,Mato Grosso do Sul,Aparecida do Taboado,Aparecida do Taboado - Mato Grosso do Sul,,,,,,,,,,,,,,
5001102,Mato Grosso do Sul,Aquidauana,Aquidauana - Mato Grosso do Sul,,,,,,,,,,,,,,
5001243,Mato Grosso do Sul,Aral Moreira,Aral Moreira - Mato Grosso do Sul,,,,,,,,,,,,,,
5001508,Mato Grosso do Sul,Bandeirantes,Bandeirantes - Mato Grosso do Sul,,,,,,,,,,,,,,
5001904,Mato Grosso do Sul,Bataguassu,Bataguassu - Mato Grosso do Sul,,,,,,,,,,,,,,
5002001,Mato Grosso do Sul,Batayporã,Batayporã - Mato Grosso do Sul,,,,,,,,,,,,,,
5002100,Mato Grosso do Sul,Bela Vista,Bela Vista - Mato Grosso do Sul,,,,,,,,,,,,,,
5002159,Mato Grosso do Sul,Bodoquena,Bodoquena - Mato Grosso do Sul,,,,,,,,,,,,,,
5002209,Mato Grosso do Sul,Bonito,Bonito - Mato Grosso do Sul,,,,,,,,,,,,,,
5002308,Mato Grosso do Sul,Brasilândia,Brasilândia - Mato Grosso do Sul,,,,,,,,,,,,,,
5002407,Mato Grosso do Sul,Caarapó,Caarapó - Mato Grosso do Sul,,,,,,,,,,,,,,
5002605,Mato Grosso do Sul,Camapuã,Camapuã - Mato Grosso do Sul,,,,,,,,,,,,,,
5002704,Mato Grosso do Sul,Campo Grande,Campo Grande - Mato Grosso do Sul,,,,,,,,,,,,,,
5002803,Mato Grosso do Sul,Caracol,Caracol - Mato Grosso do Sul,,,,,,,,,,,,,,
5002902,Mato Grosso do Sul,Cassilândia,Cassilândia - Mato Grosso do Sul,,,,,,,,,,,,,,
5002951,Mato Grosso do Sul,Chapadão do Sul,Chapadão do Sul - Mato Grosso do Sul,,,,,,,,,,,,,,
5003108,Mato Grosso do Sul,Corguinho,Corguinho - Mato Grosso do Sul,,,,,,,,,,,,,,
5003157,Mato Grosso do Sul,Coronel Sapucaia,Coronel Sapucaia - Mato Grosso do Sul,,,,,,,,,,,,,,
5003207,Mato Grosso do Sul,Corumbá,Corumbá - Mato Grosso do Sul,,,,,,,,,,,,,,
5003256,Mato Grosso do Sul,Costa Rica,Costa Rica - Mato Grosso do Sul,,,,,,,,,,,,,,
5003306,Mato Grosso do Sul,Coxim,Coxim - Mato Grosso do Sul,,,,,,,,,,,,,,
5003454,Mato Grosso do Sul,Deodápolis,Deodápolis - Mato Grosso do Sul,,,,,,,,,,,,,,
5003488,Mato Grosso do Sul,Dois Irmãos do Buriti,Dois Irmãos do Buriti - Mato Grosso do Sul,,,,,,,,,,,,,,
5003504,Mato Grosso do Sul,Douradina,Douradina - Mato Grosso do Sul,,,,,,,,,,,,,,
5003702,Mato Grosso do Sul,Dourados,Dourados - Mato Grosso do Sul,,,,,,,,,,,,,,
5003751,Mato Grosso do Sul,Eldorado,Eldorado - Mato Grosso do Sul,,,,,,,,,,,,,,
5003801,Mato Grosso do Sul,Fátima do Sul,Fátima do Sul - Mato Grosso do Sul,,,,,,,,,,,,,,
5003900,Mato Grosso do Sul,Figueirão,Figueirão - Mato Grosso do Sul,,,,,,,,,,,,,,
5004007,Mato Grosso do Sul,Glória de Dourados,Glória de Dourados - Mato Grosso do Sul,,,,,,,,,,,,,,
5004106,Mato Grosso do Sul,Guia Lopes da Laguna,Guia Lopes da Laguna - Mato Grosso do Sul,,,,,,,,,,,,,,
5004304,Mato Grosso do Sul,Iguatemi,Iguatemi - Mato Grosso do Sul,,,,,,,,,,,,,,
5004403,Mato Grosso do Sul,Inocência,Inocência - Mato Grosso do Sul,,,,,,,,,,,,,,
5004502,Mato Grosso do Sul,Itaporã,Itaporã - Mato Grosso do Sul,,,,,,,,,,,,,,
5004601,Mato Grosso do Sul,Itaquiraí,Itaquiraí - Mato Grosso do Sul,,,,,,,,,,,,,,
5004700,Mato Grosso do Sul,Ivinhema,Ivinhema - Mato Grosso do Sul,,,,,,,,,,,,,,
5004809,Mato Grosso do Sul,Japorã,Japorã - Mato Grosso do Sul,,,,,,,,,,,,,,
5004908,Mato Grosso do Sul,Jaraguari,Jaraguari - Mato Grosso do Sul,,,,,,,,,,,,,,
5005004,Mato Grosso do Sul,Jardim,Jardim - Mato Grosso do Sul,,,,,,,,,,,,,,
5005103,Mato Grosso do Sul,Jateí,Jateí - Mato Grosso do Sul,,,,,,,,,,,,,,
5005152,Mato Grosso do Sul,Juti,Juti - Mato Grosso do Sul,,,,,,,,,,,,,,
5005202,Mato Grosso do Sul,Ladário,Ladário - Mato Grosso do Sul,,,,,,,,,,,,,,
5005251,Mato Grosso do Sul,Laguna Carapã,Laguna Carapã - Mato Grosso do Sul,,,,,,,,,,,,,,
5005400,Mato Grosso do Sul,Maracaju,Maracaju - Mato Grosso do Sul,,,,,,,,,,,,,,
5005608,Mato Grosso do Sul,Miranda,Miranda - Mato Grosso do Sul,,,,,,,,,,,,,,
5005681,Mato Grosso do Sul,Mundo Novo,Mundo Novo - Mato Grosso do Sul,,,,,,,,,,,,,,
5005707,Mato Grosso do Sul,Naviraí,Naviraí - Mato Grosso do Sul,,,,,,,,,,,,,,
5005806,Mato Grosso do Sul,Nioaque,Nioaque - Mato Grosso do Sul,,,,,,,,,,,,,,
5006002,Mato Grosso do Sul,Nova Alvorada do Sul,Nova Alvorada do Sul - Mato Grosso do Sul,,,,,,,,,,,,,,
5006200,Mato Grosso do Sul,Nova Andradina,Nova Andradina - Mato Grosso do Sul,,,,,,,,,,,,,,
5006259,Mato Grosso do Sul,Novo Horizonte do Sul,Novo Horizonte do Sul - Mato Grosso do Sul,,,,,,,,,,,,,,
5006275,Mato Grosso do Sul,Paraíso das Águas,Paraíso das Águas - Mato Grosso do Sul,,,,,,,,,,,,,,
5006309,Mato Grosso do Sul,Paranaíba,Paranaíba - Mato Grosso do Sul,,,,,,,,,,,,,,
5006358,Mato Grosso do Sul,Paranhos,Paranhos - Mato Grosso do Sul,,,,,,,,,,,,,,
5006408,Mato Grosso do Sul,Pedro Gomes,Pedro Gomes - Mato Grosso do Sul,,,,,,,,,,,,,,
5006606,Mato Grosso do Sul,Ponta Porã,Ponta Porã - Mato Grosso do Sul,,,,,,,,,,,,,,
5006903,Mato Grosso do Sul,Porto Murtinho,Porto Murtinho - Mato Grosso do Sul,,,,,,,,,,,,,,
5007109,Mato Grosso do Sul,Ribas do Rio Pardo,Ribas do Rio Pardo - Mato Grosso do Sul,,,,,,,,,,,,,,
5007208,Mato Grosso do Sul,Rio Brilhante,Rio Brilhante - Mato Grosso do Sul,,,,,,,,,,,,,,
5007307,Mato Grosso do Sul,Rio Negro,Rio Negro - Mato Grosso do Sul,,,,,,,,,,,,,,
5007406,Mato Grosso do Sul,Rio Verde de Mato Grosso,Rio Verde de Mato Grosso - Mato Grosso do Sul,,,,,,,,,,,,,,
5007505,Mato Grosso do Sul,Rochedo,Rochedo - Mato Grosso do Sul,,,,,,,,,,,,,,
5007554,Mato Grosso do Sul,Santa Rita do Pardo,Santa Rita do Pardo - Mato Grosso do Sul,,,,,,,,,,,,,,
5007695,Mato Grosso do Sul,São Gabriel do Oeste,São Gabriel do Oeste - Mato Grosso do Sul,,,,,,,,,,,,,,
5007802,Mato Grosso do Sul,Selvíria,Selvíria - Mato Grosso do Sul,,,,,,,,,,,,,,
5007703,Mato Grosso do Sul,Sete Quedas,Sete Quedas - Mato Grosso do Sul,,,,,,,,,,,,,,
5007901,Mato Grosso do Sul,Sidrolândia,Sidrolândia - Mato Grosso do Sul,,,,,,,,,,,,,,
5007935,Mato Grosso do Sul,Sonora,Sonora - Mato Grosso do Sul,,,,,,,,,,,,,,
5007950,Mato Grosso do Sul,Tacuru,Tacuru - Mato Grosso do Sul,,,,,,,,,,,,,,
5007976,Mato Grosso do Sul,Taquarussu,Taquarussu - Mato Grosso do Sul,,,,,,,,,,,,,,
5008008,Mato Grosso do Sul,Terenos,Terenos - Mato Grosso do Sul,,,,,,,,,,,,,,
5008305,Mato Grosso do Sul,Três Lagoas,Três Lagoas - Mato Grosso do Sul,,,,,,,,,,,,,,
5008404,Mato Grosso do Sul,Vicentina,Vicentina - Mato Grosso do Sul,,,,,,,,,,,,,,
5100102,Mato Grosso,Acorizal,Acorizal - Mato Grosso,,,,,,,,,,,,,,
5100201,Mato Grosso,Água Boa,Água Boa - Mato Grosso,,,,,,,,,,,,,,
5100250,Mato Grosso,Alta Floresta,Alta Floresta - Mato Grosso,,,,,,,,,,,,,,
5100300,Mato Grosso,Alto Araguaia,Alto Araguaia - Mato Grosso,,,,,,,,,,,,,,
5100359,Mato Grosso,Alto Boa Vista,Alto Boa Vista - Mato Grosso,,,,,,,,,,,,,,
5100409,Mato Grosso,Alto Garças,Alto Garças - Mato Grosso,,,,,,,,,,,,,,
5100508,Mato Grosso,Alto Paraguai,Alto Paraguai - Mato Grosso,,,,,,,,,,,,,,
5100607,Mato Grosso,Alto Taquari,Alto Taquari - Mato Grosso,,,,,,,,,,,,,,
5100805,Mato Grosso,Apiacás,Apiacás - Mato Grosso,,,,,,,,,,,,,,
5101001,Mato Grosso,Araguaiana,Araguaiana - Mato Grosso,,,,,,,,,,,,,,
5101209,Mato Grosso,Araguainha,Araguainha - Mato Grosso,,,,,,,,,,,,,,
5101258,Mato Grosso,Araputanga,Araputanga - Mato Grosso,,,,,,,,,,,,,,
5101308,Mato Grosso,Arenápolis,Arenápolis - Mato Grosso,,,,,,,,,,,,,,
5101407,Mato Grosso,Aripuanã,Aripuanã - Mato Grosso,,,,,,,,,,,,,,
5101605,Mato Grosso,Barão de Melgaço,Barão de Melgaço - Mato Grosso,,,,,,,,,,,,,,
5101704,Mato Grosso,Barra do Bugres,Barra do Bugres - Mato Grosso,,,,,,,,,,,,,,
5101803,Mato Grosso,Barra do Garças,Barra do Garças - Mato Grosso,,,,,,,,,,,,,,
5101837,Mato Grosso,Boa Esperança do Norte,Boa Esperança do Norte - Mato Grosso,,,,,,,,,,,,,,
5101852,Mato Grosso,Bom Jesus do Araguaia,Bom Jesus do Araguaia - Mato Grosso,,,,,,,,,,,,,,
5101902,Mato Grosso,Brasnorte,Brasnorte - Mato Grosso,,,,,,,,,,,,,,
5102504,Mato Grosso,Cáceres,Cáceres - Mato Grosso,,,,,,,,,,,,,,
5102603,Mato Grosso,Campinápolis,Campinápolis - Mato Grosso,,,,,,,,,,,,,,
5102637,Mato Grosso,Campo Novo do Parecis,Campo Novo do Parecis - Mato Grosso,,,,,,,,,,,,,,
5102678,Mato Grosso,Campo Verde,Campo Verde - Mato Grosso,,,,,,,,,,,,,,
5102686,Mato Grosso,Campos de Júlio,Campos de Júlio - Mato Grosso,,,,,,,,,,,,,,
5102694,Mato Grosso,Canabrava do Norte,Canabrava do Norte - Mato Grosso,,,,,,,,,,,,,,
5102702,Mato Grosso,Canarana,Canarana - Mato Grosso,,,,,,,,,,,,,,
5102793,Mato Grosso,Carlinda,Carlinda - Mato Grosso,,,,,,,,,,,,,,
5102850,Mato Grosso,Castanheira,Castanheira - Mato Grosso,,,,,,,,,,,,,,
5103007,Mato Grosso,Chapada dos Guimarães,Chapada dos Guimarães - Mato Grosso,,,,,,,,,,,,,,
5103056,Mato Grosso,Cláudia,Cláudia - Mato Grosso,,,,,,,,,,,,,,
5103106,Mato Grosso,Cocalinho,Cocalinho - Mato Grosso,,,,,,,,,,,,,,
5103205,Mato Grosso,Colíder,Colíder - Mato Grosso,,,,,,,,,,,,,,
5103254,Mato Grosso,Colniza,Colniza - Mato Grosso,,,,,,,,,,,,,,
5103304,Mato Grosso,Comodoro,Comodoro - Mato Grosso,,,,,,,,,,,,,,
5103353,Mato Grosso,Confresa,Confresa - Mato Grosso,,,,,,,,,,,,,,
5103361,Mato Grosso,Conquista D'Oeste,Conquista D'Oeste - Mato Grosso,,,,,,,,,,,,,,
5103379,Mato Grosso,Cotriguaçu,Cotriguaçu - Mato Grosso,,,,,,,,,,,,,,
5103403,Mato Grosso,Cuiabá,Cuiabá - Mato Grosso,,,,,,,,,,,,,,
5103437,Mato Grosso,Curvelândia,Curvelândia - Mato Grosso,,,,,,,,,,,,,,
5103452,Mato Grosso,Denise,Denise - Mato Grosso,,,,,,,,,,,,,,
5103502,Mato Grosso,Diamantino,Diamantino - Mato Grosso,,,,,,,,,,,,,,
5103601,Mato Grosso,Dom Aquino,Dom Aquino - Mato Grosso,,,,,,,,,,,,,,
5103700,Mato Grosso,Feliz Natal,Feliz Natal - Mato Grosso,,,,,,,,,,,,,,
5103809,Mato Grosso,Figueirópolis D'Oeste,Figueirópolis D'Oeste - Mato Grosso,,,,,,,,,,,,,,
5103858,Mato Grosso,Gaúcha do Norte,Gaúcha do Norte - Mato Grosso,,,,,,,,,,,,,,
5103908,Mato Grosso,General Carneiro,General Carneiro - Mato Grosso,,,,,,,,,,,,,,
5103957,Mato Grosso,Glória D'Oeste,Glória D'Oeste - Mato Grosso,,,,,,,,,,,,,,
5104104,Mato Grosso,Guarantã do Norte,Guarantã do Norte - Mato Grosso,,,,,,,,,,,,,,
5104203,Mato Grosso,Guiratinga,Guiratinga - Mato Grosso,,,,,,,,,,,,,,
5104500,Mato Grosso,Indiavaí,Indiavaí - Mato Grosso,,,,,,,,,,,,,,
5104526,Mato Grosso,Ipiranga do Norte,Ipiranga do Norte - Mato Grosso,,,,,,,,,,,,,,
5104542,Mato Grosso,Itanhangá,Itanhangá - Mato Grosso,,,,,,,,,,,,,,
5104559,Mato Grosso,Itaúba,Itaúba - Mato Grosso,,,,,,,,,,,,,,
5104609,Mato Grosso,Itiquira,Itiquira - Mato Grosso,,,,,,,,,,,,,,
5104807,Mato Grosso,Jaciara,Jaciara - Mato Grosso,,,,,,,,,,,,,,
5104906,Mato Grosso,Jangada,Jangada - Mato Grosso,,,,,,,,,,,,,,
5105002,Mato Grosso,Jauru,Jauru - Mato Grosso,,,,,,,,,,,,,,
5105101,Mato Grosso,Juara,Juara - Mato Grosso,,,,,,,,,,,,,,
5105150,Mato Grosso,Juína,Juína - Mato Grosso,,,,,,,,,,,,,,
5105176,Mato Grosso,Juruena,Juruena - Mato Grosso,,,,,,,,,,,,,,
5105200,Mato Grosso,Juscimeira,Juscimeira - Mato Grosso,,,,,,,,,,,,,,
5105234,Mato Grosso,Lambari D'Oeste,Lambari D'Oeste - Mato Grosso,,,,,,,,,,,,,,
5105259,Mato Grosso,Lucas do Rio Verde,Lucas do Rio Verde - Mato Grosso,,,,,,,,,,,,,,
5105309,Mato Grosso,Luciara,Luciara - Mato Grosso,,,,,,,,,,,,,,
5105580,Mato Grosso,Marcelândia,Marcelândia - Mato Grosso,,,,,,,,,,,,,,
5105606,Mato Grosso,Matupá,Matupá - Mato Grosso,,,,,,,,,,,,,,
5105622,Mato Grosso,Mirassol d'Oeste,Mirassol d'Oeste - Mato Grosso,,,,,,,,,,,,,,
5105903,Mato Grosso,Nobres,Nobres - Mato Grosso,,,,,,,,,,,,,,
5106000,Mato Grosso,Nortelândia,Nortelândia - Mato Grosso,,,,,,,,,,,,,,
5106109,Mato Grosso,Nossa Senhora do Livramento,Nossa Senhora do Livramento - Mato Grosso,,,,,,,,,,,,,,
5106158,Mato Grosso,Nova Bandeirantes,Nova Bandeirantes - Mato Grosso,,,,,,,,,,,,,,
5106208,Mato Grosso,Nova Brasilândia,Nova Brasilândia - Mato Grosso,,,,,,,,,,,,,,
5106216,Mato Grosso,Nova Canaã do Norte,Nova Canaã do Norte - Mato Grosso,,,,,,,,,,,,,,
5108808,Mato Grosso,Nova Guarita,Nova Guarita - Mato Grosso,,,,,,,,,,,,,,
5106182,Mato Grosso,Nova Lacerda,Nova Lacerda - Mato Grosso,,,,,,,,,,,,,,
5108857,Mato Grosso,Nova Marilândia,Nova Marilândia - Mato Grosso,,,,,,,,,,,,,,
5108907,Mato Grosso,Nova Maringá,Nova Maringá - Mato Grosso,,,,,,,,,,,,,,
5108956,Mato Grosso,Nova Monte Verde,Nova Monte Verde - Mato Grosso,,,,,,,,,,,,,,
5106224,Mato Grosso,Nova Mutum,Nova Mutum - Mato Grosso,,,,,,,,,,,,,,
5106174,Mato Grosso,Nova Nazaré,Nova Nazaré - Mato Grosso,,,,,,,,,,,,,,
5106232,Mato Grosso,Nova Olímpia,Nova Olímpia - Mato Grosso,,,,,,,,,,,,,,
5106190,Mato Grosso,Nova Santa Helena,Nova Santa Helena - Mato Grosso,,,,,,,,,,,,,,
5106240,Mato Grosso,Nova Ubiratã,Nova Ubiratã - Mato Grosso,,,,,,,,,,,,,,
5106257,Mato Grosso,Nova Xavantina,Nova Xavantina - Mato Grosso,,,,,,,,,,,,,,
5106273,Mato Grosso,Novo Horizonte do Norte,Novo Horizonte do Norte - Mato Grosso,,,,,,,,,,,,,,
5106265,Mato Grosso,Novo Mundo,Novo Mundo - Mato Grosso,,,,,,,,,,,,,,
5106315,Mato Grosso,Novo Santo Antônio,Novo Santo Antônio - Mato Grosso,,,,,,,,,,,,,,
5106281,Mato Grosso,Novo São Joaquim,Novo São Joaquim - Mato Grosso,,,,,,,,,,,,,,
5106299,Mato Grosso,Paranaíta,Paranaíta - Mato Grosso,,,,,,,,,,,,,,
5106307,Mato Grosso,Paranatinga,Paranatinga - Mato Grosso,,,,,,,,,,,,,,
5106372,Mato Grosso,Pedra Preta,Pedra Preta - Mato Grosso,,,,,,,,,,,,,,
5106422,Mato Grosso,Peixoto de Azevedo,Peixoto de Azevedo - Mato Grosso,,,,,,,,,,,,,,
5106455,Mato Grosso,Planalto da Serra,Planalto da Serra - Mato Grosso,,,,,,,,,,,,,,
5106505,Mato Grosso,Poconé,Poconé - Mato Grosso,,,,,,,,,,,,,,
5106653,Mato Grosso,Pontal do Araguaia,Pontal do Araguaia - Mato Grosso,,,,,,,,,,,,,,
5106703,Mato Grosso,Ponte Branca,Ponte Branca - Mato Grosso,,,,,,,,,,,,,,
5106752,Mato Grosso,Pontes e Lacerda,Pontes e Lacerda - Mato Grosso,,,,,,,,,,,,,,
5106778,Mato Grosso,Porto Alegre do Norte,Porto Alegre do Norte - Mato Grosso,,,,,,,,,,,,,,
5106802,Mato Grosso,Porto dos Gaúchos,Porto dos Gaúchos - Mato Grosso,,,,,,,,,,,,,,
5106828,Mato Grosso,Porto Esperidião,Porto Esperidião - Mato Grosso,,,,,,,,,,,,,,
5106851,Mato Grosso,Porto Estrela,Porto Estrela - Mato Grosso,,,,,,,,,,,,,,
5107008,Mato Grosso,Poxoréu,Poxoréu - Mato Grosso,,,,,,,,,,,,,,
5107040,Mato Grosso,Primavera do Leste,Primavera do Leste - Mato Grosso,,,,,,,,,,,,,,
5107065,Mato Grosso,Querência,Querência - Mato Grosso,,,,,,,,,,,,,,
5107156,Mato Grosso,Reserva do Cabaçal,Reserva do Cabaçal - Mato Grosso,,,,,,,,,,,,,,
5107180,Mato Grosso,Ribeirão Cascalheira,Ribeirão Cascalheira - Mato Grosso,,,,,,,,,,,,,,
5107198,Mato Grosso,Ribeirãozinho,Ribeirãozinho - Mato Grosso,,,,,,,,,,,,,,
5107206,Mato Grosso,Rio Branco,Rio Branco - Mato Grosso,,,,,,,,,,,,,,
5107578,Mato Grosso,Rondolândia,Rondolândia - Mato Grosso,,,,,,,,,,,,,,
5107602,Mato Grosso,Rondonópolis,Rondonópolis - Mato Grosso,,,,,,,,,,,,,,
5107701,Mato Grosso,Rosário Oeste,Rosário Oeste - Mato Grosso,,,,,,,,,,,,,,
5107750,Mato Grosso,Salto do Céu,Salto do Céu - Mato Grosso,,,,,,,,,,,,,,
5107248,Mato Grosso,Santa Carmem,Santa Carmem - Mato Grosso,,,,,,,,,,,,,,
5107743,Mato Grosso,Santa Cruz do Xingu,Santa Cruz do Xingu - Mato Grosso,,,,,,,,,,,,,,
5107768,Mato Grosso,Santa Rita do Trivelato,Santa Rita do Trivelato - Mato Grosso,,,,,,,,,,,,,,
5107776,Mato Grosso,Santa Terezinha,Santa Terezinha - Mato Grosso,,,,,,,,,,,,,,
5107263,Mato Grosso,Santo Afonso,Santo Afonso - Mato Grosso,,,,,,,,,,,,,,
5107800,Mato Grosso,Santo Antônio de Leverger,Santo Antônio de Leverger - Mato Grosso,,,,,,,,,,,,,,
5107792,Mato Grosso,Santo Antônio do Leste,Santo Antônio do Leste - Mato Grosso,,,,,,,,,,,,,,
5107859,Mato Grosso,São Félix do Araguaia,São Félix do Araguaia - Mato Grosso,,,,,,,,,,,,,,
5107297,Mato Grosso,São José do Povo,São José do Povo - Mato Grosso,,,,,,,,,,,,,,
5107305,Mato Grosso,São José do Rio Claro,São José do Rio Claro - Mato Grosso,,,,,,,,,,,,,,
5107354,Mato Grosso,São José do Xingu,São José do Xingu - Mato Grosso,,,,,,,,,,,,,,
5107107,Mato Grosso,São José dos Quatro Marcos,São José dos Quatro Marcos - Mato Grosso,,,,,,,,,,,,,,
5107404,Mato Grosso,São Pedro da Cipa,São Pedro da Cipa - Mato Grosso,,,,,,,,,,,,,,
5107875,Mato Grosso,Sapezal,Sapezal - Mato Grosso,,,,,,,,,,,,,,
5107883,Mato Grosso,Serra Nova Dourada,Serra Nova Dourada - Mato Grosso,,,,,,,,,,,,,,
5107909,Mato Grosso,Sinop,Sinop - Mato Grosso,,,,,,,,,,,,,,
5107925,Mato Grosso,Sorriso,Sorriso - Mato Grosso,,,,,,,,,,,,,,
5107941,Mato Grosso,Tabaporã,Tabaporã - Mato Grosso,,,,,,,,,,,,,,
5107958,Mato Grosso,Tangará da Serra,Tangará da Serra - Mato Grosso,,,,,,,,,,,,,,
5108006,Mato Grosso,Tapurah,Tapurah - Mato Grosso,,,,,,,,,,,,,,
5108055,Mato Grosso,Terra Nova do Norte,Terra Nova do Norte - Mato Grosso,,,,,,,,,,,,,,
5108105,Mato Grosso,Tesouro,Tesouro - Mato Grosso,,,,,,,,,,,,,,
5108204,Mato Grosso,Torixoréu,Torixoréu - Mato Grosso,,,,,,,,,,,,,,
5108303,Mato Grosso,União do Sul,União do Sul - Mato Grosso,,,,,,,,,,,,,,
5108352,Mato Grosso,Vale de São Domingos,Vale de São Domingos - Mato Grosso,,,,,,,,,,,,,,
5108402,Mato Grosso,Várzea Grande,Várzea Grande - Mato Grosso,,,,,,,,,,,,,,
5108501,Mato Grosso,Vera,Vera - Mato Grosso,,,,,,,,,,,,,,
5105507,Mato Grosso,Vila Bela da Santíssima Trindade,Vila Bela da Santíssima Trindade - Mato Grosso,,,,,,,,,,,,,,
5108600,Mato Grosso,Vila Rica,Vila Rica - Mato Grosso,,,,,,,,,,,,,,
5200050,Goiás,Abadia de Goiás,Abadia de Goiás - Goiás,,,,,,,,,,,,,,
5200100,Goiás,Abadiânia,Abadiânia - Goiás,,,,,,,,,,,,,,
5200134,Goiás,Acreúna,Acreúna - Goiás,,,,,,,,,,,,,,
5200159,Goiás,Adelândia,Adelândia - Goiás,,,,,,,,,,,,,,
5200175,Goiás,Água Fria de Goiás,Água Fria de Goiás - Goiás,,,,,,,,,,,,,,
5200209,Goiás,Água Limpa,Água Limpa - Goiás,,,,,,,,,,,,,,
5200258,Goiás,Águas Lindas de Goiás,Águas Lindas de Goiás - Goiás,,,,,,,,,,,,,,
5200308,Goiás,Alexânia,Alexânia - Goiás,,,,,,,,,,,,,,
5200506,Goiás,Aloândia,Aloândia - Goiás,,,,,,,,,,,,,,
5200555,Goiás,Alto Horizonte,Alto Horizonte - Goiás,,,,,,,,,,,,,,
5200605,Goiás,Alto Paraíso de Goiás,Alto Paraíso de Goiás - Goiás,,,,,,,,,,,,,,
5200803,Goiás,Alvorada do Norte,Alvorada do Norte - Goiás,,,,,,,,,,,,,,
5200829,Goiás,Amaralina,Amaralina - Goiás,,,,,,,,,,,,,,
5200852,Goiás,Americano do Brasil,Americano do Brasil - Goiás,,,,,,,,,,,,,,
5200902,Goiás,Amorinópolis,Amorinópolis - Goiás,,,,,,,,,,,,,,
5201108,Goiás,Anápolis,Anápolis - Goiás,,,,,,,,,,,,,,
5201207,Goiás,Anhanguera,Anhanguera - Goiás,,,,,,,,,,,,,,
5201306,Goiás,Anicuns,Anicuns - Goiás,,,,,,,,,,,,,,
5201405,Goiás,Aparecida de Goiânia,Aparecida de Goiânia - Goiás,,,,,,,,,,,,,,
5201454,Goiás,Aparecida do Rio Doce,Aparecida do Rio Doce - Goiás,,,,,,,,,,,,,,
5201504,Goiás,Aporé,Aporé - Goiás,,,,,,,,,,,,,,
5201603,Goiás,Araçu,Araçu - Goiás,,,,,,,,,,,,,,
5201702,Goiás,Aragarças,Aragarças - Goiás,,,,,,,,,,,,,,
5201801,Goiás,Aragoiânia,Aragoiânia - Goiás,,,,,,,,,,,,,,
5202155,Goiás,Araguapaz,Araguapaz - Goiás,,,,,,,,,,,,,,
5202353,Goiás,Arenópolis,Arenópolis - Goiás,,,,,,,,,,,,,,
5202502,Goiás,Aruanã,Aruanã - Goiás,,,,,,,,,,,,,,
5202601,Goiás,Aurilândia,Aurilândia - Goiás,,,,,,,,,,,,,,
5202809,Goiás,Avelinópolis,Avelinópolis - Goiás,,,,,,,,,,,,,,
5203104,Goiás,Baliza,Baliza - Goiás,,,,,,,,,,,,,,
5203203,Goiás,Barro Alto,Barro Alto - Goiás,,,,,,,,,,,,,,
5203302,Goiás,Bela Vista de Goiás,Bela Vista de Goiás - Goiás,,,,,,,,,,,,,,
5203401,Goiás,Bom Jardim de Goiás,Bom Jardim de Goiás - Goiás,,,,,,,,,,,,,,
5203500,Goiás,Bom Jesus de Goiás,Bom Jesus de Goiás - Goiás,,,,,,,,,,,,,,
5203559,Goiás,Bonfinópolis,Bonfinópolis - Goiás,,,,,,,,,,,,,,
5203575,Goiás,Bonópolis,Bonópolis - Goiás,,,,,,,,,,,,,,
5203609,Goiás,Brazabrantes,Brazabrantes - Goiás,,,,,,,,,,,,,,
5203807,Goiás,Britânia,Britânia - Goiás,,,,,,,,,,,,,,
5203906,Goiás,Buriti Alegre,Buriti Alegre - Goiás,,,,,,,,,,,,,,
5203939,Goiás,Buriti de Goiás,Buriti de Goiás - Goiás,,,,,,,,,,,,,,
5203962,Goiás,Buritinópolis,Buritinópolis - Goiás,,,,,,,,,,,,,,
5204003,Goiás,Cabeceiras,Cabeceiras - Goiás,,,,,,,,,,,,,,
5204102,Goiás,Cachoeira Alta,Cachoeira Alta - Goiás,,,,,,,,,,,,,,
5204201,Goiás,Cachoeira de Goiás,Cachoeira de Goiás - Goiás,,,,,,,,,,,,,,
5204250,Goiás,Cachoeira Dourada,Cachoeira Dourada - Goiás,,,,,,,,,,,,,,
5204300,Goiás,Caçu,Caçu - Goiás,,,,,,,,,,,,,,
5204409,Goiás,Caiapônia,Caiapônia - Goiás,,,,,,,,,,,,,,
5204508,Goiás,Caldas Novas,Caldas Novas - Goiás,,,,,,,,,,,,,,
5204557,Goiás,Caldazinha,Caldazinha - Goiás,,,,,,,,,,,,,,
5204607,Goiás,Campestre de Goiás,Campestre de Goiás - Goiás,,,,,,,,,,,,,,
5204656,Goiás,Campinaçu,Campinaçu - Goiás,,,,,,,,,,,,,,
5204706,Goiás,Campinorte,Campinorte - Goiás,,,,,,,,,,,,,,
5204805,Goiás,Campo Alegre de Goiás,Campo Alegre de Goiás - Goiás,,,,,,,,,,,,,,
5204854,Goiás,Campo Limpo de Goiás,Campo Limpo de Goiás - Goiás,,,,,,,,,,,,,,
5204904,Goiás,Campos Belos,Campos Belos - Goiás,,,,,,,,,,,,,,
5204953,Goiás,Campos Verdes,Campos Verdes - Goiás,,,,,,,,,,,,,,
5205000,Goiás,Carmo do Rio Verde,Carmo do Rio Verde - Goiás,,,,,,,,,,,,,,
5205059,Goiás,Castelândia,Castelândia - Goiás,,,,,,,,,,,,,,
5205109,Goiás,Catalão,Catalão - Goiás,,,,,,,,,,,,,,
5205208,Goiás,Caturaí,Caturaí - Goiás,,,,,,,,,,,,,,
5205307,Goiás,Cavalcante,Cavalcante - Goiás,,,,,,,,,,,,,,
5205406,Goiás,Ceres,Ceres - Goiás,,,,,,,,,,,,,,
5205455,Goiás,Cezarina,Cezarina - Goiás,,,,,,,,,,,,,,
5205471,Goiás,Chapadão do Céu,Chapadão do Céu - Goiás,,,,,,,,,,,,,,
5205497,Goiás,Cidade Ocidental,Cidade Ocidental - Goiás,,,,,,,,,,,,,,
5205513,Goiás,Cocalzinho de Goiás,Cocalzinho de Goiás - Goiás,,,,,,,,,,,,,,
5205521,Goiás,Colinas do Sul,Colinas do Sul - Goiás,,,,,,,,,,,,,,
5205703,Goiás,Córrego do Ouro,Córrego do Ouro - Goiás,,,,,,,,,,,,,,
5205802,Goiás,Corumbá de Goiás,Corumbá de Goiás - Goiás,,,,,,,,,,,,,,
5205901,Goiás,Corumbaíba,Corumbaíba - Goiás,,,,,,,,,,,,,,
5206206,Goiás,Cristalina,Cristalina - Goiás,,,,,,,,,,,,,,
5206305,Goiás,Cristianópolis,Cristianópolis - Goiás,,,,,,,,,,,,,,
5206404,Goiás,Crixás,Crixás - Goiás,,,,,,,,,,,,,,
5206503,Goiás,Cromínia,Cromínia - Goiás,,,,,,,,,,,,,,
5206602,Goiás,Cumari,Cumari - Goiás,,,,,,,,,,,,,,
5206701,Goiás,Damianópolis,Damianópolis - Goiás,,,,,,,,,,,,,,
5206800,Goiás,Damolândia,Damolândia - Goiás,,,,,,,,,,,,,,
5206909,Goiás,Davinópolis,Davinópolis - Goiás,,,,,,,,,,,,,,
5207105,Goiás,Diorama,Diorama - Goiás,,,,,,,,,,,,,,
5208301,Goiás,Divinópolis de Goiás,Divinópolis de Goiás - Goiás,,,,,,,,,,,,,,
5207253,Goiás,Doverlândia,Doverlândia - Goiás,,,,,,,,,,,,,,
5207352,Goiás,Edealina,Edealina - Goiás,,,,,,,,,,,,,,
5207402,Goiás,Edéia,Edéia - Goiás,,,,,,,,,,,,,,
5207501,Goiás,Estrela do Norte,Estrela do Norte - Goiás,,,,,,,,,,,,,,
5207535,Goiás,Faina,Faina - Goiás,,,,,,,,,,,,,,
5207600,Goiás,Fazenda Nova,Fazenda Nova - Goiás,,,,,,,,,,,,,,
5207808,Goiás,Firminópolis,Firminópolis - Goiás,,,,,,,,,,,,,,
5207907,Goiás,Flores de Goiás,Flores de Goiás - Goiás,,,,,,,,,,,,,,
5208004,Goiás,Formosa,Formosa - Goiás,,,,,,,,,,,,,,
5208103,Goiás,Formoso,Formoso - Goiás,,,,,,,,,,,,,,
5208152,Goiás,Gameleira de Goiás,Gameleira de Goiás - Goiás,,,,,,,,,,,,,,
5208400,Goiás,Goianápolis,Goianápolis - Goiás,,,,,,,,,,,,,,
5208509,Goiás,Goiandira,Goiandira - Goiás,,,,,,,,,,,,,,
5208608,Goiás,Goianésia,Goianésia - Goiás,,,,,,,,,,,,,,
5208707,Goiás,Goiânia,Goiânia - Goiás,,,,,,,,,,,,,,
5208806,Goiás,Goianira,Goianira - Goiás,,,,,,,,,,,,,,
5208905,Goiás,Goiás,Goiás - Goiás,,,,,,,,,,,,,,
5209101,Goiás,Goiatuba,Goiatuba - Goiás,,,,,,,,,,,,,,
5209150,Goiás,Gouvelândia,Gouvelândia - Goiás,,,,,,,,,,,,,,
5209200,Goiás,Guapó,Guapó - Goiás,,,,,,,,,,,,,,
5209291,Goiás,Guaraíta,Guaraíta - Goiás,,,,,,,,,,,,,,
5209408,Goiás,Guarani de Goiás,Guarani de Goiás - Goiás,,,,,,,,,,,,,,
5209457,Goiás,Guarinos,Guarinos - Goiás,,,,,,,,,,,,,,
5209606,Goiás,Heitoraí,Heitoraí - Goiás,,,,,,,,,,,,,,
5209705,Goiás,Hidrolândia,Hidrolândia - Goiás,,,,,,,,,,,,,,
5209804,Goiás,Hidrolina,Hidrolina - Goiás,,,,,,,,,,,,,,
5209903,Goiás,Iaciara,Iaciara - Goiás,,,,,,,,,,,,,,
5209937,Goiás,Inaciolândia,Inaciolândia - Goiás,,,,,,,,,,,,,,
5209952,Goiás,Indiara,Indiara - Goiás,,,,,,,,,,,,,,
5210000,Goiás,Inhumas,Inhumas - Goiás,,,,,,,,,,,,,,
5210109,Goiás,Ipameri,Ipameri - Goiás,,,,,,,,,,,,,,
5210158,Goiás,Ipiranga de Goiás,Ipiranga de Goiás - Goiás,,,,,,,,,,,,,,
5210208,Goiás,Iporá,Iporá - Goiás,,,,,,,,,,,,,,
5210307,Goiás,Israelândia,Israelândia - Goiás,,,,,,,,,,,,,,
5210406,Goiás,Itaberaí,Itaberaí - Goiás,,,,,,,,,,,,,,
5210562,Goiás,Itaguari,Itaguari - Goiás,,,,,,,,,,,,,,
5210604,Goiás,Itaguaru,Itaguaru - Goiás,,,,,,,,,,,,,,
5210802,Goiás,Itajá,Itajá - Goiás,,,,,,,,,,,,,,
5210901,Goiás,Itapaci,Itapaci - Goiás,,,,,,,,,,,,,,
5211008,Goiás,Itapirapuã,Itapirapuã - Goiás,,,,,,,,,,,,,,
5211206,Goiás,Itapuranga,Itapuranga - Goiás,,,,,,,,,,,,,,
5211305,Goiás,Itarumã,Itarumã - Goiás,,,,,,,,,,,,,,
5211404,Goiás,Itauçu,Itauçu - Goiás,,,,,,,,,,,,,,
5211503,Goiás,Itumbiara,Itumbiara - Goiás,,,,,,,,,,,,,,
5211602,Goiás,Ivolândia,Ivolândia - Goiás,,,,,,,,,,,,,,
5211701,Goiás,Jandaia,Jandaia - Goiás,,,,,,,,,,,,,,
5211800,Goiás,Jaraguá,Jaraguá - Goiás,,,,,,,,,,,,,,
5211909,Goiás,Jataí,Jataí - Goiás,,,,,,,,,,,,,,
5212006,Goiás,Jaupaci,Jaupaci - Goiás,,,,,,,,,,,,,,
5212055,Goiás,Jesúpolis,Jesúpolis - Goiás,,,,,,,,,,,,,,
5212105,Goiás,Joviânia,Joviânia - Goiás,,,,,,,,,,,,,,
5212204,Goiás,Jussara,Jussara - Goiás,,,,,,,,,,,,,,
5212253,Goiás,Lagoa Santa,Lagoa Santa - Goiás,,,,,,,,,,,,,,
5212303,Goiás,Leopoldo de Bulhões,Leopoldo de Bulhões - Goiás,,,,,,,,,,,,,,
5212501,Goiás,Luziânia,Luziânia - Goiás,,,,,,,,,,,,,,
5212600,Goiás,Mairipotaba,Mairipotaba - Goiás,,,,,,,,,,,,,,
5212709,Goiás,Mambaí,Mambaí - Goiás,,,,,,,,,,,,,,
5212808,Goiás,Mara Rosa,Mara Rosa - Goiás,,,,,,,,,,,,,,
5212907,Goiás,Marzagão,Marzagão - Goiás,,,,,,,,,,,,,,
5212956,Goiás,Matrinchã,Matrinchã - Goiás,,,,,,,,,,,,,,
5213004,Goiás,Maurilândia,Maurilândia - Goiás,,,,,,,,,,,,,,
5213053,Goiás,Mimoso de Goiás,Mimoso de Goiás - Goiás,,,,,,,,,,,,,,
5213087,Goiás,Minaçu,Minaçu - Goiás,,,,,,,,,,,,,,
5213103,Goiás,Mineiros,Mineiros - Goiás,,,,,,,,,,,,,,
5213400,Goiás,Moiporá,Moiporá - Goiás,,,,,,,,,,,,,,
5213509,Goiás,Monte Alegre de Goiás,Monte Alegre de Goiás - Goiás,,,,,,,,,,,,,,
5213707,Goiás,Montes Claros de Goiás,Montes Claros de Goiás - Goiás,,,,,,,,,,,,,,
5213756,Goiás,Montividiu,Montividiu - Goiás,,,,,,,,,,,,,,
5213772,Goiás,Montividiu do Norte,Montividiu do Norte - Goiás,,,,,,,,,,,,,,
5213806,Goiás,Morrinhos,Morrinhos - Goiás,,,,,,,,,,,,,,
5213855,Goiás,Morro Agudo de Goiás,Morro Agudo de Goiás - Goiás,,,,,,,,,,,,,,
5213905,Goiás,Mossâmedes,Mossâmedes - Goiás,,,,,,,,,,,,,,
5214002,Goiás,Mozarlândia,Mozarlândia - Goiás,,,,,,,,,,,,,,
5214051,Goiás,Mundo Novo,Mundo Novo - Goiás,,,,,,,,,,,,,,
5214101,Goiás,Mutunópolis,Mutunópolis - Goiás,,,,,,,,,,,,,,
5214408,Goiás,Nazário,Nazário - Goiás,,,,,,,,,,,,,,
5214507,Goiás,Nerópolis,Nerópolis - Goiás,,,,,,,,,,,,,,
5214606,Goiás,Niquelândia,Niquelândia - Goiás,,,,,,,,,,,,,,
5214705,Goiás,Nova América,Nova América - Goiás,,,,,,,,,,,,,,
5214804,Goiás,Nova Aurora,Nova Aurora - Goiás,,,,,,,,,,,,,,
5214838,Goiás,Nova Crixás,Nova Crixás - Goiás,,,,,,,,,,,,,,
5214861,Goiás,Nova Glória,Nova Glória - Goiás,,,,,,,,,,,,,,
5214879,Goiás,Nova Iguaçu de Goiás,Nova Iguaçu de Goiás - Goiás,,,,,,,,,,,,,,
5214903,Goiás,Nova Roma,Nova Roma - Goiás,,,,,,,,,,,,,,
5215009,Goiás,Nova Veneza,Nova Veneza - Goiás,,,,,,,,,,,,,,
5215207,Goiás,Novo Brasil,Novo Brasil - Goiás,,,,,,,,,,,,,,
5215231,Goiás,Novo Gama,Novo Gama - Goiás,,,,,,,,,,,,,,
5215256,Goiás,Novo Planalto,Novo Planalto - Goiás,,,,,,,,,,,,,,
5215306,Goiás,Orizona,Orizona - Goiás,,,,,,,,,,,,,,
5215405,Goiás,Ouro Verde de Goiás,Ouro Verde de Goiás - Goiás,,,,,,,,,,,,,,
5215504,Goiás,Ouvidor,Ouvidor - Goiás,,,,,,,,,,,,,,
5215603,Goiás,Padre Bernardo,Padre Bernardo - Goiás,,,,,,,,,,,,,,
5215652,Goiás,Palestina de Goiás,Palestina de Goiás - Goiás,,,,,,,,,,,,,,
5215702,Goiás,Palmeiras de Goiás,Palmeiras de Goiás - Goiás,,,,,,,,,,,,,,
5215801,Goiás,Palmelo,Palmelo - Goiás,,,,,,,,,,,,,,
5215900,Goiás,Palminópolis,Palminópolis - Goiás,,,,,,,,,,,,,,
5216007,Goiás,Panamá,Panamá - Goiás,,,,,,,,,,,,,,
5216304,Goiás,Paranaiguara,Paranaiguara - Goiás,,,,,,,,,,,,,,
5216403,Goiás,Paraúna,Paraúna - Goiás,,,,,,,,,,,,,,
5216452,Goiás,Perolândia,Perolândia - Goiás,,,,,,,,,,,,,,
5216809,Goiás,Petrolina de Goiás,Petrolina de Goiás - Goiás,,,,,,,,,,,,,,
5216908,Goiás,Pilar de Goiás,Pilar de Goiás - Goiás,,,,,,,,,,,,,,
5217104,Goiás,Piracanjuba,Piracanjuba - Goiás,,,,,,,,,,,,,,
5217203,Goiás,Piranhas,Piranhas - Goiás,,,,,,,,,,,,,,
5217302,Goiás,Pirenópolis,Pirenópolis - Goiás,,,,,,,,,,,,,,
5217401,Goiás,Pires do Rio,Pires do Rio - Goiás,,,,,,,,,,,,,,
5217609,Goiás,Planaltina,Planaltina - Goiás,,,,,,,,,,,,,,
5217708,Goiás,Pontalina,Pontalina - Goiás,,,,,,,,,,,,,,
5218003,Goiás,Porangatu,Porangatu - Goiás,,,,,,,,,,,,,,
5218052,Goiás,Porteirão,Porteirão - Goiás,,,,,,,,,,,,,,
5218102,Goiás,Portelândia,Portelândia - Goiás,,,,,,,,,,,,,,
5218300,Goiás,Posse,Posse - Goiás,,,,,,,,,,,,,,
5218391,Goiás,Professor Jamil,Professor Jamil - Goiás,,,,,,,,,,,,,,
5218508,Goiás,Quirinópolis,Quirinópolis - Goiás,,,,,,,,,,,,,,
5218607,Goiás,Rialma,Rialma - Goiás,,,,,,,,,,,,,,
5218706,Goiás,Rianápolis,Rianápolis - Goiás,,,,,,,,,,,,,,
5218789,Goiás,Rio Quente,Rio Quente - Goiás,,,,,,,,,,,,,,
5218805,Goiás,Rio Verde,Rio Verde - Goiás,,,,,,,,,,,,,,
5218904,Goiás,Rubiataba,Rubiataba - Goiás,,,,,,,,,,,,,,
5219001,Goiás,Sanclerlândia,Sanclerlândia - Goiás,,,,,,,,,,,,,,
5219100,Goiás,Santa Bárbara de Goiás,Santa Bárbara de Goiás - Goiás,,,,,,,,,,,,,,
5219209,Goiás,Santa Cruz de Goiás,Santa Cruz de Goiás - Goiás,,,,,,,,,,,,,,
5219258,Goiás,Santa Fé de Goiás,Santa Fé de Goiás - Goiás,,,,,,,,,,,,,,
5219308,Goiás,Santa Helena de Goiás,Santa Helena de Goiás - Goiás,,,,,,,,,,,,,,
5219357,Goiás,Santa Isabel,Santa Isabel - Goiás,,,,,,,,,,,,,,
5219407,Goiás,Santa Rita do Araguaia,Santa Rita do Araguaia - Goiás,,,,,,,,,,,,,,
5219456,Goiás,Santa Rita do Novo Destino,Santa Rita do Novo Destino - Goiás,,,,,,,,,,,,,,
5219506,Goiás,Santa Rosa de Goiás,Santa Rosa de Goiás - Goiás,,,,,,,,,,,,,,
5219605,Goiás,Santa Tereza de Goiás,Santa Tereza de Goiás - Goiás,,,,,,,,,,,,,,
5219704,Goiás,Santa Terezinha de Goiás,Santa Terezinha de Goiás - Goiás,,,,,,,,,,,,,,
5219712,Goiás,Santo Antônio da Barra,Santo Antônio da Barra - Goiás,,,,,,,,,,,,,,
5219738,Goiás,Santo Antônio de Goiás,Santo Antônio de Goiás - Goiás,,,,,,,,,,,,,,
5219753,Goiás,Santo Antônio do Descoberto,Santo Antônio do Descoberto - Goiás,,,,,,,,,,,,,,
5219803,Goiás,São Domingos,São Domingos - Goiás,,,,,,,,,,,,,,
5219902,Goiás,São Francisco de Goiás,São Francisco de Goiás - Goiás,,,,,,,,,,,,,,
5220058,Goiás,São João da Paraúna,São João da Paraúna - Goiás,,,,,,,,,,,,,,
5220009,Goiás,São João d'Aliança,São João d'Aliança - Goiás,,,,,,,,,,,,,,
5220108,Goiás,São Luís de Montes Belos,São Luís de Montes Belos - Goiás,,,,,,,,,,,,,,
5220157,Goiás,São Luiz do Norte,São Luiz do Norte - Goiás,,,,,,,,,,,,,,
5220207,Goiás,São Miguel do Araguaia,São Miguel do Araguaia - Goiás,,,,,,,,,,,,,,
5220264,Goiás,São Miguel do Passa Quatro,São Miguel do Passa Quatro - Goiás,,,,,,,,,,,,,,
5220280,Goiás,São Patrício,São Patrício - Goiás,,,,,,,,,,,,,,
5220405,Goiás,São Simão,São Simão - Goiás,,,,,,,,,,,,,,
5220454,Goiás,Senador Canedo,Senador Canedo - Goiás,,,,,,,,,,,,,,
5220504,Goiás,Serranópolis,Serranópolis - Goiás,,,,,,,,,,,,,,
5220603,Goiás,Silvânia,Silvânia - Goiás,,,,,,,,,,,,,,
5220686,Goiás,Simolândia,Simolândia - Goiás,,,,,,,,,,,,,,
5220702,Goiás,Sítio d'Abadia,Sítio d'Abadia - Goiás,,,,,,,,,,,,,,
5221007,Goiás,Taquaral de Goiás,Taquaral de Goiás - Goiás,,,,,,,,,,,,,,
5221080,Goiás,Teresina de Goiás,Teresina de Goiás - Goiás,,,,,,,,,,,,,,
5221197,Goiás,Terezópolis de Goiás,Terezópolis de Goiás - Goiás,,,,,,,,,,,,,,
5221304,Goiás,Três Ranchos,Três Ranchos - Goiás,,,,,,,,,,,,,,
5221403,Goiás,Trindade,Trindade - Goiás,,,,,,,,,,,,,,
5221452,Goiás,Trombas,Trombas - Goiás,,,,,,,,,,,,,,
5221502,Goiás,Turvânia,Turvânia - Goiás,,,,,,,,,,,,,,
5221551,Goiás,Turvelândia,Turvelândia - Goiás,,,,,,,,,,,,,,
5221577,Goiás,Uirapuru,Uirapuru - Goiás,,,,,,,,,,,,,,
5221601,Goiás,Uruaçu,Uruaçu - Goiás,,,,,,,,,,,,,,
5221700,Goiás,Uruana,Uruana - Goiás,,,,,,,,,,,,,,
5221809,Goiás,Urutaí,Urutaí - Goiás,,,,,,,,,,,,,,
5221858,Goiás,Valparaíso de Goiás,Valparaíso de Goiás - Goiás,,,,,,,,,,,,,,
5221908,Goiás,Varjão,Varjão - Goiás,,,,,,,,,,,,,,
5222005,Goiás,Vianópolis,Vianópolis - Goiás,,,,,,,,,,,,,,
5222054,Goiás,Vicentinópolis,Vicentinópolis - Goiás,,,,,,,,,,,,,,
5222203,Goiás,Vila Boa,Vila Boa - Goiás,,,,,,,,,,,,,,
5222302,Goiás,Vila Propício,Vila Propício - Goiás,,,,,,,,,,,,,,
5300108,Distrito Federal,Brasília,Brasília - Distrito Federal,,,,,,,,,,,,,,
